timestamp,downloadSpeed,uploadSpeed,cpuLoad,memoryUsed,memoryTotal
2025-12-23T19:24:47.872Z,0,0,undefined,13.381168365478516,15.708366394042969
2025-12-23T19:28:13.477Z,5.64139352638556,0.15812011325787265,undefined,13.86322021484375,15.708366394042969
2025-12-23T19:28:15.532Z,5.310712463025762,0.18655690530686853,undefined,13.909042358398438,15.708366394042969
2025-12-23T19:28:17.595Z,6.322705479022266,0.29414702119967984,undefined,13.959537506103516,15.708366394042969
2025-12-23T19:28:19.667Z,6.4368528205830815,0.17588829866828937,undefined,13.909820556640625,15.708366394042969
2025-12-23T19:28:21.735Z,5.682811410619461,0.15618806946248473,undefined,13.907669067382812,15.708366394042969
2025-12-23T19:28:23.862Z,5.1275322389557205,0.12074480520417512,undefined,13.924884796142578,15.708366394042969
2025-12-23T19:28:25.923Z,5.424223142616757,0.1282464252429062,undefined,13.897560119628906,15.708366394042969
2025-12-23T19:28:27.961Z,6.116983230081194,0.1551880115141803,undefined,13.957130432128906,15.708366394042969
2025-12-23T19:28:29.955Z,4.836269490691547,0.13403799950394127,undefined,14.148612976074219,15.708366394042969
2025-12-23T19:28:32.033Z,4.665679369277392,0.11641715609763705,undefined,14.155315399169922,15.708366394042969
2025-12-23T19:28:34.161Z,4.565300596984167,0.11979083144619437,undefined,14.156654357910156,15.708366394042969
2025-12-23T19:28:36.221Z,4.636346835356492,0.11467291758610651,undefined,14.1346435546875,15.708366394042969
2025-12-23T19:28:38.316Z,4.507744838546197,0.12604014200807304,undefined,14.186656951904297,15.708366394042969
2025-12-23T19:28:40.407Z,4.695249453293173,0.11660514704688428,undefined,14.349735260009766,15.708366394042969
2025-12-23T19:28:42.533Z,4.793636572891324,0.12090358328312001,undefined,14.369556427001953,15.708366394042969
2025-12-23T19:28:44.621Z,4.528553368976886,0.11362795693029638,undefined,14.35946273803711,15.708366394042969
2025-12-23T19:28:46.695Z,4.839349973092911,0.12312847395919367,undefined,14.350601196289062,15.708366394042969
2025-12-23T19:28:48.792Z,4.909524546398216,0.12870203812840694,undefined,14.355976104736328,15.708366394042969
2025-12-23T19:28:51.281Z,4.321973516968662,0.10712096683978012,undefined,14.39181900024414,15.708366394042969
2025-12-23T19:28:51.602Z,6.277351127322024,0.14807579275795016,undefined,14.411182403564453,15.708366394042969
2025-12-23T19:28:52.257Z,4.615903552112683,0.109069768631176,undefined,14.420047760009766,15.708366394042969
2025-12-23T19:28:52.279Z,6.446318463001667,0.1679209533881547,undefined,14.411373138427734,15.708366394042969
2025-12-23T19:28:53.249Z,23.954259938207166,0.5277107501852101,undefined,14.413898468017578,15.708366394042969
2025-12-23T19:28:53.275Z,3.704457748227003,0.08490608959663205,undefined,14.479660034179688,15.708366394042969
2025-12-23T19:28:54.251Z,3.2855651425867807,0.09062193233104145,undefined,14.501285552978516,15.708366394042969
2025-12-23T19:28:54.298Z,5.950484030916611,0.13066202492152096,undefined,14.540565490722656,15.708366394042969
2025-12-23T19:28:55.250Z,14.208198547363281,0.364959716796875,undefined,14.515670776367188,15.708366394042969
2025-12-23T19:28:55.252Z,3.839478478417382,0.08550993315092435,undefined,14.551105499267578,15.708366394042969
2025-12-23T19:28:56.217Z,3.960691179547991,0.09077017647879464,undefined,14.550586700439453,15.708366394042969
2025-12-23T19:28:56.284Z,7.42794672648112,0.17355600992838544,undefined,14.585941314697266,15.708366394042969
2025-12-23T19:28:57.207Z,3.108956760033629,0.06758037366365131,undefined,14.620391845703125,15.708366394042969
2025-12-23T19:28:57.226Z,32.23717212677002,0.766297181447347,undefined,14.583503723144531,15.708366394042969
2025-12-23T19:28:57.913Z,3.329758436342862,0.08132885923801143,undefined,14.578075408935547,15.708366394042969
2025-12-23T19:28:58.236Z,5.540094015114906,0.11583701851441688,undefined,14.605960845947266,15.708366394042969
2025-12-23T19:28:58.675Z,4.923522318364422,0.1478983758339894,undefined,14.65249252319336,15.708366394042969
2025-12-23T19:28:59.226Z,3.7837746631668274,0.0842278262218797,undefined,14.607791900634766,15.708366394042969
2025-12-23T19:28:59.609Z,5.127193278794379,0.11966044552288027,undefined,14.658866882324219,15.708366394042969
2025-12-23T19:29:00.243Z,3.7247397970915634,0.08588455048114359,undefined,14.680473327636719,15.708366394042969
2025-12-23T19:29:00.694Z,6.064447072836069,0.1466503510108361,undefined,14.689552307128906,15.708366394042969
2025-12-23T19:29:00.895Z,4.505279415943583,0.11422829549820697,undefined,14.661388397216797,15.708366394042969
2025-12-23T19:29:02.262Z,3.5422953647288367,0.08316892596143695,undefined,14.599590301513672,15.708366394042969
2025-12-23T19:29:02.809Z,4.555303038972797,0.10738589546897194,undefined,14.820709228515625,15.708366394042969
2025-12-23T19:29:03.329Z,5.069305405499579,0.1343436863111413,undefined,14.847358703613281,15.708366394042969
2025-12-23T19:29:03.745Z,4.8040949970210365,0.11330875781697963,undefined,14.871822357177734,15.708366394042969
2025-12-23T19:29:04.743Z,5.900471196698315,0.14994002031682774,undefined,14.856529235839844,15.708366394042969
2025-12-23T19:29:04.746Z,4.833532085722834,0.11453433025942306,undefined,14.87447738647461,15.708366394042969
2025-12-23T19:29:05.341Z,5.032415771484375,0.1312896728515625,undefined,14.930583953857422,15.708366394042969
2025-12-23T19:29:05.826Z,3.916024522551263,0.12519979604767092,undefined,14.90451431274414,15.708366394042969
2025-12-23T19:29:06.337Z,5.286274684800042,0.12191467814975315,undefined,14.936016082763672,15.708366394042969
2025-12-23T19:29:06.825Z,3.9838384990849773,0.09681370632707581,undefined,14.926593780517578,15.708366394042969
2025-12-23T19:29:07.291Z,5.366447736632149,0.13580862081275796,undefined,14.923812866210938,15.708366394042969
2025-12-23T19:29:07.770Z,5.217141053808017,0.13612762210875984,undefined,14.91933822631836,15.708366394042969
2025-12-23T19:29:08.892Z,3.6727171349578787,0.09348995200206237,undefined,14.9140625,15.708366394042969
2025-12-23T19:29:09.582Z,4.3701060380716665,0.10899959874800202,undefined,14.893878936767578,15.708366394042969
2025-12-23T19:29:10.042Z,53.556203842163086,1.2426593086936257,undefined,14.841529846191406,15.708366394042969
2025-12-23T19:29:10.464Z,3.012253993314025,0.08205480866692444,undefined,14.841812133789062,15.708366394042969
2025-12-23T19:29:11.018Z,3.12982475129097,0.07808177555648026,undefined,14.903755187988281,15.708366394042969
2025-12-23T19:29:11.441Z,5.41052922209585,0.12945493832050167,undefined,14.942157745361328,15.708366394042969
2025-12-23T19:29:11.970Z,4.872256687709263,0.09596506754557291,undefined,14.987228393554688,15.708366394042969
2025-12-23T19:29:12.372Z,5.371749118606061,0.14688166396877778,undefined,14.99435806274414,15.708366394042969
2025-12-23T19:29:12.814Z,3.843380854679988,0.08350248761505251,undefined,15.011871337890625,15.708366394042969
2025-12-23T19:29:13.301Z,5.740915171849906,0.14119893631536903,undefined,14.980121612548828,15.708366394042969
2025-12-23T19:29:13.679Z,4.910702932448614,0.13300804864792598,undefined,15.026958465576172,15.708366394042969
2025-12-23T19:29:13.753Z,36.21907961570611,0.8373260498046875,undefined,15.014781951904297,15.708366394042969
2025-12-23T19:29:14.246Z,4.859453645245782,0.12121323881478145,undefined,15.044898986816406,15.708366394042969
2025-12-23T19:29:14.572Z,4.30580980772023,0.09795630292640888,undefined,14.955490112304688,15.708366394042969
2025-12-23T19:29:15.744Z,4.960606933691641,0.1307665680347678,undefined,14.943000793457031,15.708366394042969
2025-12-23T19:29:16.239Z,4.98664516142045,0.11001784225990033,undefined,14.963165283203125,15.708366394042969
2025-12-23T19:29:16.607Z,4.629457803597127,0.09317684890632343,undefined,14.984443664550781,15.708366394042969
2025-12-23T19:29:17.757Z,4.777419643253194,0.12480408862772523,undefined,14.974285125732422,15.708366394042969
2025-12-23T19:29:18.241Z,4.870741925341018,0.12523316322488987,undefined,15.00558853149414,15.708366394042969
2025-12-23T19:29:18.405Z,4.618200432344612,0.09381244460262926,undefined,15.030525207519531,15.708366394042969
2025-12-23T19:29:19.788Z,4.617107857903131,0.11669337320670808,undefined,15.047164916992188,15.708366394042969
2025-12-23T19:29:20.292Z,4.639252849008845,0.1289740376088811,undefined,15.048225402832031,15.708366394042969
2025-12-23T19:29:21.946Z,4.340949115982975,0.10559242891978068,undefined,15.089889526367188,15.708366394042969
2025-12-23T19:29:22.571Z,4.815644775794832,0.1149619651946011,undefined,15.065654754638672,15.708366394042969
2025-12-23T19:29:23.950Z,4.846223251066636,0.1230651846561109,undefined,15.06368637084961,15.708366394042969
2025-12-23T19:29:24.214Z,5.178637923945821,0.13273469011636044,undefined,15.066520690917969,15.708366394042969
2025-12-23T19:29:24.486Z,4.904603479697951,0.1270428150393891,undefined,15.067604064941406,15.708366394042969
2025-12-23T19:29:26.452Z,4.839593214578048,0.11691639074178038,undefined,15.097496032714844,15.708366394042969
2025-12-23T19:29:27.845Z,4.741657786444363,0.11356978627915718,undefined,15.04770278930664,15.708366394042969
2025-12-23T19:29:28.482Z,5.123997896062828,0.13633413147055248,undefined,15.108665466308594,15.708366394042969
2025-12-23T19:29:30.429Z,4.824691740235407,0.10952501387631378,undefined,15.116283416748047,15.708366394042969
2025-12-23T19:29:32.317Z,4.854017752042041,0.11980626105768842,undefined,15.13540267944336,15.708366394042969
2025-12-23T19:29:34.272Z,4.819376224472666,0.11589719779210426,undefined,15.216167449951172,15.708366394042969
2025-12-23T19:29:36.262Z,4.874265789678574,0.12891652472298026,undefined,15.262386322021484,15.708366394042969
2025-12-23T19:29:37.761Z,4.896264138856927,0.12365082340586402,undefined,15.247673034667969,15.708366394042969
2025-12-23T19:29:38.090Z,5.113079862774543,0.10876685568371659,undefined,15.237895965576172,15.708366394042969
2025-12-23T19:29:39.967Z,4.790885310485081,0.1251154683486006,undefined,14.964141845703125,15.708366394042969
2025-12-23T19:29:41.824Z,4.7685657432693205,0.10419449990510811,undefined,14.984214782714844,15.708366394042969
2025-12-23T19:29:43.156Z,4.764543763974885,0.12457569296337573,undefined,15.093467712402344,15.708366394042969
2025-12-23T19:29:43.735Z,4.602472628316572,0.11018783815445439,undefined,15.140815734863281,15.708366394042969
2025-12-23T19:29:45.304Z,4.845867516859522,0.11616652866579451,undefined,15.235363006591797,15.708366394042969
2025-12-23T19:29:45.667Z,5.10145558251275,0.13027367768464265,undefined,15.109291076660156,15.708366394042969
2025-12-23T19:29:47.818Z,4.735147207185294,0.1130007989586095,undefined,14.952674865722656,15.708366394042969
2025-12-23T19:29:49.497Z,4.874879164285079,0.11099869251512788,undefined,15.082714080810547,15.708366394042969
2025-12-23T19:29:49.816Z,3.9202161582119492,0.10775658021490257,undefined,15.081184387207031,15.708366394042969
2025-12-23T19:29:51.314Z,5.042780589762118,0.12468863566962558,undefined,15.157413482666016,15.708366394042969
2025-12-23T19:29:51.563Z,4.273235604986789,0.08504058936653014,undefined,15.159854888916016,15.708366394042969
2025-12-23T19:29:53.442Z,4.830160707001723,0.12001398562851037,undefined,15.210067749023438,15.708366394042969
2025-12-23T19:29:55.324Z,4.780317871993689,0.10906488660638618,undefined,15.031219482421875,15.708366394042969
2025-12-23T19:29:57.332Z,4.737758685862197,0.11646136417714874,undefined,15.117294311523438,15.708366394042969
2025-12-23T19:29:59.207Z,4.893279872394159,0.11897050323094072,undefined,15.177597045898438,15.708366394042969
2025-12-23T19:30:00.970Z,4.7965576053981485,0.11828666754379441,undefined,15.172115325927734,15.708366394042969
2025-12-23T19:30:02.540Z,4.601422007282686,0.12068329540523792,undefined,15.214031219482422,15.708366394042969
2025-12-23T19:30:03.690Z,4.601231207212898,0.11216902488734536,undefined,14.954658508300781,15.708366394042969
2025-12-23T19:30:04.863Z,4.801796843565585,0.12524486099701582,undefined,14.885486602783203,15.708366394042969
2025-12-23T19:30:06.410Z,4.073959060862094,0.11038317459042062,undefined,14.62155532836914,15.708366394042969
2025-12-23T19:30:08.339Z,3.749602112589003,0.09161019627052017,undefined,14.581703186035156,15.708366394042969
2025-12-23T19:30:10.345Z,4.597347595091416,0.11062043501465338,undefined,14.54024887084961,15.708366394042969
2025-12-23T19:30:12.353Z,4.981544255969744,0.12362737107108508,undefined,14.34018325805664,15.708366394042969
2025-12-23T19:30:14.400Z,4.924929593948822,0.12943863223069763,undefined,14.344863891601562,15.708366394042969
2025-12-23T19:30:16.442Z,4.932115201391802,0.11615633214794614,undefined,14.348640441894531,15.708366394042969
2025-12-23T19:30:18.456Z,5.579424094393909,0.1370379649310473,undefined,14.359451293945312,15.708366394042969
2025-12-23T19:30:20.473Z,5.696689910812871,0.13689419196366198,undefined,14.330799102783203,15.708366394042969
2025-12-23T19:30:22.493Z,5.164808710162811,0.12940364237098262,undefined,14.342388153076172,15.708366394042969
2025-12-23T19:30:24.518Z,4.819693475932266,0.1274746238655776,undefined,14.322750091552734,15.708366394042969
2025-12-23T19:30:26.526Z,5.2624895453512055,0.12596758918441328,undefined,14.340999603271484,15.708366394042969
2025-12-23T19:30:28.554Z,5.13101995937408,0.1312253021058582,undefined,14.318107604980469,15.708366394042969
2025-12-23T19:30:30.549Z,5.458360409012714,0.1354217529296875,undefined,14.332477569580078,15.708366394042969
2025-12-23T19:30:32.552Z,5.159412249170169,0.1255854211672388,undefined,14.350372314453125,15.708366394042969
2025-12-23T19:30:34.515Z,5.140439491968368,0.12027999692224343,undefined,14.34731674194336,15.708366394042969
2025-12-23T19:30:36.431Z,4.879903282177211,0.1212066993109726,undefined,14.350791931152344,15.708366394042969
2025-12-23T19:30:38.339Z,5.140724758864994,0.12667132762801828,undefined,14.377944946289062,15.708366394042969
2025-12-23T19:30:40.290Z,4.943934530398924,0.1291517689634522,undefined,14.359245300292969,15.708366394042969
2025-12-23T19:30:42.244Z,5.025708789604214,0.11804737470033369,undefined,14.359596252441406,15.708366394042969
2025-12-23T19:30:44.189Z,5.530062282203202,0.1338481655110931,undefined,14.376708984375,15.708366394042969
2025-12-23T19:30:46.211Z,5.880178039397427,0.14106760072947747,undefined,14.363117218017578,15.708366394042969
2025-12-23T19:30:48.202Z,4.874004343250847,0.11941974909809308,undefined,14.355396270751953,15.708366394042969
2025-12-23T19:30:50.282Z,4.8361741397732905,0.11812187398980466,undefined,14.356983184814453,15.708366394042969
2025-12-23T19:30:52.302Z,3.606678040559627,0.09361076076806142,undefined,14.360172271728516,15.708366394042969
2025-12-23T19:30:54.340Z,1.7218937331663973,0.051315370639396944,undefined,14.369144439697266,15.708366394042969
2025-12-23T19:30:56.379Z,0.6542102862387107,0.01908003757465576,undefined,14.381668090820312,15.708366394042969
2025-12-23T19:30:58.358Z,4.853814497075202,0.11369306920585956,undefined,14.382381439208984,15.708366394042969
2025-12-23T19:31:00.344Z,5.5379765737947615,0.15491801709406378,undefined,14.37380599975586,15.708366394042969
2025-12-23T19:31:02.366Z,5.321634471150777,0.14233648216092626,undefined,14.392646789550781,15.708366394042969
2025-12-23T19:31:04.370Z,5.712087091553098,0.16942775883762354,undefined,14.391838073730469,15.708366394042969
2025-12-23T19:31:06.391Z,5.294645103809271,0.14978488050511754,undefined,14.402450561523438,15.708366394042969
2025-12-23T19:31:08.428Z,5.502485701727339,0.15478813677513628,undefined,14.403427124023438,15.708366394042969
2025-12-23T19:31:10.430Z,5.065720411775365,0.1312498423334265,undefined,14.414886474609375,15.708366394042969
2025-12-23T19:31:12.413Z,4.852997654375283,0.11866351495449873,undefined,14.423141479492188,15.708366394042969
2025-12-23T19:31:14.504Z,4.886215447672043,0.1338879503199184,undefined,14.415603637695312,15.708366394042969
2025-12-23T19:31:16.544Z,5.57202763027615,0.1468407480340255,undefined,14.44534683227539,15.708366394042969
2025-12-23T19:31:18.688Z,5.576086649605519,0.13310863313733215,undefined,14.463066101074219,15.708366394042969
2025-12-23T19:31:20.741Z,5.680834232126651,0.1482617230069012,undefined,14.480369567871094,15.708366394042969
2025-12-23T19:31:22.741Z,5.306368899450738,0.13140339914583143,undefined,14.467510223388672,15.708366394042969
2025-12-23T19:31:24.758Z,5.176376440586188,0.15246415749574319,undefined,14.512619018554688,15.708366394042969
2025-12-23T19:31:26.830Z,5.524596054055236,0.14547390935522567,undefined,14.49905776977539,15.708366394042969
2025-12-23T19:31:28.890Z,5.190546091730173,0.1368015760868544,undefined,14.504173278808594,15.708366394042969
2025-12-23T19:31:30.952Z,5.531009874845806,0.14125017196530018,undefined,14.544391632080078,15.708366394042969
2025-12-23T19:31:33.251Z,5.801975314388407,0.15050037206693173,undefined,14.532978057861328,15.708366394042969
2025-12-23T19:31:34.894Z,5.658618190832305,0.1544785081294545,undefined,14.567516326904297,15.708366394042969
2025-12-23T19:31:35.196Z,5.852247539319491,0.13914861177143298,undefined,14.548240661621094,15.708366394042969
2025-12-23T19:31:37.248Z,5.221311916858692,0.13973489770748346,undefined,14.558799743652344,15.708366394042969
2025-12-23T19:31:39.275Z,5.554132485212226,0.1426133565216443,undefined,14.545982360839844,15.708366394042969
2025-12-23T19:31:41.310Z,5.201750383602352,0.14293334615512157,undefined,14.574333190917969,15.708366394042969
2025-12-23T19:31:43.353Z,5.030150280474916,0.11705033521236768,undefined,14.582862854003906,15.708366394042969
2025-12-23T19:31:45.529Z,4.861946070619401,0.12731132489655406,undefined,14.596405029296875,15.708366394042969
2025-12-23T19:31:47.607Z,5.443527497440935,0.12712271816759224,undefined,14.586776733398438,15.708366394042969
2025-12-23T19:31:49.675Z,5.1454401538237,0.11885614408759036,undefined,14.600154876708984,15.708366394042969
2025-12-23T19:31:51.729Z,4.953359018234622,0.13519144222735185,undefined,14.604183197021484,15.708366394042969
2025-12-23T19:31:53.774Z,4.867760386712582,0.1134700979041868,undefined,14.385444641113281,15.708366394042969
2025-12-23T19:31:55.861Z,5.004410316456318,0.15343509339577965,undefined,14.305397033691406,15.708366394042969
2025-12-23T19:31:57.929Z,4.976851845062564,0.12423337966647646,undefined,14.315582275390625,15.708366394042969
2025-12-23T19:31:59.878Z,5.086269378662109,0.1306171417236328,undefined,14.307254791259766,15.708366394042969
2025-12-23T19:32:01.883Z,5.223005494654239,0.13882024848449023,undefined,14.32415771484375,15.708366394042969
2025-12-23T19:32:03.976Z,5.21185328659502,0.13127558439680673,undefined,14.337383270263672,15.708366394042969
2025-12-23T19:32:05.970Z,4.862830508500338,0.12863613665103912,undefined,14.323387145996094,15.708366394042969
2025-12-23T19:32:08.033Z,5.099605083465576,0.12587976455688477,undefined,14.330062866210938,15.708366394042969
2025-12-23T19:32:10.058Z,5.222139363107686,0.12423821284600092,undefined,14.338638305664062,15.708366394042969
2025-12-23T19:32:12.070Z,5.116443951443717,0.13895078073290942,undefined,14.322879791259766,15.708366394042969
2025-12-23T19:32:14.093Z,4.838162163645401,0.12278592532953499,undefined,14.343032836914062,15.708366394042969
2025-12-23T19:32:16.095Z,5.117896517274879,0.14149153185456168,undefined,14.372299194335938,15.708366394042969
2025-12-23T19:32:18.084Z,4.898963909291155,0.12446372739730342,undefined,14.375030517578125,15.708366394042969
2025-12-23T19:32:20.075Z,4.978421368176424,0.13121930858756922,undefined,14.370548248291016,15.708366394042969
2025-12-23T19:32:22.081Z,4.839275611604825,0.12130382136597846,undefined,14.367733001708984,15.708366394042969
2025-12-23T19:32:24.076Z,4.814544922025333,0.1362030142046548,undefined,14.380805969238281,15.708366394042969
2025-12-23T19:32:26.096Z,5.217417939279443,0.13881109797750063,undefined,14.386226654052734,15.708366394042969
2025-12-23T19:32:28.109Z,5.130145156267777,0.1384739736908848,undefined,14.391124725341797,15.708366394042969
2025-12-23T19:32:30.158Z,5.054315010036758,0.1268055868077881,undefined,14.40606689453125,15.708366394042969
2025-12-23T19:32:32.202Z,4.807712406696971,0.12048617173929961,undefined,14.402839660644531,15.708366394042969
2025-12-23T19:32:34.154Z,4.908232638609583,0.1241275858244424,undefined,14.410026550292969,15.708366394042969
2025-12-23T19:32:36.250Z,5.127824716900119,0.12927790779379472,undefined,14.418045043945312,15.708366394042969
2025-12-23T19:32:38.331Z,5.31049748509408,0.12957032552044323,undefined,14.420284271240234,15.708366394042969
2025-12-23T19:32:40.326Z,5.42776970636277,0.13521012805757068,undefined,14.439979553222656,15.708366394042969
2025-12-23T19:32:42.366Z,4.85030595246736,0.12580482093421547,undefined,14.487056732177734,15.708366394042969
2025-12-23T19:32:44.427Z,4.905272818900443,0.12336468520855727,undefined,14.487667083740234,15.708366394042969
2025-12-23T19:32:46.467Z,4.943746929020844,0.1213555188142052,undefined,14.488292694091797,15.708366394042969
2025-12-23T19:32:48.485Z,5.317362882729875,0.12542393387510792,undefined,14.438201904296875,15.708366394042969
2025-12-23T19:32:50.532Z,5.379591159477919,0.15536848894374336,undefined,14.455619812011719,15.708366394042969
2025-12-23T19:32:52.551Z,5.006918972742347,0.15336731796414538,undefined,14.449165344238281,15.708366394042969
2025-12-23T19:32:54.540Z,4.698697230700334,0.12451722761054186,undefined,14.454200744628906,15.708366394042969
2025-12-23T19:32:56.648Z,4.860972112425872,0.1281254754068774,undefined,14.463607788085938,15.708366394042969
2025-12-23T19:32:58.752Z,4.871614010769544,0.1229669639170731,undefined,14.46536636352539,15.708366394042969
2025-12-23T19:33:00.860Z,4.8904234749403965,0.12276657303423767,undefined,14.483207702636719,15.708366394042969
2025-12-23T19:33:02.867Z,4.855908014341151,0.10854513890210211,undefined,14.503582000732422,15.708366394042969
2025-12-23T19:33:04.930Z,4.829473036495759,0.11470425633127734,undefined,14.50469970703125,15.708366394042969
2025-12-23T19:33:06.951Z,5.479512285830371,0.13109653150264305,undefined,14.515865325927734,15.708366394042969
2025-12-23T19:33:09.000Z,4.831892438232899,0.11232960969209671,undefined,14.534229278564453,15.708366394042969
2025-12-23T19:33:11.095Z,4.231102346850859,0.10182368121805102,undefined,14.534919738769531,15.708366394042969
2025-12-23T19:33:13.190Z,4.698554505693151,0.10792662347743978,undefined,14.549461364746094,15.708366394042969
2025-12-23T19:33:15.272Z,5.219261041668614,0.12310110210801997,undefined,14.52280044555664,15.708366394042969
2025-12-23T19:33:17.238Z,4.875925223589779,0.12498482143992355,undefined,14.557865142822266,15.708366394042969
2025-12-23T19:33:19.259Z,4.800186252356171,0.12086834990770146,undefined,14.593795776367188,15.708366394042969
2025-12-23T19:33:21.380Z,4.779352237816422,0.11715574659251045,undefined,14.605892181396484,15.708366394042969
2025-12-23T19:33:23.624Z,4.172212751079892,0.09754742824190385,undefined,14.285530090332031,15.708366394042969
2025-12-23T19:33:25.447Z,4.810850565971548,0.13869248068357354,undefined,14.295970916748047,15.708366394042969
2025-12-23T19:33:27.292Z,5.942826708331379,0.15297935519155975,undefined,14.317298889160156,15.708366394042969
2025-12-23T19:33:29.207Z,5.810217376907365,0.16874610925676503,undefined,14.326515197753906,15.708366394042969
2025-12-23T19:33:31.050Z,5.2891566870271625,0.1435900714815951,undefined,14.337886810302734,15.708366394042969
2025-12-23T19:33:32.903Z,6.068694919975689,0.15085983894632546,undefined,14.349411010742188,15.708366394042969
2025-12-23T19:33:34.777Z,5.900274984182623,0.15624901714724235,undefined,14.33211898803711,15.708366394042969
2025-12-23T19:33:36.643Z,5.234436776391038,0.12386197117279757,undefined,14.336685180664062,15.708366394042969
2025-12-23T19:33:38.486Z,4.884756430705685,0.1270058438316837,undefined,14.337310791015625,15.708366394042969
2025-12-23T19:33:40.302Z,4.982550229345049,0.1285438026700701,undefined,14.37717056274414,15.708366394042969
2025-12-23T19:33:42.127Z,4.870886108098756,0.11987889066655585,undefined,14.401424407958984,15.708366394042969
2025-12-23T19:33:43.984Z,4.880796640347212,0.1254881549085307,undefined,14.428237915039062,15.708366394042969
2025-12-23T19:33:45.837Z,4.721724896425791,0.11829806979134856,undefined,14.434654235839844,15.708366394042969
2025-12-23T19:33:47.698Z,4.440730787697311,0.11452976323355252,undefined,14.439888000488281,15.708366394042969
2025-12-23T19:33:49.645Z,4.865002919392413,0.11983974370861503,undefined,14.416423797607422,15.708366394042969
2025-12-23T19:33:51.521Z,4.507718980312347,0.1250286897023519,undefined,14.426189422607422,15.708366394042969
2025-12-23T19:33:53.443Z,5.09961996804385,0.11892393818051795,undefined,14.424182891845703,15.708366394042969
2025-12-23T19:33:55.310Z,4.9388796075202075,0.11513089650986864,undefined,14.434246063232422,15.708366394042969
2025-12-23T19:33:57.303Z,4.92308438586457,0.11071890516354299,undefined,14.449256896972656,15.708366394042969
2025-12-23T19:33:59.282Z,4.813753392717134,0.13416483654953917,undefined,14.463634490966797,15.708366394042969
2025-12-23T19:34:01.067Z,4.938921119369449,0.11942728711683374,undefined,14.054218292236328,15.708366394042969
2025-12-23T19:34:02.899Z,4.80877725701583,0.1245402453238504,undefined,13.738956451416016,15.708366394042969
2025-12-23T19:34:04.804Z,4.924178123474121,0.11828554225267227,undefined,13.589839935302734,15.708366394042969
2025-12-23T19:34:06.687Z,4.855610913330464,0.10979470920110289,undefined,13.304561614990234,15.708366394042969
2025-12-23T19:34:08.534Z,4.157898802915259,0.10416910481284586,undefined,12.868106842041016,15.708366394042969
2025-12-23T19:34:10.569Z,4.877985740194515,0.12663627157405932,undefined,12.815021514892578,15.708366394042969
2025-12-23T19:34:12.506Z,4.938957194742629,0.12121323141769762,undefined,12.846931457519531,15.708366394042969
2025-12-23T19:34:14.533Z,5.020160533062577,0.12508704703735654,undefined,12.850948333740234,15.708366394042969
2025-12-23T19:34:16.558Z,4.976256696223512,0.11543758005444062,undefined,12.897483825683594,15.708366394042969
2025-12-23T19:34:18.523Z,5.226355296115505,0.1307624539944854,undefined,12.904441833496094,15.708366394042969
2025-12-23T19:34:20.542Z,5.211679052512653,0.1260880625211868,undefined,12.909614562988281,15.708366394042969
2025-12-23T19:34:22.550Z,5.456405908019099,0.13791232851881477,undefined,12.895252227783203,15.708366394042969
2025-12-23T19:34:24.566Z,5.03216841537089,0.13381760924595598,undefined,12.899551391601562,15.708366394042969
2025-12-23T19:34:26.592Z,5.314096969290033,0.13593415399762904,undefined,12.914634704589844,15.708366394042969
2025-12-23T19:34:28.629Z,5.276924099173271,0.12399946481996692,undefined,12.91912841796875,15.708366394042969
2025-12-23T19:34:30.682Z,5.009973078028053,0.12329277057047329,undefined,12.912643432617188,15.708366394042969
2025-12-23T19:34:32.677Z,4.908432166555492,0.12029853976805928,undefined,12.931438446044922,15.708366394042969
2025-12-23T19:34:34.554Z,4.814048576456381,0.14068343929633506,undefined,13.11798095703125,15.708366394042969
2025-12-23T19:34:36.382Z,4.8442934728731775,0.12869288207619053,undefined,13.23581314086914,15.708366394042969
2025-12-23T19:34:38.360Z,4.82974653570061,0.1106873536721254,undefined,13.341114044189453,15.708366394042969
2025-12-23T19:34:40.189Z,4.759638926956789,0.12114943782136489,undefined,13.398963928222656,15.708366394042969
2025-12-23T19:34:42.038Z,4.841275382460209,0.13366393875657465,undefined,13.469337463378906,15.708366394042969
2025-12-23T19:34:43.931Z,4.785553184715477,0.11980520712362752,undefined,13.616828918457031,15.708366394042969
2025-12-23T19:34:45.824Z,4.88340704380965,0.1184163975114582,undefined,13.67092514038086,15.708366394042969
2025-12-23T19:34:47.794Z,4.801986974681143,0.12173189578719652,undefined,13.794960021972656,15.708366394042969
2025-12-23T19:34:49.738Z,4.674627882032048,0.10629204626770487,undefined,13.862384796142578,15.708366394042969
2025-12-23T19:34:51.756Z,4.587513287705468,0.12355934169387629,undefined,13.875850677490234,15.708366394042969
2025-12-23T19:34:53.749Z,4.6635260948768025,0.12435013839683816,undefined,13.90597915649414,15.708366394042969
2025-12-23T19:34:55.818Z,4.666217340768737,0.1210031951874171,undefined,13.938507080078125,15.708366394042969
2025-12-23T19:34:57.904Z,4.744387687520778,0.11960879567103463,undefined,13.913768768310547,15.708366394042969
2025-12-23T19:34:59.931Z,4.656287196664815,0.12560030215326368,undefined,13.945232391357422,15.708366394042969
2025-12-23T19:35:01.783Z,4.628809118490166,0.1116349615487872,undefined,13.877567291259766,15.708366394042969
2025-12-23T19:35:03.759Z,4.217944084069668,0.11155085685925606,undefined,13.856121063232422,15.708366394042969
2025-12-23T19:35:05.845Z,4.372343855273251,0.13553156444915904,undefined,13.766666412353516,15.708366394042969
2025-12-23T19:35:07.890Z,4.404585333864661,0.10627853364097566,undefined,13.771957397460938,15.708366394042969
2025-12-23T19:35:09.924Z,4.42564654017161,0.10001921130273632,undefined,13.841583251953125,15.708366394042969
2025-12-23T19:35:11.944Z,4.181290970367639,0.10295048631199133,undefined,13.619503021240234,15.708366394042969
2025-12-23T19:35:14.032Z,4.431029662345219,0.1018885269905757,undefined,13.623542785644531,15.708366394042969
2025-12-23T19:35:16.004Z,4.905266336875386,0.11539317593716159,undefined,13.639762878417969,15.708366394042969
2025-12-23T19:35:18.115Z,4.783466024306214,0.1010802185651168,undefined,13.652095794677734,15.708366394042969
2025-12-23T19:35:20.092Z,4.5906188116291435,0.10800432661675888,undefined,13.697193145751953,15.708366394042969
2025-12-23T19:35:22.132Z,4.733403205871582,0.11777639389038086,undefined,13.713092803955078,15.708366394042969
2025-12-23T19:35:24.125Z,4.722883796037091,0.1082923144555197,undefined,13.730182647705078,15.708366394042969
2025-12-23T19:35:26.154Z,4.624514982498985,0.11860019620926841,undefined,13.770118713378906,15.708366394042969
2025-12-23T19:35:28.227Z,4.6566870097919475,0.10664709683122305,undefined,13.811599731445312,15.708366394042969
2025-12-23T19:35:34.042Z,5.003249103844176,0.12820721585293823,undefined,13.951507568359375,15.708366394042969
2025-12-23T19:35:36.750Z,5.00279908988908,0.11963697901943272,undefined,14.025249481201172,15.708366394042969
2025-12-23T19:35:41.914Z,4.586313295907391,0.11046515816175162,undefined,14.105228424072266,15.708366394042969
2025-12-23T19:35:44.043Z,4.680450248186967,0.11293823893909224,undefined,14.167526245117188,15.708366394042969
2025-12-23T19:35:46.091Z,4.851002772107445,0.12350221687770054,undefined,14.17318344116211,15.708366394042969
2025-12-23T19:35:50.142Z,4.771508587135953,0.1161903924263372,undefined,14.229217529296875,15.708366394042969
2025-12-23T19:35:52.225Z,4.8920794805192696,0.12433251669240551,undefined,14.321884155273438,15.708366394042969
2025-12-23T19:35:54.302Z,4.706496988882959,0.12078178842361406,undefined,14.372177124023438,15.708366394042969
2025-12-23T19:35:56.411Z,4.956840342069167,0.11929852750666425,undefined,14.391304016113281,15.708366394042969
2025-12-23T19:35:58.490Z,4.889645252769592,0.12708754854014015,undefined,14.434257507324219,15.708366394042969
2025-12-23T19:36:00.546Z,4.640510876214054,0.11836588240330492,undefined,14.486690521240234,15.708366394042969
2025-12-23T19:36:05.650Z,4.944861463725273,0.11832552003155787,undefined,14.572994232177734,15.708366394042969
2025-12-23T19:36:08.729Z,4.995109494199458,0.13359367232961752,undefined,14.655200958251953,15.708366394042969
2025-12-23T19:36:14.268Z,6.181820526729868,0.16249786316271028,undefined,14.77780532836914,15.708366394042969
2025-12-23T19:36:16.387Z,5.614473739108027,0.14815077113644515,undefined,14.829288482666016,15.708366394042969
2025-12-23T19:36:18.462Z,5.733405219184027,0.15723947655788267,undefined,14.882255554199219,15.708366394042969
2025-12-23T19:36:23.567Z,5.834398520916313,0.1587464590968928,undefined,14.959087371826172,15.708366394042969
2025-12-23T19:36:25.704Z,5.811015594816185,0.15260602993677186,undefined,15.013996124267578,15.708366394042969
2025-12-23T19:36:27.814Z,5.17751876987628,0.13231030151025572,undefined,15.052417755126953,15.708366394042969
2025-12-23T19:36:31.942Z,5.677777339564648,0.14366466946482861,undefined,15.096996307373047,15.708366394042969
2025-12-23T19:36:33.955Z,5.573698436244253,0.13683492487127133,undefined,15.00338363647461,15.708366394042969
2025-12-23T19:36:36.010Z,4.9473146597544355,0.11079604663546123,undefined,14.986045837402344,15.708366394042969
2025-12-23T19:36:40.913Z,4.924642748949005,0.1333773620729524,undefined,15.075180053710938,15.708366394042969
2025-12-23T19:36:42.701Z,4.874662362533667,0.12336246972420996,undefined,15.120124816894531,15.708366394042969
2025-12-23T19:36:44.610Z,4.465311669843373,0.1296680201032665,undefined,15.016525268554688,15.708366394042969
2025-12-23T19:36:50.076Z,4.847869356131296,0.11850621450997341,undefined,15.110889434814453,15.708366394042969
2025-12-23T19:36:51.784Z,4.726109468060189,0.11974213282965147,undefined,15.09170150756836,15.708366394042969
2025-12-23T19:36:53.642Z,4.826969336409595,0.11837996171982908,undefined,15.080829620361328,15.708366394042969
2025-12-23T19:36:58.107Z,4.617419112247901,0.11021597373630095,undefined,14.908439636230469,15.708366394042969
2025-12-23T19:37:00.015Z,4.900708617006841,0.12047035076765429,undefined,14.983661651611328,15.708366394042969
2025-12-23T19:37:05.826Z,4.8603074979403535,0.12391626649697897,undefined,15.072578430175781,15.708366394042969
2025-12-23T19:37:08.935Z,4.937120639679666,0.12673984476291536,undefined,15.053794860839844,15.708366394042969
2025-12-23T19:37:13.544Z,4.840585556095874,0.12687332960212425,undefined,15.167610168457031,15.708366394042969
2025-12-23T19:37:15.745Z,4.658384188309794,0.1280693718683649,undefined,15.1414794921875,15.708366394042969
2025-12-23T19:37:20.934Z,4.965546116551857,0.13537818867861312,undefined,15.084709167480469,15.708366394042969
2025-12-23T19:37:22.851Z,4.750563917420977,0.1207247307205791,undefined,15.143356323242188,15.708366394042969
2025-12-23T19:37:24.785Z,4.841060450560321,0.12706412497797798,undefined,15.152645111083984,15.708366394042969
2025-12-23T19:37:30.716Z,4.879159216055225,0.11919400115050137,undefined,15.17551040649414,15.708366394042969
2025-12-23T19:37:33.014Z,4.868231094761034,0.11842147163722826,undefined,15.137565612792969,15.708366394042969
2025-12-23T19:37:38.206Z,4.8426346971809515,0.1249146139920332,undefined,15.162296295166016,15.708366394042969
2025-12-23T19:37:40.162Z,4.6282828905440985,0.12115180842829286,undefined,14.996002197265625,15.708366394042969
2025-12-23T19:37:42.085Z,4.848607832323278,0.13139099260302164,undefined,15.079730987548828,15.708366394042969
2025-12-23T19:37:47.663Z,4.8206075421970525,0.12995380256610226,undefined,15.204200744628906,15.708366394042969
2025-12-23T19:37:49.928Z,4.949181121135361,0.11878811514118327,undefined,15.13375473022461,15.708366394042969
2025-12-23T19:37:54.720Z,4.869630539522142,0.1345696920057429,undefined,15.17879867553711,15.708366394042969
2025-12-23T19:37:56.813Z,4.782119856435306,0.13143068500878813,undefined,15.216712951660156,15.708366394042969
2025-12-23T19:37:58.422Z,4.826324262869045,0.11270739761333488,undefined,15.215347290039062,15.708366394042969
2025-12-23T19:38:01.829Z,4.932883919147167,0.1137092705144401,undefined,15.204635620117188,15.708366394042969
2025-12-23T19:38:05.575Z,4.861447074288081,0.1251762351879,undefined,15.176132202148438,15.708366394042969
2025-12-23T19:38:07.848Z,4.821245794473027,0.11154370084865263,undefined,15.238441467285156,15.708366394042969
2025-12-23T19:38:11.645Z,4.775516534942427,0.11751785776973549,undefined,15.113754272460938,15.708366394042969
2025-12-23T19:38:15.882Z,4.7347118647521,0.12310453134703246,undefined,15.03411865234375,15.708366394042969
2025-12-23T19:38:17.908Z,4.625176483730101,0.12271051492094404,undefined,15.104610443115234,15.708366394042969
2025-12-23T19:38:21.632Z,4.8296269350059555,0.12725503747090477,undefined,15.116844177246094,15.708366394042969
2025-12-23T19:38:25.554Z,4.204263549658046,0.11438465474826795,undefined,15.260360717773438,15.708366394042969
2025-12-23T19:38:27.459Z,4.864406172449795,0.13229028502506995,undefined,15.112464904785156,15.708366394042969
2025-12-23T19:38:33.515Z,4.516722933185317,0.13025917601219614,undefined,15.133415222167969,15.708366394042969
2025-12-23T19:38:35.370Z,5.405814335819035,0.13666766605296718,undefined,15.053997039794922,15.708366394042969
2025-12-23T19:38:37.324Z,7.757060979063084,0.1910132437160545,undefined,14.875118255615234,15.708366394042969
2025-12-23T19:38:42.037Z,7.3284435251956035,0.32553400283207273,undefined,15.031120300292969,15.708366394042969
2025-12-23T19:38:44.788Z,5.860364348800093,0.2861623410825376,undefined,15.0687255859375,15.708366394042969
2025-12-23T19:38:46.800Z,5.978262494729872,0.31315226451821315,undefined,15.107414245605469,15.708366394042969
2025-12-23T19:38:48.768Z,5.867213438431383,0.34284049010052653,undefined,15.159805297851562,15.708366394042969
2025-12-23T19:38:51.779Z,5.885583064856035,0.34438780159961396,undefined,15.12347412109375,15.708366394042969
2025-12-23T19:38:53.726Z,5.878754493974823,0.3384048446069006,undefined,15.102710723876953,15.708366394042969
2025-12-23T19:38:55.858Z,5.862249286847917,0.3342626268354123,undefined,15.17947006225586,15.708366394042969
2025-12-23T19:39:00.085Z,5.820752657376803,0.3264263536803116,undefined,15.139442443847656,15.708366394042969
2025-12-23T19:39:01.763Z,6.091904902196192,0.29777956532908006,undefined,15.288616180419922,15.708366394042969
2025-12-23T19:39:03.417Z,5.871214842433251,0.34063842695981716,undefined,15.006881713867188,15.708366394042969
2025-12-23T19:39:07.062Z,5.866393341539267,0.3339303433473579,undefined,13.95547866821289,15.708366394042969
2025-12-23T19:39:08.972Z,5.8576577142908395,0.32596367354601785,undefined,13.969490051269531,15.708366394042969
2025-12-23T19:39:10.893Z,5.649741288203343,0.20907031502693324,undefined,13.778247833251953,15.708366394042969
2025-12-23T19:39:15.732Z,6.000265162041847,0.32753580353585293,undefined,13.469642639160156,15.708366394042969
2025-12-23T19:39:17.616Z,5.882226071843598,0.3334925349284854,undefined,13.484031677246094,15.708366394042969
2025-12-23T19:39:19.449Z,5.989513093798748,0.34716517730394825,undefined,13.674423217773438,15.708366394042969
2025-12-23T19:39:22.861Z,6.6984186724568335,0.33204793019256906,undefined,13.89670181274414,15.708366394042969
2025-12-23T19:39:25.017Z,8.06197138649084,0.36805531583414264,undefined,13.896034240722656,15.708366394042969
2025-12-23T19:39:29.718Z,5.902378533476142,0.3250950638965894,undefined,14.464092254638672,15.708366394042969
2025-12-23T19:39:31.737Z,5.922080593081313,0.3114898748402464,undefined,14.576881408691406,15.708366394042969
2025-12-23T19:39:36.383Z,5.885263074908341,0.3230044716282895,undefined,14.802833557128906,15.708366394042969
2025-12-23T19:39:38.872Z,5.89055882822169,0.2768457998143564,undefined,14.673179626464844,15.708366394042969
2025-12-23T19:39:43.486Z,5.90690807094119,0.3080636538307359,undefined,14.795703887939453,15.708366394042969
2025-12-23T19:39:46.265Z,5.841090308448982,0.2982781476929552,undefined,14.66476058959961,15.708366394042969
2025-12-23T19:39:50.957Z,5.898081170743018,0.3161968559013977,undefined,14.706222534179688,15.708366394042969
2025-12-23T19:39:53.399Z,5.875737129037671,0.30612669129302533,undefined,14.706314086914062,15.708366394042969
2025-12-23T19:39:58.067Z,5.863231690582685,0.31417574027426015,undefined,14.925384521484375,15.708366394042969
2025-12-23T19:40:00.094Z,5.904497309159102,0.3165097412170933,undefined,14.947582244873047,15.708366394042969
2025-12-23T19:40:02.437Z,6.6370173635462875,0.31670906847354513,undefined,15.091217041015625,15.708366394042969
2025-12-23T19:40:06.436Z,5.869467628193411,0.3091310890145298,undefined,14.778072357177734,15.708366394042969
2025-12-23T19:40:08.592Z,5.900432248438079,0.29870317448645667,undefined,14.689704895019531,15.708366394042969
2025-12-23T19:40:10.470Z,5.891491570446051,0.2919746402804477,undefined,14.787277221679688,15.708366394042969
2025-12-23T19:40:14.027Z,5.877014418408847,0.3246806916736421,undefined,14.96453857421875,15.708366394042969
2025-12-23T19:40:15.820Z,5.9494642942405465,0.3348703942427085,undefined,15.056522369384766,15.708366394042969
2025-12-23T19:40:17.828Z,5.862392867323837,0.32757527610096965,undefined,15.141841888427734,15.708366394042969
2025-12-23T19:40:22.581Z,5.874240486153042,0.2768635875168408,undefined,15.089618682861328,15.708366394042969
2025-12-23T19:40:24.635Z,5.893047794867754,0.3113692855647874,undefined,15.055656433105469,15.708366394042969
2025-12-23T19:40:26.530Z,5.921377454485212,0.3209902315723653,undefined,15.121688842773438,15.708366394042969
2025-12-23T19:40:30.586Z,5.866338077032942,0.29198908575062243,undefined,15.082252502441406,15.708366394042969
2025-12-23T19:40:32.515Z,5.934960040889803,0.31488352134579517,undefined,15.108707427978516,15.708366394042969
2025-12-23T19:40:34.663Z,5.9279873596495065,0.27916346238997664,undefined,15.1507568359375,15.708366394042969
2025-12-23T19:40:39.030Z,5.861369774339915,0.2965166320160104,undefined,15.12331771850586,15.708366394042969
2025-12-23T19:40:41.018Z,5.898442488602548,0.30254884649572683,undefined,15.109344482421875,15.708366394042969
2025-12-23T19:40:42.857Z,5.943744226621764,0.3135520109715122,undefined,15.165851593017578,15.708366394042969
2025-12-23T19:40:44.765Z,5.838714744777559,0.27619002989432273,undefined,15.040237426757812,15.708366394042969
2025-12-23T19:40:48.767Z,5.900045981072312,0.3028704482183449,undefined,14.984649658203125,15.708366394042969
2025-12-23T19:40:50.846Z,5.812555465477952,0.2941456520293514,undefined,14.977134704589844,15.708366394042969
2025-12-23T19:40:52.922Z,5.939329079977256,0.29580006001938003,undefined,14.951736450195312,15.708366394042969
2025-12-23T19:40:54.922Z,5.844962555521718,0.2789641585040341,undefined,14.975536346435547,15.708366394042969
2025-12-23T19:40:56.994Z,5.080173963244618,0.20816652837369604,undefined,14.978904724121094,15.708366394042969
2025-12-23T19:42:30.573Z,5.791494905190155,0.28882179183692813,undefined,11.4349365234375,15.708366394042969
2025-12-23T19:42:32.448Z,5.870446481339918,0.28919418001435493,undefined,11.61813735961914,15.708366394042969
2025-12-23T19:42:34.312Z,5.8628082275390625,0.2982638893327164,undefined,11.78707504272461,15.708366394042969
2025-12-23T19:42:36.203Z,5.889041836816301,0.3046039883921871,undefined,11.904239654541016,15.708366394042969
2025-12-23T19:42:38.036Z,5.875909629850506,0.2984856969249576,undefined,11.95969009399414,15.708366394042969
2025-12-23T19:42:39.952Z,5.841895325543129,0.31276749107433194,undefined,12.093891143798828,15.708366394042969
2025-12-23T19:42:42.047Z,5.935014733945691,0.31794488142078053,undefined,12.29135513305664,15.708366394042969
2025-12-23T19:42:43.917Z,5.789059974159656,0.2750302957191627,undefined,12.380111694335938,15.708366394042969
2025-12-23T19:42:45.768Z,5.972156208523071,0.32094302098395416,undefined,12.440444946289062,15.708366394042969
2025-12-23T19:42:47.672Z,5.748252246162224,0.3043563313656836,undefined,12.572345733642578,15.708366394042969
2025-12-23T19:42:51.038Z,5.953512464582521,0.31001932071028726,undefined,12.41796875,15.708366394042969
2025-12-23T19:42:57.416Z,5.875455519732307,0.30273691813151044,undefined,12.476459503173828,15.708366394042969
2025-12-23T19:42:59.434Z,5.888077980859618,0.3029226364934831,undefined,12.528953552246094,15.708366394042969
2025-12-23T19:43:01.429Z,5.872268506627608,0.2834529895612341,undefined,12.589363098144531,15.708366394042969
2025-12-23T19:43:05.565Z,5.900030986738862,0.30358932085708057,undefined,12.691627502441406,15.708366394042969
2025-12-23T19:43:07.809Z,5.8379181740869965,0.29950069979216637,undefined,12.684661865234375,15.708366394042969
2025-12-23T19:43:09.772Z,5.913109784268695,0.3145038160801425,undefined,12.742023468017578,15.708366394042969
2025-12-23T19:43:11.740Z,5.885711083045373,0.30141253095049486,undefined,12.793704986572266,15.708366394042969
2025-12-23T19:43:16.290Z,5.8897315546837765,0.312191832299326,undefined,12.939563751220703,15.708366394042969
2025-12-23T19:43:18.149Z,5.878462359823029,0.3213014068274662,undefined,12.968944549560547,15.708366394042969
2025-12-23T19:43:20.072Z,5.87537124982979,0.2716119267827593,undefined,13.06875991821289,15.708366394042969
2025-12-23T19:43:22.076Z,5.885510693163159,0.28295558775220336,undefined,13.101226806640625,15.708366394042969
2025-12-23T19:43:27.394Z,5.862461436878552,0.29466674658670383,undefined,13.150867462158203,15.708366394042969
2025-12-23T19:43:29.443Z,5.779424299598608,0.29472751256156277,undefined,13.209407806396484,15.708366394042969
2025-12-23T19:43:31.413Z,5.9859178293653885,0.30349255077020726,undefined,13.267410278320312,15.708366394042969
2025-12-23T19:43:37.365Z,5.876291727615615,0.3007314972958322,undefined,13.969429016113281,15.708366394042969
2025-12-23T19:43:41.143Z,5.877617241450573,0.2942895085839034,undefined,13.921436309814453,15.708366394042969
2025-12-23T19:43:46.357Z,5.906382329234544,0.29206651509158815,undefined,13.891586303710938,15.708366394042969
2025-12-23T19:43:48.224Z,5.84516859201889,0.28411195403392725,undefined,13.87082290649414,15.708366394042969
2025-12-23T19:43:50.152Z,5.935638840023753,0.32316547718323635,undefined,14.037254333496094,15.708366394042969
2025-12-23T19:43:55.551Z,5.896748076320294,0.39801976121830485,undefined,14.195381164550781,15.708366394042969
2025-12-23T19:43:57.439Z,5.8854797540802855,0.29191461459219864,undefined,14.285701751708984,15.708366394042969
2025-12-23T19:43:59.520Z,5.913315293664626,0.2873524246690149,undefined,14.40725326538086,15.708366394042969
2025-12-23T19:44:03.868Z,5.968508046559661,0.2863643193008876,undefined,14.280349731445312,15.708366394042969
2025-12-23T19:44:05.698Z,5.9935838220879925,0.3085515285323075,undefined,13.966278076171875,15.708366394042969
2025-12-23T19:44:07.545Z,5.875265382267106,0.29891693349856063,undefined,13.992515563964844,15.708366394042969
2025-12-23T19:44:09.648Z,5.850183987104263,0.3162587458840088,undefined,13.788719177246094,15.708366394042969
2025-12-23T19:44:14.435Z,5.869657162086948,0.3028186726420807,undefined,13.90871810913086,15.708366394042969
2025-12-23T19:44:16.815Z,5.915261026638658,0.29840556345571134,undefined,13.886585235595703,15.708366394042969
2025-12-23T19:44:18.743Z,5.864979894028098,0.301415787130443,undefined,13.931404113769531,15.708366394042969
2025-12-23T19:44:20.785Z,5.880216598510742,0.2923402786254883,undefined,13.959300994873047,15.708366394042969
2025-12-23T19:44:26.273Z,5.871461823121229,0.3102196587456597,undefined,14.07366943359375,15.708366394042969
2025-12-23T19:44:28.270Z,5.932240201066085,0.26349724100509586,undefined,14.150413513183594,15.708366394042969
2025-12-23T19:44:30.325Z,5.815758835524321,0.3021848388016224,undefined,14.196281433105469,15.708366394042969
2025-12-23T19:44:35.676Z,5.9030490979532875,0.29416179178105606,undefined,14.286277770996094,15.708366394042969
2025-12-23T19:44:37.742Z,5.923373274574976,0.2796726386771745,undefined,14.352405548095703,15.708366394042969
2025-12-23T19:44:39.800Z,5.812172441750865,0.3021883293737613,undefined,14.391670227050781,15.708366394042969
2025-12-23T19:44:45.335Z,5.9055821481786435,0.3028319378910328,undefined,14.444145202636719,15.708366394042969
2025-12-23T19:44:47.412Z,5.8914127689304685,0.30371568247697395,undefined,14.454017639160156,15.708366394042969
2025-12-23T19:44:49.456Z,5.903412960380301,0.3095481238912288,undefined,14.505325317382812,15.708366394042969
2025-12-23T19:44:54.777Z,5.884436673896258,0.2951231632099235,undefined,14.634281158447266,15.708366394042969
2025-12-23T19:44:56.833Z,5.825742146966547,0.32215467201504605,undefined,14.621875762939453,15.708366394042969
2025-12-23T19:44:58.843Z,5.9530897025602405,0.27974048292780496,undefined,14.698524475097656,15.708366394042969
2025-12-23T19:45:00.800Z,5.83743753206397,0.33265481690463017,undefined,14.844608306884766,15.708366394042969
2025-12-23T19:45:06.767Z,5.87937838392831,0.300138374495376,undefined,14.968414306640625,15.708366394042969
2025-12-23T19:45:08.762Z,5.878534101833246,0.32563101942013845,undefined,15.016807556152344,15.708366394042969
2025-12-23T19:45:10.836Z,5.8852530564869285,0.34074344588826994,undefined,15.013534545898438,15.708366394042969
2025-12-23T19:45:16.538Z,5.8738983894051975,0.2980983552542425,undefined,15.119182586669922,15.708366394042969
2025-12-23T19:45:18.629Z,5.905023588819434,0.2992891157751853,undefined,15.18191909790039,15.708366394042969
2025-12-23T19:45:20.691Z,5.864609015379713,0.306318847226425,undefined,15.205852508544922,15.708366394042969
2025-12-23T19:45:26.625Z,5.8524565878936805,0.3048474618539562,undefined,15.166618347167969,15.708366394042969
2025-12-23T19:45:28.571Z,5.934106867851826,0.30845323084113474,undefined,15.219097137451172,15.708366394042969
2025-12-23T19:45:30.512Z,5.923780231761096,0.2906350759945929,undefined,14.942939758300781,15.708366394042969
2025-12-23T19:45:36.579Z,5.87227965971834,0.30227664959628014,undefined,15.027408599853516,15.708366394042969
2025-12-23T19:45:38.570Z,5.8961366303265095,0.29097218066453934,undefined,15.1044921875,15.708366394042969
2025-12-23T19:45:40.581Z,5.859969861464756,0.3001680431024692,undefined,15.117050170898438,15.708366394042969
2025-12-23T19:45:46.769Z,5.87776737848301,0.3098320737457029,undefined,15.064186096191406,15.708366394042969
2025-12-23T19:45:48.681Z,5.917976289774473,0.2939912953829741,undefined,15.133567810058594,15.708366394042969
2025-12-23T19:45:50.644Z,5.86929350921615,0.2776525725607178,undefined,15.026206970214844,15.708366394042969
2025-12-23T19:45:56.741Z,5.85355416338398,0.3189666215327309,undefined,15.153373718261719,15.708366394042969
2025-12-23T19:45:58.590Z,6.007632721760404,0.31893845807604976,undefined,15.057098388671875,15.708366394042969
2025-12-23T19:46:00.493Z,5.871587658520811,0.32472067491361567,undefined,15.08401107788086,15.708366394042969
2025-12-23T19:46:06.728Z,5.882956416115025,0.31610159847872177,undefined,14.992408752441406,15.708366394042969
2025-12-23T19:46:08.578Z,5.841006535225339,0.28814407777205053,undefined,15.073909759521484,15.708366394042969
2025-12-23T19:46:16.417Z,5.885738134384155,0.29184027593963,undefined,15.194541931152344,15.708366394042969
2025-12-23T19:46:18.906Z,5.897117840595972,0.30148831790574465,undefined,15.129276275634766,15.708366394042969
2025-12-23T19:46:23.090Z,5.8812345745092065,0.3011398801493048,undefined,15.387584686279297,15.708366394042969
2025-12-23T19:46:29.374Z,5.875389788195714,0.30642596834119534,undefined,14.614002227783203,15.708366394042969
2025-12-23T19:46:31.287Z,5.866356285250917,0.28610326805893255,undefined,14.664817810058594,15.708366394042969
2025-12-23T19:46:33.192Z,5.894023216575201,0.31441559820818754,undefined,14.70700454711914,15.708366394042969
2025-12-23T19:46:40.131Z,5.868180791508093,0.3162247378229142,undefined,14.80026626586914,15.708366394042969
2025-12-23T19:46:42.182Z,5.896321944318716,0.28702043740831085,undefined,14.820087432861328,15.708366394042969
2025-12-23T19:46:44.097Z,5.918667401154029,0.3097021035131464,undefined,14.915668487548828,15.708366394042969
2025-12-23T19:46:49.756Z,4.927132358157025,0.21320821630966855,undefined,15.004783630371094,15.708366394042969
2025-12-23T19:46:51.216Z,8.024023970614492,0.1879774601178737,undefined,15.030105590820312,15.708366394042969
2025-12-23T19:46:53.106Z,7.234846590379197,0.29166155667519594,undefined,15.122138977050781,15.708366394042969
2025-12-23T19:47:00.014Z,5.872207565090646,0.3126764204701591,undefined,15.32773208618164,15.708366394042969
2025-12-23T19:47:03.278Z,5.921143045098425,0.2997772117348831,undefined,14.973995208740234,15.708366394042969
2025-12-23T19:47:04.895Z,5.8645204056140985,0.3049687821735707,undefined,15.088005065917969,15.708366394042969
2025-12-23T19:47:13.333Z,5.851325354075589,0.29723674007870327,undefined,15.0333251953125,15.708366394042969
2025-12-23T19:47:15.257Z,6.031135986114609,0.3076440867395892,undefined,15.124454498291016,15.708366394042969
2025-12-23T19:47:17.380Z,5.835052118068789,0.29891363004358806,undefined,15.045997619628906,15.708366394042969
2025-12-23T19:47:28.455Z,5.813061816137541,0.2935878242979367,undefined,15.19350814819336,15.708366394042969
2025-12-23T19:47:30.667Z,6.214378110824092,0.26333388461861557,undefined,15.256393432617188,15.708366394042969
2025-12-23T19:47:31.909Z,6.067513025294967,0.309926724573325,undefined,14.81264877319336,15.708366394042969
2025-12-23T19:47:38.769Z,5.847657006586437,0.3057009157676032,undefined,14.609039306640625,15.708366394042969
2025-12-23T19:47:41.276Z,5.863455040365116,0.3087220137326105,undefined,14.617233276367188,15.708366394042969
2025-12-23T19:47:43.157Z,5.895151039034866,0.3244502186594496,undefined,14.69021224975586,15.708366394042969
2025-12-23T19:47:45.166Z,5.78875910740886,0.2952362561091467,undefined,14.745586395263672,15.708366394042969
2025-12-23T19:47:52.273Z,5.896395818089779,0.32695930229582026,undefined,14.913761138916016,15.708366394042969
2025-12-23T19:47:54.179Z,5.880571940732398,0.34292542736207504,undefined,15.014080047607422,15.708366394042969
2025-12-23T19:47:56.087Z,5.863257853463412,0.3203956239137644,undefined,14.850025177001953,15.708366394042969
2025-12-23T19:48:03.236Z,5.879797553610582,0.29958634406940726,undefined,14.948535919189453,15.708366394042969
2025-12-23T19:48:05.134Z,5.897552233021273,0.28969287635905355,undefined,14.869213104248047,15.708366394042969
2025-12-23T19:48:07.173Z,5.871787842045871,0.27082599832475457,undefined,14.834659576416016,15.708366394042969
2025-12-23T19:48:14.545Z,5.8762853979689265,0.3048545408385905,undefined,14.980880737304688,15.708366394042969
2025-12-23T19:48:16.511Z,5.916371803525481,0.324181845454342,undefined,14.99685287475586,15.708366394042969
2025-12-23T19:48:18.517Z,5.840034925979606,0.3138931028923238,undefined,15.08016586303711,15.708366394042969
2025-12-23T19:48:25.918Z,5.9011703313783155,0.3056357266646324,undefined,15.067005157470703,15.708366394042969
2025-12-23T19:48:27.870Z,5.806717679141788,0.2873278178492753,undefined,15.13302993774414,15.708366394042969
2025-12-23T19:48:29.997Z,5.867896153945331,0.3049128739408744,undefined,15.17647933959961,15.708366394042969
2025-12-23T19:48:37.270Z,5.895154788738676,0.2940713345710223,undefined,15.22750473022461,15.708366394042969
2025-12-23T19:48:39.285Z,5.855147043863932,0.2970382145472935,undefined,15.303035736083984,15.708366394042969
2025-12-23T19:48:41.338Z,5.804337226189339,0.2982537825028975,undefined,15.178760528564453,15.708366394042969
2025-12-23T19:48:48.949Z,5.916349654921091,0.2903425728230051,undefined,15.245182037353516,15.708366394042969
2025-12-23T19:48:50.880Z,5.87279864585974,0.3113094918730219,undefined,15.29901123046875,15.708366394042969
2025-12-23T19:48:52.884Z,5.819033415757619,0.30961675044247394,undefined,15.234756469726562,15.708366394042969
2025-12-23T19:49:00.955Z,5.891938930071792,0.3028413327677439,undefined,15.36508560180664,15.708366394042969
2025-12-23T19:49:02.889Z,5.895334047513766,0.291031200092632,undefined,15.358692169189453,15.708366394042969
2025-12-23T19:49:04.795Z,5.892187711554861,0.32180859150814994,undefined,15.360801696777344,15.708366394042969
2025-12-23T19:49:06.581Z,5.916557146335399,0.3047776403437479,undefined,14.658195495605469,15.708366394042969
2025-12-23T19:49:08.418Z,5.936240933034961,0.30157632486192665,undefined,13.669975280761719,15.708366394042969
2025-12-23T19:49:10.261Z,5.833721469521136,0.301229915186811,undefined,12.89499282836914,15.708366394042969
2025-12-23T19:49:12.399Z,5.823075476551151,0.30848392746922526,undefined,12.825069427490234,15.708366394042969
2025-12-23T19:49:14.529Z,5.888739848897336,0.28620875575081717,undefined,12.836711883544922,15.708366394042969
2025-12-23T19:49:16.787Z,5.841086312626185,0.2947295113895716,undefined,12.838829040527344,15.708366394042969
2025-12-23T19:59:37.405Z,5.9108293687390425,0.2850920251193857,undefined,13.539726257324219,15.708366394042969
2025-12-23T19:59:41.596Z,6.521241564431796,0.34004350772086467,undefined,13.839229583740234,15.708366394042969
2025-12-23T19:59:42.793Z,5.932093404763992,0.2806127624984127,undefined,13.886272430419922,15.708366394042969
2025-12-23T19:59:44.721Z,5.860985880312713,0.29932588770769647,undefined,13.998039245605469,15.708366394042969
2025-12-23T19:59:50.167Z,5.174231577815582,0.25634903807377746,undefined,14.406986236572266,15.708366394042969
2025-12-23T19:59:51.586Z,6.947401512304998,0.3578117987748297,undefined,14.454845428466797,15.708366394042969
2025-12-23T19:59:52.976Z,5.94942755630574,0.2969904978287933,undefined,14.307865142822266,15.708366394042969
2025-12-23T19:59:54.451Z,5.855995758830785,0.30755551061897635,undefined,14.437858581542969,15.708366394042969
2025-12-23T19:59:57.326Z,5.178559185001003,0.26854231132772893,undefined,14.717750549316406,15.708366394042969
2025-12-23T19:59:58.575Z,7.627679736890929,0.3762760677853146,undefined,14.791328430175781,15.708366394042969
2025-12-23T20:00:00.295Z,5.688566742045836,0.3029642047459363,undefined,14.956985473632812,15.708366394042969
2025-12-23T20:00:01.827Z,5.907528861547986,0.28793109197890054,undefined,15.105026245117188,15.708366394042969
2025-12-23T20:00:03.663Z,5.7235749772096405,0.2544144801282111,undefined,15.166145324707031,15.708366394042969
2025-12-23T20:00:07.566Z,5.705273799336604,0.12915337412560313,undefined,14.9459228515625,15.708366394042969
2025-12-23T20:00:09.149Z,6.012521014117555,0.3055214081834627,undefined,15.156566619873047,15.708366394042969
2025-12-23T20:00:10.757Z,5.918585621513719,0.22516178312505383,undefined,14.744861602783203,15.708366394042969
2025-12-23T20:00:12.162Z,5.9460202607295125,0.3056461348374488,undefined,14.74069595336914,15.708366394042969
2025-12-23T20:00:13.371Z,6.041771057593248,0.323952604730756,undefined,14.698871612548828,15.708366394042969
2025-12-23T20:00:45.753Z,5.875844742056637,0.302267552561568,undefined,14.18923568725586,15.708366394042969
2025-12-23T20:00:49.168Z,5.931895259297341,0.31706806742697446,undefined,14.185504913330078,15.708366394042969
2025-12-23T20:00:56.495Z,5.877195792862131,0.3093577034865753,undefined,14.166641235351562,15.708366394042969
2025-12-23T20:01:04.570Z,5.8922658412017785,0.3007869133059686,undefined,14.261100769042969,15.708366394042969
2025-12-23T20:01:18.616Z,5.1155754236329685,0.16732351514143892,undefined,14.289421081542969,15.708366394042969
2025-12-23T20:01:28.937Z,4.795235981200217,0.1306906082409974,undefined,14.271286010742188,15.708366394042969
2025-12-23T20:01:36.454Z,4.984335565263299,0.1348336335200413,undefined,14.286075592041016,15.708366394042969
2025-12-23T20:01:44.122Z,5.087155370139999,0.1529845187673314,undefined,14.252311706542969,15.708366394042969
2025-12-23T20:01:50.402Z,6.267188007898306,0.1674799518730804,undefined,14.277557373046875,15.708366394042969
2025-12-23T20:01:57.614Z,4.631670476199296,0.11678484923343767,undefined,14.290950775146484,15.708366394042969
2025-12-23T20:02:12.830Z,5.63995828353819,0.14194048971796233,undefined,14.165348052978516,15.708366394042969
2025-12-23T20:02:27.631Z,3.724038855099221,0.09499385412822146,undefined,14.144176483154297,15.708366394042969
2025-12-23T20:02:47.542Z,4.186573747320946,0.11320527371763876,undefined,14.349613189697266,15.708366394042969
2025-12-23T20:02:58.069Z,3.7082730297836957,0.10306592355911974,undefined,14.439262390136719,15.708366394042969
2025-12-23T20:03:16.986Z,4.0018540431567695,0.10336015955748629,undefined,14.152591705322266,15.708366394042969
2025-12-23T20:03:34.371Z,3.739504209030191,0.10088147854065646,undefined,14.31198501586914,15.708366394042969
2025-12-23T20:03:45.565Z,3.181459179217772,0.07853433770736021,undefined,14.552131652832031,15.708366394042969
2025-12-23T20:04:02.243Z,4.044629664705342,0.10981934763889435,undefined,14.3858642578125,15.708366394042969
2025-12-23T20:04:34.498Z,3.980733635116487,0.10681122309343563,undefined,14.080825805664062,15.708366394042969
2025-12-23T20:04:45.891Z,3.9609444716991904,0.10704899774482117,undefined,13.756458282470703,15.708366394042969
2025-12-23T20:06:09.587Z,4.380323754021951,0.10891061792399104,undefined,13.713703155517578,15.708366394042969
2025-12-23T20:06:15.666Z,4.068657215295978,0.10298901920716605,undefined,12.84857177734375,15.708366394042969
2025-12-23T20:06:25.845Z,4.056440559416399,0.10340559719987254,undefined,12.544723510742188,15.708366394042969
2025-12-23T20:06:34.841Z,3.494432692070911,0.09140041213778448,undefined,12.783584594726562,15.708366394042969
2025-12-23T20:06:37.716Z,4.150618802781073,0.0965195214188339,undefined,13.159465789794922,15.708366394042969
2025-12-23T20:06:39.591Z,3.937560180357866,0.09835922598440112,undefined,13.330669403076172,15.708366394042969
2025-12-23T20:06:51.904Z,3.465915211148609,0.08418813979613375,undefined,13.863311767578125,15.708366394042969
2025-12-23T20:07:02.469Z,4.0484883633126225,0.09715095046878784,undefined,14.497074127197266,15.708366394042969
2025-12-23T20:07:03.971Z,3.962803811339179,0.13639391477185947,undefined,14.751392364501953,15.708366394042969
2025-12-23T20:07:05.314Z,3.5659577177834754,0.12144153163646636,undefined,14.454723358154297,15.708366394042969
2025-12-23T20:07:06.531Z,3.626789878960231,0.137083095122422,undefined,14.356010437011719,15.708366394042969
2025-12-23T20:07:07.881Z,3.540576333424776,0.13577919654905152,undefined,14.43679428100586,15.708366394042969
2025-12-23T20:07:09.617Z,3.7854353673169303,0.13258714898651802,undefined,14.423831939697266,15.708366394042969
2025-12-23T20:07:10.885Z,2.6572160338200375,0.06231370069690043,undefined,14.210716247558594,15.708366394042969
2025-12-23T20:08:57.967Z,4.178165309921142,0.10416415518368026,undefined,14.03921127319336,15.708366394042969
2025-12-23T20:09:16.611Z,4.4668656919584855,0.11475464885240932,undefined,14.072528839111328,15.708366394042969
2025-12-23T20:09:38.624Z,4.1817150017212255,0.10123851892895958,undefined,13.715202331542969,15.708366394042969
2025-12-23T20:09:45.425Z,4.132643253002827,0.10245390405506787,undefined,12.908653259277344,15.708366394042969
2025-12-23T20:09:55.810Z,4.29511047401304,0.10668767556528125,undefined,12.75490951538086,15.708366394042969
2025-12-23T20:10:01.155Z,4.461489397583888,0.10868604009582916,undefined,13.19473648071289,15.708366394042969
2025-12-23T20:10:05.162Z,4.127150949747905,0.09843434529683401,undefined,13.1385498046875,15.708366394042969
2025-12-23T20:10:09.215Z,3.71437932088256,0.09349814591515193,undefined,13.297996520996094,15.708366394042969
2025-12-23T20:10:12.014Z,3.513993401842086,0.08599748690550481,undefined,13.379646301269531,15.708366394042969
2025-12-23T20:10:37.808Z,4.124934270675618,0.10223429811364604,undefined,13.401985168457031,15.708366394042969
2025-12-23T20:10:52.041Z,4.346491646393137,0.11008681347227114,undefined,13.3189697265625,15.708366394042969
2025-12-23T20:11:09.993Z,4.1158645483704905,0.10096655998278287,undefined,13.275489807128906,15.708366394042969
2025-12-23T20:11:26.247Z,4.321141884469723,0.10493428607834691,undefined,13.288818359375,15.708366394042969
2025-12-23T20:11:51.110Z,4.422905385666887,0.1072590823156209,undefined,13.33877944946289,15.708366394042969
2025-12-23T20:12:34.330Z,4.181876376506122,0.10685379942405299,undefined,13.321022033691406,15.708366394042969
2025-12-23T20:12:56.712Z,3.9477748205883536,0.11260502965398832,undefined,13.345230102539062,15.708366394042969
2025-12-23T20:13:25.799Z,3.642067835642786,0.10182799797151072,undefined,13.275810241699219,15.708366394042969
2025-12-23T20:13:43.098Z,4.2637642036442625,0.10820555556667308,undefined,13.278289794921875,15.708366394042969
2025-12-23T20:14:09.013Z,4.545964332966056,0.11572003438468313,undefined,13.334659576416016,15.708366394042969
2025-12-23T20:14:20.363Z,4.490641874574949,0.11238943879677357,undefined,13.446666717529297,15.708366394042969
2025-12-23T20:14:49.153Z,4.21880541845588,0.10571439015990149,undefined,13.505970001220703,15.708366394042969
2025-12-23T20:15:14.760Z,4.3283736738321235,0.10873254805505005,undefined,13.258480072021484,15.708366394042969
2025-12-23T20:15:31.534Z,3.8757525954601224,0.09576007600117399,undefined,13.170360565185547,15.708366394042969
2025-12-23T20:15:43.036Z,3.3702800163360687,0.07972899063642053,undefined,13.219940185546875,15.708366394042969
2025-12-23T20:16:02.591Z,4.284860024818609,0.10251586024702572,undefined,13.178924560546875,15.708366394042969
2025-12-23T20:16:22.942Z,3.9594058046397738,0.09705851990971011,undefined,13.221393585205078,15.708366394042969
2025-12-23T20:16:37.876Z,4.004649206041299,0.09689052709850697,undefined,13.1607666015625,15.708366394042969
2025-12-23T20:17:01.813Z,4.236206112394557,0.10170008829427445,undefined,13.234046936035156,15.708366394042969
2025-12-23T20:18:03.773Z,4.188784019960272,0.10337968679658735,undefined,13.110298156738281,15.708366394042969
2025-12-23T20:18:55.769Z,4.259774978573985,0.10379894716431977,undefined,13.011493682861328,15.708366394042969
2025-12-23T20:19:34.856Z,4.395549260786529,0.10529676062530557,undefined,12.906166076660156,15.708366394042969
2025-12-23T20:20:33.783Z,4.253593595735594,0.10726099385470492,undefined,12.685222625732422,15.708366394042969
2025-12-23T20:20:38.801Z,5.28679699266181,0.13227813861140159,undefined,12.771076202392578,15.708366394042969
2025-12-23T20:20:44.342Z,4.293408000424207,0.10284750919729477,undefined,12.755329132080078,15.708366394042969
2025-12-23T20:21:09.156Z,3.8806513955145023,0.09695335162134856,undefined,12.815189361572266,15.708366394042969
2025-12-23T20:21:27.474Z,4.308226142670682,0.10616782320344864,undefined,12.975147247314453,15.708366394042969
2025-12-23T20:21:32.925Z,4.492485586520845,0.11689329569318653,undefined,12.952930450439453,15.708366394042969
2025-12-23T20:21:43.581Z,4.414946068334215,0.11087528621877422,undefined,12.956478118896484,15.708366394042969
2025-12-23T20:21:51.532Z,4.36327009529254,0.12001944805788498,undefined,12.952957153320312,15.708366394042969
2025-12-23T20:21:56.778Z,4.549009371559561,0.11966855375280083,undefined,12.947517395019531,15.708366394042969
2025-12-23T20:22:06.893Z,4.440134806896564,0.12161245040386291,undefined,12.987205505371094,15.708366394042969
2025-12-23T20:22:12.311Z,4.3192126534201885,0.11893968095800565,undefined,13.098121643066406,15.708366394042969
2025-12-23T20:22:26.003Z,4.212328835618895,0.1190284451521426,undefined,13.933887481689453,15.708366394042969
2025-12-23T20:22:32.024Z,4.006688125339061,0.14714785207641562,undefined,13.641288757324219,15.708366394042969
2025-12-23T20:22:38.409Z,3.7814566627710264,0.11713225866674232,undefined,13.558399200439453,15.708366394042969
2025-12-23T20:22:52.610Z,4.043563006925278,0.11852191441941468,undefined,13.478076934814453,15.708366394042969
2025-12-23T20:29:26.371Z,1.1137377400612876,0.029787340479558732,undefined,13.668426513671875,15.708366394042969
2025-12-23T20:29:27.478Z,0.00020817912170041522,0.00011355224820022648,undefined,13.686519622802734,15.708366394042969
2025-12-23T20:29:29.632Z,0.0006436278380037889,0.0004256743729881974,undefined,13.700313568115234,15.708366394042969
2025-12-23T20:29:31.630Z,0.00018716972564982478,0.00012428465909551856,undefined,13.703117370605469,15.708366394042969
2025-12-23T20:29:33.557Z,0.0012960801676147032,0.0005367701210018152,undefined,13.722965240478516,15.708366394042969
2025-12-23T20:29:35.302Z,0.0004058087830983894,0.00013921561520528178,undefined,13.753387451171875,15.708366394042969
2025-12-23T20:29:37.232Z,0.005901291991370521,0.0055922653445037995,undefined,13.756668090820312,15.708366394042969
2025-12-23T20:29:39.107Z,0.000822421201725596,0.0007363938793693622,undefined,13.74911880493164,15.708366394042969
2025-12-23T20:29:40.692Z,0.00023152093467472483,0.00026091089788472875,undefined,13.762519836425781,15.708366394042969
2025-12-23T20:29:42.663Z,0.0037091565825771895,0.003150443791391098,undefined,13.773571014404297,15.708366394042969
2025-12-23T20:29:44.169Z,0.0005353961074561404,0.0006303698654883418,undefined,13.778575897216797,15.708366394042969
2025-12-23T20:29:45.927Z,0.0004199729568656834,0.00012606039814565376,undefined,13.765003204345703,15.708366394042969
2025-12-23T20:29:47.513Z,0.0025716526114680687,0.003022048332238123,undefined,13.774951934814453,15.708366394042969
2025-12-23T20:29:49.104Z,0.0003642200874293455,0.00024995496196131555,undefined,13.765335083007812,15.708366394042969
2025-12-23T20:29:50.921Z,0.0001483745076594047,0.00020104179472934605,undefined,13.78567886352539,15.708366394042969
2025-12-23T20:29:53.178Z,0.0003023631012384793,0.00017403457571284564,undefined,13.768787384033203,15.708366394042969
2025-12-23T20:29:54.951Z,0.00036195372627435303,0.0003489052377096036,undefined,13.762310028076172,15.708366394042969
2025-12-23T20:29:57.382Z,0.00005948235375205171,0.0000586996912026826,undefined,13.65609359741211,15.708366394042969
2025-12-23T20:29:59.093Z,0.0004682829293271079,0.00046339479854081236,undefined,13.625801086425781,15.708366394042969
2025-12-23T20:30:01.104Z,0.0000820969635585569,0.00011471082579414799,undefined,13.664493560791016,15.708366394042969
2025-12-23T20:30:02.978Z,0.0009011784824756307,0.00034247282135689707,undefined,13.661792755126953,15.708366394042969
2025-12-23T20:30:04.997Z,0.00004356290087287809,0.00016012309510030862,undefined,13.635665893554688,15.708366394042969
2025-12-23T20:30:06.754Z,0.0004888463903356482,0.00035933506341628087,undefined,13.64529800415039,15.708366394042969
2025-12-23T20:30:13.491Z,0.0010795168732611288,0.0018613579795040906,undefined,14.03891372680664,15.708366394042969
2025-12-23T20:30:16.020Z,0.0005138578670412026,0.0002891265218410419,undefined,14.14200210571289,15.708366394042969
2025-12-23T20:30:16.807Z,0,0,undefined,14.14132308959961,15.708366394042969
2025-12-23T20:30:17.863Z,0.0011319447433332543,0.0005589671651884657,undefined,14.347667694091797,15.708366394042969
2025-12-23T20:30:19.091Z,0.08916046659825212,0.0588691840737553,undefined,14.201080322265625,15.708366394042969
2025-12-23T20:30:19.109Z,0.0004497612312389097,0.0008739507536782827,undefined,14.2017822265625,15.708366394042969
2025-12-23T20:30:20.231Z,0.0007071278311989524,0.00029531392184170807,undefined,14.206520080566406,15.708366394042969
2025-12-23T20:30:22.343Z,0.00044293497909655033,0.0003502556492312395,undefined,13.742073059082031,15.708366394042969
2025-12-23T20:30:23.421Z,0.011324882507324219,0.09489059448242188,undefined,13.758186340332031,15.708366394042969
2025-12-23T20:30:23.422Z,0.00017595825817485347,0.0009633957671341425,undefined,13.759105682373047,15.708366394042969
2025-12-23T20:30:24.799Z,0,0.00009373721913394766,undefined,13.675045013427734,15.708366394042969
2025-12-23T20:30:24.827Z,0.001298714868770623,0.00046499027228503494,undefined,13.659683227539062,15.708366394042969
2025-12-23T20:30:27.244Z,0.0010904537788386072,0.00020611467380359799,undefined,13.599323272705078,15.708366394042969
2025-12-23T20:30:27.245Z,0,0,undefined,13.600299835205078,15.708366394042969
2025-12-23T20:30:29.556Z,0.00035806956630815155,0.00007813140756066026,undefined,13.650409698486328,15.708366394042969
2025-12-23T20:30:31.322Z,0.0532900265581248,0.10302420438191537,undefined,13.721694946289062,15.708366394042969
2025-12-23T20:30:32.523Z,0,0,undefined,13.722152709960938,15.708366394042969
2025-12-23T20:30:32.524Z,0,0,undefined,13.722217559814453,15.708366394042969
2025-12-23T20:30:33.966Z,0.09623683111185033,0.18273811686074984,undefined,13.807781219482422,15.708366394042969
2025-12-23T20:30:33.967Z,0.0002823958493985194,0.0001788507046190623,undefined,13.722843170166016,15.708366394042969
2025-12-23T20:30:35.532Z,0.0008969873815149695,0.00027143038236177887,undefined,13.727325439453125,15.708366394042969
2025-12-23T20:30:38.008Z,0.0008297869897824341,0.00010065845288185048,undefined,13.642562866210938,15.708366394042969
2025-12-23T20:30:38.581Z,0.04055920769186581,0.018905190860523894,undefined,13.642520904541016,15.708366394042969
2025-12-23T20:30:38.649Z,0.024636586507161457,2.9121681495949074,undefined,13.642986297607422,15.708366394042969
2025-12-23T20:30:39.579Z,0.0004773188118982797,0.0003665384620127052,undefined,13.735885620117188,15.708366394042969
2025-12-23T20:30:40.013Z,0.0006065859815081814,0.0007293766660240075,undefined,13.64175033569336,15.708366394042969
2025-12-23T20:30:40.914Z,0.000994780967975485,0.0009125676648370151,undefined,13.59671401977539,15.708366394042969
2025-12-23T20:30:41.599Z,0.0008112947705765846,0.0015379677356128962,undefined,13.608512878417969,15.708366394042969
2025-12-23T20:30:42.216Z,0,0,undefined,13.577434539794922,15.708366394042969
2025-12-23T20:36:51.493Z,0.4272246183363134,0.016551488370157946,undefined,12.583267211914062,15.708366394042969
2025-12-23T20:36:52.739Z,2.414589032165361,0.07828271573072774,undefined,12.62234115600586,15.708366394042969
2025-12-23T20:36:53.683Z,2.2721080153201108,0.06658885400619866,undefined,12.632495880126953,15.708366394042969
2025-12-23T20:36:54.566Z,2.4105648003002202,0.05823645261254641,undefined,12.582557678222656,15.708366394042969
2025-12-23T20:36:56.431Z,2.420838122872343,0.05876298301318272,undefined,12.546710968017578,15.708366394042969
2025-12-23T20:36:57.707Z,2.604962682852758,0.05797326940335635,undefined,12.571853637695312,15.708366394042969
2025-12-23T20:37:23.302Z,2.2874317816318914,0.060893984770489615,undefined,12.624256134033203,15.708366394042969
2025-12-23T20:37:24.184Z,3.3720806360627447,0.08985204069036543,undefined,12.591239929199219,15.708366394042969
2025-12-23T20:37:25.126Z,3.100732371245151,0.07748876610937053,undefined,12.584522247314453,15.708366394042969
2025-12-23T20:37:26.455Z,2.893205077003619,0.08059924668840222,undefined,12.620979309082031,15.708366394042969
2025-12-23T20:37:27.788Z,2.6109602259493423,0.07045200501365223,undefined,12.602546691894531,15.708366394042969
2025-12-23T20:37:29.193Z,2.1773507428723713,0.05665144254994947,undefined,12.455829620361328,15.708366394042969
2025-12-23T20:37:30.199Z,2.5059542157648176,0.05670179400527687,undefined,12.510944366455078,15.708366394042969
2025-12-23T20:37:31.188Z,2.014411992324895,0.042713049686316285,undefined,12.514976501464844,15.708366394042969
2025-12-23T20:37:32.069Z,3.065208321836985,0.07287770101468857,undefined,12.548095703125,15.708366394042969
2025-12-23T20:37:33.380Z,2.751241362029974,0.07128672244977172,undefined,12.521316528320312,15.708366394042969
2025-12-23T20:37:34.892Z,2.126363581372192,0.05012542158258888,undefined,12.567985534667969,15.708366394042969
2025-12-23T20:37:36.072Z,2.2613573107477523,0.058235104834561215,undefined,12.52035903930664,15.708366394042969
2025-12-23T20:37:37.753Z,2.3208212375287394,0.0686716202721055,undefined,12.56259536743164,15.708366394042969
2025-12-23T20:37:38.933Z,2.4599771063139304,0.09225443232902707,undefined,12.602218627929688,15.708366394042969
2025-12-23T20:37:40.142Z,1.0789836191820934,0.024807936559675666,undefined,12.58148193359375,15.708366394042969
2025-12-23T20:37:41.502Z,0.5505403732870989,0.014798101469369707,undefined,12.623218536376953,15.708366394042969
2025-12-23T20:37:42.773Z,0.4408119698247966,0.010390253462029632,undefined,12.536724090576172,15.708366394042969
2025-12-23T20:37:43.954Z,0.8279085159301759,0.020457314444588617,undefined,12.613967895507812,15.708366394042969
2025-12-23T20:37:44.991Z,1.77968724777824,0.03880027093385395,undefined,12.629131317138672,15.708366394042969
2025-12-23T20:37:46.882Z,2.03569100466394,0.04701185532759803,undefined,12.840946197509766,15.708366394042969
2025-12-23T20:37:48.557Z,2.5715000259266985,0.06353751672728197,undefined,12.83477783203125,15.708366394042969
2025-12-23T20:37:49.785Z,2.3350413468374165,0.06088554582787444,undefined,12.872161865234375,15.708366394042969
2025-12-23T20:37:51.766Z,2.794766168137422,0.06817371067713364,undefined,12.90268325805664,15.708366394042969
2025-12-23T20:37:54.509Z,2.3215776407738966,0.07159445923475431,undefined,13.203872680664062,15.708366394042969
2025-12-23T20:37:57.489Z,2.8483900254291683,0.0687808252582796,undefined,13.289005279541016,15.708366394042969
2025-12-23T20:37:59.190Z,2.8339595102584783,0.07239775968351449,undefined,13.355331420898438,15.708366394042969
2025-12-23T20:38:00.886Z,2.310557258396672,0.05622992194501539,undefined,12.96893310546875,15.708366394042969
2025-12-23T20:38:02.955Z,3.134044361060713,0.12411966339989161,undefined,12.93099594116211,15.708366394042969
2025-12-23T20:42:25.347Z,1.1290927567736562,0.041694468001146186,undefined,12.72479248046875,15.708366394042969
2025-12-23T20:42:26.444Z,0.00007017001659176422,0.0002958304108584605,undefined,12.798309326171875,15.708366394042969
2025-12-23T20:42:27.652Z,0.008977101948446855,0.021710979112506013,undefined,12.85525894165039,15.708366394042969
2025-12-23T20:42:28.520Z,0.0017310770766994965,0.001085651994316499,undefined,12.868595123291016,15.708366394042969
2025-12-23T20:42:29.528Z,0.00008096346615097484,0.0000706076739688734,undefined,12.916698455810547,15.708366394042969
2025-12-23T20:42:30.455Z,0.0002752214470165688,0.00012160947658871644,undefined,12.897811889648438,15.708366394042969
2025-12-23T20:42:31.305Z,0.00034447099054138794,0.0009324106750148063,undefined,12.883270263671875,15.708366394042969
2025-12-23T20:42:32.328Z,0.008852000867467123,0.046592472432233766,undefined,12.910816192626953,15.708366394042969
2025-12-23T20:42:33.281Z,0.000346023424536781,0.0003169537059442601,undefined,12.850151062011719,15.708366394042969
2025-12-23T20:42:34.168Z,0.0018998478235823385,0.000408258330955934,undefined,12.918903350830078,15.708366394042969
2025-12-23T20:42:35.112Z,0.000918558401654857,0.00043432841929354405,undefined,12.902816772460938,15.708366394042969
2025-12-23T20:42:36.249Z,0.0004754222111461425,0.0005169273248176312,undefined,12.879165649414062,15.708366394042969
2025-12-23T20:42:37.168Z,0.00045545655569766683,0.0003987730978924987,undefined,12.885440826416016,15.708366394042969
2025-12-23T20:42:38.530Z,0.0005374726055839904,0.00031724466069668746,undefined,12.842002868652344,15.708366394042969
2025-12-23T20:42:39.626Z,0.00028569705087807634,0.00024179561279988492,undefined,12.895797729492188,15.708366394042969
2025-12-23T20:42:41.148Z,0.0001784858353641055,0.00013707245526328363,undefined,12.831501007080078,15.708366394042969
2025-12-23T20:42:42.140Z,0.0005047137920673077,0.00023083809094551281,undefined,12.84011459350586,15.708366394042969
2025-12-23T20:42:43.107Z,0.00039542593607088414,0.0011688325463271724,undefined,12.880474090576172,15.708366394042969
2025-12-23T20:42:44.612Z,0.0005214282650034172,0.00010068959600065987,undefined,12.943958282470703,15.708366394042969
2025-12-23T20:42:45.841Z,0.0030825123984432783,0.0024088741054196327,undefined,12.917007446289062,15.708366394042969
2025-12-23T20:42:46.976Z,0.0004074298591830104,0.0003704727259385338,undefined,12.924022674560547,15.708366394042969
2025-12-23T20:42:48.278Z,0.0003282173788095756,0.0003754216759866831,undefined,12.83541488647461,15.708366394042969
2025-12-23T20:42:49.082Z,0,0,undefined,12.843616485595703,15.708366394042969
2025-12-23T20:42:50.112Z,0.00025080724333907743,0.00025485252145744967,undefined,12.832019805908203,15.708366394042969
2025-12-23T20:42:51.065Z,0.00008360447625987513,0.00008166018611429664,undefined,12.803478240966797,15.708366394042969
2025-12-23T20:42:52.109Z,0.0003365909352022059,0.0002727547233535117,undefined,12.782695770263672,15.708366394042969
2025-12-23T20:42:53.046Z,0.000583535373801052,0.00025777533502862004,undefined,12.801528930664062,15.708366394042969
2025-12-23T20:42:53.950Z,0.001368865123769855,0.0011180645853116366,undefined,12.809165954589844,15.708366394042969
2025-12-23T20:42:54.883Z,0.0006312315684583219,0.00030668821628923457,undefined,12.779670715332031,15.708366394042969
2025-12-23T20:42:55.964Z,0.0006014875356587137,0.00023347213555173756,undefined,12.802349090576172,15.708366394042969
2025-12-23T20:42:57.019Z,0.00021793588330245922,0.00013354717661015359,undefined,12.775463104248047,15.708366394042969
2025-12-23T20:42:57.869Z,0.00007177024502031072,0.00014027820617606185,undefined,12.84505844116211,15.708366394042969
2025-12-23T20:42:58.892Z,0.0007080888461493299,0.0006459757894695642,undefined,12.892131805419922,15.708366394042969
2025-12-23T20:42:59.886Z,0.00008616359326873716,0.00008910098849380776,undefined,12.881172180175781,15.708366394042969
2025-12-23T20:43:00.758Z,0,0,undefined,12.858489990234375,15.708366394042969
2025-12-23T20:43:01.704Z,0.0003593105187762961,0.00011183151593037459,undefined,12.904136657714844,15.708366394042969
2025-12-23T20:43:02.946Z,0.00039063547514123285,0.00020950282465675058,undefined,12.860954284667969,15.708366394042969
2025-12-23T20:43:03.866Z,0.0007723567234564987,0.0002775986403688053,undefined,12.808586120605469,15.708366394042969
2025-12-23T20:43:04.925Z,0.0005189110251034007,0.0004955366546032476,undefined,12.841144561767578,15.708366394042969
2025-12-23T20:43:05.700Z,0.00040978925886876234,0.00040041193029052976,undefined,12.804969787597656,15.708366394042969
2025-12-23T20:43:06.554Z,0.00046686639351745086,0.0006076301302563807,undefined,12.814403533935547,15.708366394042969
2025-12-23T20:43:07.671Z,0.0007795250934103261,0.003925268200860508,undefined,12.811500549316406,15.708366394042969
2025-12-23T20:43:08.790Z,0.00046885661999052043,0.0008309735413874542,undefined,12.838184356689453,15.708366394042969
2025-12-23T20:43:09.654Z,0.000417077963787003,0.0006519934176986549,undefined,12.84124755859375,15.708366394042969
2025-12-23T20:43:10.631Z,0.00017829563306725544,0.0003907991492229959,undefined,12.840965270996094,15.708366394042969
2025-12-23T20:43:11.580Z,0.00018555654120121605,0.00011003934420072116,undefined,12.905509948730469,15.708366394042969
2025-12-23T20:43:12.551Z,0.00029330474881284125,0.0003418996184386374,undefined,12.863567352294922,15.708366394042969
2025-12-23T20:43:13.688Z,0.0008220007847844755,0.0008974254291115114,undefined,12.859432220458984,15.708366394042969
2025-12-23T20:43:15.023Z,0.011004724732218888,0.017380079842338997,undefined,13.125946044921875,15.708366394042969
2025-12-23T20:43:16.293Z,0.0031904195069703974,0.0007825981998518637,undefined,13.145736694335938,15.708366394042969
2025-12-23T20:43:17.287Z,0.0028173369174386885,0.014305939010844317,undefined,13.141708374023438,15.708366394042969
2025-12-23T20:43:18.900Z,0.0002522706496577025,0.00028681934328007516,undefined,13.059947967529297,15.708366394042969
2025-12-23T20:43:19.805Z,0.00008054063324736084,0.0002681636993349628,undefined,13.106277465820312,15.708366394042969
2025-12-23T20:43:21.154Z,0.0009763471084753435,0.0003988994354656157,undefined,13.133678436279297,15.708366394042969
2025-12-23T20:43:22.176Z,0.00033804593924486676,0.000214370595618696,undefined,13.178279876708984,15.708366394042969
2025-12-23T20:43:23.420Z,0.0006117262281813063,0.00026032731339738175,undefined,13.160423278808594,15.708366394042969
2025-12-23T20:43:25.395Z,0.0057649076654669945,0.00607061291560383,undefined,13.239631652832031,15.708366394042969
2025-12-23T20:43:26.492Z,0.00019274392043233625,0.00022539109913748766,undefined,13.157844543457031,15.708366394042969
2025-12-23T20:43:27.533Z,0.0006244093019761851,0.00039238835916536224,undefined,13.230892181396484,15.708366394042969
2025-12-23T20:43:28.832Z,0.006159182982169917,0.0402689634499371,undefined,13.2337646484375,15.708366394042969
2025-12-23T20:43:29.953Z,0.00675715757219979,0.02048149537504389,undefined,13.209556579589844,15.708366394042969
2025-12-23T20:43:30.791Z,0.000475259968043688,0.00042058404251653803,undefined,13.207469940185547,15.708366394042969
2025-12-23T20:43:31.938Z,0.00016893098086701855,0.00010018000028160402,undefined,13.202877044677734,15.708366394042969
2025-12-23T20:43:33.028Z,0,0.00007078425217057422,undefined,13.236003875732422,15.708366394042969
2025-12-23T20:43:34.220Z,0.005256801215717433,0.0029553084164809563,undefined,13.208709716796875,15.708366394042969
2025-12-23T20:43:35.068Z,0.0013553601805515554,0.004535446518577189,undefined,13.22207260131836,15.708366394042969
2025-12-23T20:43:36.383Z,0.0013873181535524104,0.005441503139889294,undefined,13.255500793457031,15.708366394042969
2025-12-23T20:43:37.624Z,0.0004616809649106051,0.0005028747210389925,undefined,13.237960815429688,15.708366394042969
2025-12-23T20:43:39.261Z,0.001319219310550581,0.00034744870730550283,undefined,13.18557357788086,15.708366394042969
2025-12-23T20:43:40.738Z,0.00025903948551420655,0.00045877256250279215,undefined,13.148635864257812,15.708366394042969
2025-12-23T20:43:41.952Z,0.0006569093610272918,0.0004980879150581509,undefined,13.270469665527344,15.708366394042969
2025-12-23T20:43:43.482Z,0.004833474810273006,0.004499160935518047,undefined,13.293312072753906,15.708366394042969
2025-12-23T20:43:44.910Z,0.0004072720555474967,0.0001941498774116172,undefined,13.245891571044922,15.708366394042969
2025-12-23T20:43:45.797Z,0.034239490627644656,0.021831202530932643,undefined,13.263172149658203,15.708366394042969
2025-12-23T20:43:46.972Z,0.0022833866984272315,0.0034198572967295317,undefined,13.34383773803711,15.708366394042969
2025-12-23T20:43:48.419Z,0.001460620135112656,0.0005153482355910426,undefined,13.180076599121094,15.708366394042969
2025-12-23T20:43:49.567Z,0.00041467396746758245,0.0002850409721532194,undefined,13.26052474975586,15.708366394042969
2025-12-23T20:43:50.806Z,0.0003807526782042998,0.00032840814805568607,undefined,13.28790283203125,15.708366394042969
2025-12-23T20:43:52.055Z,0.0006465043426565135,0.00035702478624314926,undefined,13.297626495361328,15.708366394042969
2025-12-23T20:43:53.459Z,0.00035463266037217336,0.0004121406593514447,undefined,13.328876495361328,15.708366394042969
2025-12-23T20:43:55.822Z,0.00038699099892064144,0.00021181608501233553,undefined,13.113418579101562,15.708366394042969
2025-12-23T20:43:56.697Z,0.00037844218905009924,0.0003870922962283872,undefined,13.134586334228516,15.708366394042969
2025-12-23T20:43:57.738Z,0,0.00006390102018559645,undefined,13.270721435546875,15.708366394042969
2025-12-23T20:43:58.738Z,0.0010371609568997264,0.001349700687977869,undefined,13.281364440917969,15.708366394042969
2025-12-23T20:43:59.650Z,0.0003563367933142486,0.0004527370852253497,undefined,13.227489471435547,15.708366394042969
2025-12-23T20:44:00.963Z,0,0.0001994046297940341,undefined,13.092632293701172,15.708366394042969
2025-12-23T20:44:02.063Z,0.0004027829025730942,0.00009753487326882102,undefined,13.231620788574219,15.708366394042969
2025-12-23T20:44:03.080Z,0.00047964759332023575,0.0003278840969962549,undefined,13.218429565429688,15.708366394042969
2025-12-23T20:44:04.520Z,0.0011401068895382988,0.00053420102685914,undefined,13.186939239501953,15.708366394042969
2025-12-23T20:44:05.526Z,0.00015589744533033676,0.00016286492892051942,undefined,13.156761169433594,15.708366394042969
2025-12-23T20:44:06.713Z,0.00042559058541773284,0.0005817706167636899,undefined,13.174575805664062,15.708366394042969
2025-12-23T20:44:08.083Z,0.0010327750623824205,0.0007501812682901338,undefined,13.129127502441406,15.708366394042969
2025-12-23T20:44:09.695Z,0.00044581111442869553,0.006087731501759417,undefined,13.203781127929688,15.708366394042969
2025-12-23T20:44:10.533Z,0.00031723054183991684,0.00047188043098687633,undefined,13.225261688232422,15.708366394042969
2025-12-23T20:44:11.632Z,0.001307896205357143,0.0012409119378952753,undefined,13.24270248413086,15.708366394042969
2025-12-23T20:44:12.943Z,0.007120431326809117,0.04388056949266063,undefined,13.182403564453125,15.708366394042969
2025-12-23T20:44:14.627Z,0.0013752260069916215,0.0006945236869480299,undefined,13.26675033569336,15.708366394042969
2025-12-23T20:44:16.925Z,0.0031497848936286104,0.0022676678134467337,undefined,13.128719329833984,15.708366394042969
2025-12-23T20:44:18.166Z,0.001192630116280912,0.000575470892144195,undefined,13.267017364501953,15.708366394042969
2025-12-23T20:44:19.705Z,0.0001162040133436187,0.00011687185250076594,undefined,13.242511749267578,15.708366394042969
2025-12-23T20:44:20.908Z,0.0008029216753248497,0.0005522134787438253,undefined,13.210254669189453,15.708366394042969
2025-12-23T20:44:22.340Z,0.0005887274585720669,0.00031521783544798674,undefined,13.261280059814453,15.708366394042969
2025-12-23T20:44:23.466Z,0.0009665270699966308,0.00043763625975246377,undefined,13.293609619140625,15.708366394042969
2025-12-23T20:44:25.200Z,0.00010287621268114538,0.00011410982211184517,undefined,13.255168914794922,15.708366394042969
2025-12-23T20:44:26.661Z,0.00021690712835555686,0.00015954325969954182,undefined,13.225017547607422,15.708366394042969
2025-12-23T20:44:27.779Z,0.0006577849103613515,0.00013808172282095266,undefined,13.22897720336914,15.708366394042969
2025-12-23T20:44:28.898Z,0.0013543778106945904,0.0016250752823916026,undefined,13.27593994140625,15.708366394042969
2025-12-23T20:44:30.020Z,0.0068588401881460904,0.02157189546882426,undefined,13.250507354736328,15.708366394042969
2025-12-23T20:44:31.320Z,0.0006571355855689859,0.00028934118882665096,undefined,13.3363037109375,15.708366394042969
2025-12-23T20:44:32.604Z,0.0005250257064334697,0.0004791318509759986,undefined,13.262100219726562,15.708366394042969
2025-12-23T20:44:34.692Z,0.02453528757345572,0.007048848766627186,undefined,13.284366607666016,15.708366394042969
2025-12-23T20:44:35.906Z,0.0568700739960742,0.15861328539463176,undefined,13.36520004272461,15.708366394042969
2025-12-23T20:44:36.413Z,0.0021553271306386694,0.19902476128801833,undefined,13.367538452148438,15.708366394042969
2025-12-23T20:44:37.229Z,0.0004866543938131893,0.0005104962517233455,undefined,13.339889526367188,15.708366394042969
2025-12-23T20:44:37.581Z,0.0009671909602608267,0.0005902267816498524,undefined,13.382209777832031,15.708366394042969
2025-12-23T20:44:39.283Z,0.004842800709641001,0.003792613898092437,undefined,13.309249877929688,15.708366394042969
2025-12-23T20:44:40.655Z,0.0003629922866821289,0.0001537799835205078,undefined,13.205917358398438,15.708366394042969
2025-12-23T20:44:40.884Z,0.0004281803053252551,0.00044277736118861606,undefined,13.177600860595703,15.708366394042969
2025-12-23T20:44:42.077Z,0.00021562590765482738,0.0000781463021030918,undefined,13.154071807861328,15.708366394042969
2025-12-23T20:44:42.194Z,0,0,undefined,13.131698608398438,15.708366394042969
2025-12-23T20:44:43.374Z,0.0011106727681882895,0.000987994908191161,undefined,13.118022918701172,15.708366394042969
2025-12-23T20:44:44.692Z,0.0006653368473052979,0.0005640089511871338,undefined,13.031326293945312,15.708366394042969
2025-12-23T20:44:45.939Z,0.0040892262786262346,0.0029552240811309386,undefined,13.071304321289062,15.708366394042969
2025-12-23T20:44:47.061Z,0.0005262392061250703,0.0005333989232152073,undefined,12.981403350830078,15.708366394042969
2025-12-23T20:44:47.398Z,0.0002681256864017572,0.0002772663348018171,undefined,12.966804504394531,15.708366394042969
2025-12-23T20:44:48.573Z,0.0004324996680544134,0.00030534309253358005,undefined,12.983386993408203,15.708366394042969
2025-12-23T20:44:50.013Z,0.000060073972687007876,0.00006212194902861041,undefined,12.921733856201172,15.708366394042969
2025-12-23T20:44:52.112Z,0.0002901319047095071,0.00024379139215173856,undefined,13.000572204589844,15.708366394042969
2025-12-23T20:44:52.632Z,0.00035908164047613374,0.00015700735696932164,undefined,13.019775390625,15.708366394042969
2025-12-23T20:44:54.647Z,0.0002352599958242919,0.0001633749971002027,undefined,12.988639831542969,15.708366394042969
2025-12-23T20:44:55.304Z,0,0.00009628442617563101,undefined,13.028484344482422,15.708366394042969
2025-12-23T20:44:55.904Z,0.0007205539279513889,0.0002288818359375,undefined,13.021625518798828,15.708366394042969
2025-12-23T20:44:57.004Z,0.0005103563235189909,0.0004209718826766818,undefined,12.816444396972656,15.708366394042969
2025-12-23T20:44:58.409Z,0.0005342995641599498,0.0005477410626293825,undefined,12.833877563476562,15.708366394042969
2025-12-23T20:44:59.740Z,0.0005761056681285382,0.0002417275294324096,undefined,12.838661193847656,15.708366394042969
2025-12-23T20:45:00.953Z,0.0005523480278305993,0.0004167081323886547,undefined,12.797904968261719,15.708366394042969
2025-12-23T20:45:02.219Z,0,0,undefined,12.795829772949219,15.708366394042969
2025-12-23T20:45:03.419Z,0.0022877553466019358,0.006328722473922049,undefined,12.593990325927734,15.708366394042969
2025-12-23T20:45:04.682Z,0.001195806580540547,0.0003631983962014457,undefined,12.573722839355469,15.708366394042969
2025-12-23T20:45:05.849Z,0.00009143475404719717,0.00009438426224226804,undefined,12.54913330078125,15.708366394042969
2025-12-23T20:45:07.385Z,0.004902056979278092,0.007864898457795307,undefined,12.466705322265625,15.708366394042969
2025-12-23T20:45:08.572Z,0.061301065440947655,0.021172102975478793,undefined,12.556938171386719,15.708366394042969
2025-12-23T20:45:10.246Z,0.0006653952201452614,0.00011589996319064235,undefined,12.62984848022461,15.708366394042969
2025-12-23T20:45:11.964Z,0.019201083478134578,0.016440714854421393,undefined,12.558753967285156,15.708366394042969
2025-12-23T20:45:13.030Z,0.028395504684922118,0.004849078492348238,undefined,12.700077056884766,15.708366394042969
2025-12-23T20:45:14.479Z,0.001007498542530927,0.0006762142211719992,undefined,12.61490249633789,15.708366394042969
2025-12-23T20:45:15.374Z,0.0011934657472108924,0.0010836376109644914,undefined,12.721771240234375,15.708366394042969
2025-12-23T20:45:16.560Z,0.011407583256284284,0.007111151345303747,undefined,12.67940902709961,15.708366394042969
2025-12-23T20:45:17.637Z,0.0006183063814425355,0.00046282582938388626,undefined,12.59743881225586,15.708366394042969
2025-12-23T20:45:18.866Z,0.002700487772623698,0.0006715456644694011,undefined,12.554630279541016,15.708366394042969
2025-12-23T20:45:20.213Z,0.000300098197858895,0.00019854653003679608,undefined,12.601131439208984,15.708366394042969
2025-12-23T20:45:21.327Z,0.0003978677464826075,0.00012514278360082012,undefined,12.576446533203125,15.708366394042969
2025-12-23T20:45:23.800Z,0.004260541156443714,0.007266658512973189,undefined,12.930660247802734,15.708366394042969
2025-12-23T20:45:25.144Z,0.0007412760390848072,0.00026504400417889435,undefined,12.917728424072266,15.708366394042969
2025-12-23T20:45:26.530Z,0.00015883982618358596,0.00022046967874281731,undefined,12.910606384277344,15.708366394042969
2025-12-23T20:45:28.318Z,0.0006054901228159085,0.0031500815250295995,undefined,13.003963470458984,15.708366394042969
2025-12-23T20:45:29.822Z,0.00552423608564771,0.0017990585893144398,undefined,12.978252410888672,15.708366394042969
2025-12-23T20:45:31.270Z,0.004401863563141489,0.008194495000903817,undefined,12.993976593017578,15.708366394042969
2025-12-23T20:45:32.480Z,0.0012338213891236532,0.00044873857456230763,undefined,12.987201690673828,15.708366394042969
2025-12-23T20:45:33.556Z,0.0010790399542436914,0.005032534890331573,undefined,13.054985046386719,15.708366394042969
2025-12-23T20:45:54.555Z,0.47567454990801783,0.033238341258833355,undefined,13.26708984375,15.708366394042969
2025-12-23T20:46:53.991Z,0.20791565916239338,0.02003702305434573,undefined,13.862720489501953,15.708366394042969
2025-12-23T20:47:54.948Z,0.18790245388868118,0.03219072653942968,undefined,13.724925994873047,15.708366394042969
2025-12-23T20:48:54.594Z,0.010143883552354538,0.009520893544330512,undefined,13.338577270507812,15.708366394042969
2025-12-23T20:49:07.426Z,0.000936143003648515,0.0007104910029244732,undefined,13.473674774169922,15.708366394042969
2025-12-23T20:49:08.334Z,0.001115857219501814,0.0009167704222886965,undefined,13.490188598632812,15.708366394042969
2025-12-23T20:49:09.161Z,0.0008362267404941502,0.0006541829978303956,undefined,13.502174377441406,15.708366394042969
2025-12-23T20:49:10.270Z,0.0008283997993575105,0.0005804974099864131,undefined,13.514511108398438,15.708366394042969
2025-12-23T20:49:11.555Z,0.0006986652341459393,0.0005607217247361221,undefined,13.548027038574219,15.708366394042969
2025-12-23T20:49:12.356Z,0.0004561051078464674,0.000444898594140166,undefined,13.551704406738281,15.708366394042969
2025-12-23T20:49:13.567Z,0.00099945068359375,0.0011834038628472222,undefined,13.64022445678711,15.708366394042969
2025-12-23T20:49:15.060Z,0.0004803519284110104,0.0005240912909980292,undefined,13.637828826904297,15.708366394042969
2025-12-23T20:49:16.681Z,0.000285326949949187,0.0003866386930470867,undefined,13.659297943115234,15.708366394042969
2025-12-23T20:49:18.317Z,0.007104017063529192,0.017915371649279567,undefined,13.675708770751953,15.708366394042969
2025-12-23T20:49:19.974Z,0.006098453312704009,0.003083111488655822,undefined,13.668376922607422,15.708366394042969
2025-12-23T20:49:21.260Z,0.000130760881880356,0.00014396270168558423,undefined,13.688117980957031,15.708366394042969
2025-12-23T20:49:22.697Z,0.0017929309468612022,0.002725696447560616,undefined,13.671806335449219,15.708366394042969
2025-12-23T20:49:24.382Z,0.002648230312632866,0.001868423150510204,undefined,13.695995330810547,15.708366394042969
2025-12-23T20:49:26.301Z,0.0021923839506089336,0.001850951270467751,undefined,13.718669891357422,15.708366394042969
2025-12-23T20:49:27.930Z,0.0021471234040591224,0.001412609738294582,undefined,13.640228271484375,15.708366394042969
2025-12-23T20:49:29.228Z,0.0025842648080327928,0.002143449005834541,undefined,13.654502868652344,15.708366394042969
2025-12-23T20:49:31.012Z,0.004266162397308266,0.004610908077237898,undefined,13.688735961914062,15.708366394042969
2025-12-23T20:49:32.340Z,0.000302081994638246,0.00031229732779026396,undefined,13.692794799804688,15.708366394042969
2025-12-23T20:49:33.581Z,0.0003525177023399069,0.00035452825957758697,undefined,13.5865478515625,15.708366394042969
2025-12-23T20:49:35.129Z,0.00029554532859150603,0.00023859878966777683,undefined,13.60024642944336,15.708366394042969
2025-12-23T20:49:37.038Z,0.003507291001715939,0.0029606321107024615,undefined,13.602962493896484,15.708366394042969
2025-12-23T20:49:38.289Z,0.003240441763272849,0.0035041305143529186,undefined,13.568683624267578,15.708366394042969
2025-12-23T20:49:39.548Z,0.000553282480391245,0.00031107947939918156,undefined,13.583438873291016,15.708366394042969
2025-12-23T20:49:40.916Z,0.000530722807211154,0.0006974633060284514,undefined,13.594383239746094,15.708366394042969
2025-12-23T20:49:42.662Z,0.00041897825616174164,0.0004697116776561566,undefined,13.51812744140625,15.708366394042969
2025-12-23T20:49:43.898Z,0.0011021556379107818,0.0009672497515152357,undefined,13.508689880371094,15.708366394042969
2025-12-23T20:49:45.531Z,0.00003023981978035085,0.00003079981644294994,undefined,13.485225677490234,15.708366394042969
2025-12-23T20:49:46.931Z,0.0003582159342103814,0.00026345337000088087,undefined,13.472450256347656,15.708366394042969
2025-12-23T20:49:48.280Z,0.0004959898972445247,0.00044645695144780126,undefined,13.490489959716797,15.708366394042969
2025-12-23T20:49:49.720Z,0,0,undefined,13.486244201660156,15.708366394042969
2025-12-23T20:49:51.773Z,0.0004063096157340116,0.00022843826648800874,undefined,13.512279510498047,15.708366394042969
2025-12-23T20:49:53.513Z,0.0004067140467026654,0.00022870922520149887,undefined,13.492767333984375,15.708366394042969
2025-12-23T20:49:55.613Z,0.0006498997671562329,0.00029279474626507673,undefined,13.507980346679688,15.708366394042969
2025-12-23T20:49:56.733Z,0.00013188301897544465,0.0002325105247832984,undefined,13.502784729003906,15.708366394042969
2025-12-23T20:49:57.983Z,0.0005816914024153305,0.00780165507531291,undefined,13.515213012695312,15.708366394042969
2025-12-23T20:49:59.518Z,0.0022353281394142067,0.0018806035228321034,undefined,13.498340606689453,15.708366394042969
2025-12-23T20:50:01.225Z,0.0003712289285339765,0.0003539968164667495,undefined,13.512458801269531,15.708366394042969
2025-12-23T20:50:02.383Z,0.008540398855870735,0.012301758631763842,undefined,13.595909118652344,15.708366394042969
2025-12-23T20:50:03.805Z,0.0014221605611557302,0.0008484528068903241,undefined,13.592548370361328,15.708366394042969
2025-12-23T20:50:05.620Z,0.00013835964234687673,0.00016486532095738953,undefined,13.607059478759766,15.708366394042969
2025-12-23T20:50:07.619Z,0.0026983238128294425,0.0034005957913685993,undefined,13.510963439941406,15.708366394042969
2025-12-23T20:50:09.714Z,0.00522457316289008,0.005401195953922973,undefined,13.494232177734375,15.708366394042969
2025-12-23T20:50:12.121Z,0.00234891618090198,0.0017128676188525127,undefined,13.491889953613281,15.708366394042969
2025-12-23T20:50:13.715Z,0.0036885661463583667,0.003028377409904234,undefined,13.493644714355469,15.708366394042969
2025-12-23T20:50:15.617Z,0.0021413586724704056,0.0017114665018564937,undefined,13.474502563476562,15.708366394042969
2025-12-23T20:50:54.082Z,0.002119323072215376,0.0019955288099895645,undefined,13.549907684326172,15.708366394042969
2025-12-23T20:51:53.718Z,0.001739761328079342,0.001782358823343614,undefined,13.460304260253906,15.708366394042969
2025-12-23T20:52:55.304Z,0.002381433282226467,0.0037082202730862137,undefined,13.607715606689453,15.708366394042969
2025-12-23T20:53:01.533Z,0.000843820692617682,0.000672400752200356,undefined,13.769794464111328,15.708366394042969
2025-12-23T20:53:02.469Z,0.0007160078463870268,0.0004953891822341614,undefined,13.769615173339844,15.708366394042969
2025-12-23T20:53:03.392Z,0.00046905019212295875,0.000399425554229707,undefined,13.796192169189453,15.708366394042969
2025-12-23T20:53:04.563Z,0.0003144266819759026,0.00027891292450754997,undefined,13.809516906738281,15.708366394042969
2025-12-23T20:53:05.795Z,0.00019277949428120214,0.00034539659392048716,undefined,13.807777404785156,15.708366394042969
2025-12-23T20:53:06.708Z,0.00009102773719304938,0.0000889108130722808,undefined,13.818275451660156,15.708366394042969
2025-12-23T20:53:07.578Z,0,0,undefined,13.758533477783203,15.708366394042969
2025-12-23T20:53:08.410Z,0.00007405236035053778,0.00007405236035053778,undefined,13.770767211914062,15.708366394042969
2025-12-23T20:53:09.315Z,0.0003046882800019968,0.00028336010040185705,undefined,13.776973724365234,15.708366394042969
2025-12-23T20:53:10.424Z,0.0007032346324760373,0.00018332184863691572,undefined,13.767581939697266,15.708366394042969
2025-12-23T20:53:11.148Z,0.00043696417704753725,0.0003561258042937428,undefined,13.739295959472656,15.708366394042969
2025-12-23T20:53:12.102Z,0.00016225303547180998,0.0004995992746901775,undefined,13.750083923339844,15.708366394042969
2025-12-23T20:53:13.044Z,0.0004977174269716264,0.0007329400465678061,undefined,13.724353790283203,15.708366394042969
2025-12-23T20:53:13.875Z,0.0015435999937920234,0.0014888045257344515,undefined,13.732551574707031,15.708366394042969
2025-12-23T20:53:15.017Z,0.0007211184892498079,0.0005120136698738473,undefined,13.733123779296875,15.708366394042969
2025-12-23T20:53:16.003Z,0.000175468143455204,0.00040050355907289505,undefined,13.74191665649414,15.708366394042969
2025-12-23T20:53:16.899Z,0,0,undefined,13.758441925048828,15.708366394042969
2025-12-23T20:53:17.806Z,0,0.00007867547314834169,undefined,13.769256591796875,15.708366394042969
2025-12-23T20:53:18.740Z,0.00016460398125674218,0.00008641709015978964,undefined,13.781246185302734,15.708366394042969
2025-12-23T20:53:19.601Z,0.00014526165084333608,0.00008631489397937362,undefined,13.787940979003906,15.708366394042969
2025-12-23T20:53:21.022Z,0.0015068732970974197,0.0002901749254545707,undefined,13.795852661132812,15.708366394042969
2025-12-23T20:53:21.869Z,0.012631068413861319,0.018235235255163625,undefined,13.823963165283203,15.708366394042969
2025-12-23T20:53:22.740Z,0.0036793786126214103,0.0011781314471820453,undefined,13.826667785644531,15.708366394042969
2025-12-23T20:53:23.838Z,0.00029696693903283225,0.00021970724757713607,undefined,13.823417663574219,15.708366394042969
2025-12-23T20:53:24.858Z,0.007007936051234836,0.008655792712338876,undefined,13.848365783691406,15.708366394042969
2025-12-23T20:53:25.908Z,0.002345021350418078,0.0005499171968439087,undefined,13.877429962158203,15.708366394042969
2025-12-23T20:53:27.155Z,0.004134178161621094,0.004593849182128906,undefined,13.863014221191406,15.708366394042969
2025-12-23T20:53:28.375Z,0.003594202352753768,0.004193461533133865,undefined,13.984542846679688,15.708366394042969
2025-12-23T20:53:29.735Z,0.011630328196399616,0.008245684065908756,undefined,13.984264373779297,15.708366394042969
2025-12-23T20:53:31.555Z,0.004276183529399051,0.0032083369356765592,undefined,13.98099136352539,15.708366394042969
2025-12-23T20:53:32.442Z,0.0020307959919097537,0.001616117187054894,undefined,13.965560913085938,15.708366394042969
2025-12-23T20:53:33.556Z,0.0017585206080755905,0.001631233481655865,undefined,13.934398651123047,15.708366394042969
2025-12-23T20:53:35.021Z,0.006301062447684152,0.005542210170200893,undefined,13.962039947509766,15.708366394042969
2025-12-23T20:53:35.849Z,0.0006928479761109316,0.00044994784477061795,undefined,13.938182830810547,15.708366394042969
2025-12-23T20:53:36.678Z,0.00021510515872005378,0.0004712419373115629,undefined,13.907760620117188,15.708366394042969
2025-12-23T20:53:37.552Z,0.00033346015391425823,0.000058654229027263664,undefined,13.818134307861328,15.708366394042969
2025-12-23T20:53:38.582Z,0.00015412918244949494,0.00015220256766887625,undefined,13.72726058959961,15.708366394042969
2025-12-23T20:53:39.552Z,0.00008824746566114617,0.0002938239481672253,undefined,13.754119873046875,15.708366394042969
2025-12-23T20:53:40.653Z,0.0019619643425626376,0.0006417345895641175,undefined,13.758129119873047,15.708366394042969
2025-12-23T20:53:41.793Z,0.00025700714628575214,0.00042996164095603816,undefined,13.779422760009766,15.708366394042969
2025-12-23T20:53:42.834Z,0.0005805765399496064,0.009434823771469465,undefined,13.809417724609375,15.708366394042969
2025-12-23T20:53:43.756Z,0.007487800964621998,0.0064991447082253,undefined,13.819869995117188,15.708366394042969
2025-12-23T20:53:44.562Z,0.0015059209181777647,0.002641031489786155,undefined,13.840404510498047,15.708366394042969
2025-12-23T20:53:45.782Z,0.0009605106914342517,0.00039138247035310256,undefined,13.835075378417969,15.708366394042969
2025-12-23T20:53:47.186Z,0.0007824128393487922,0.00016691473906107565,undefined,13.868194580078125,15.708366394042969
2025-12-23T20:53:48.108Z,0.00019928727254851417,0.000202514596800312,undefined,13.873287200927734,15.708366394042969
2025-12-23T20:53:48.945Z,0,0,undefined,13.866081237792969,15.708366394042969
2025-12-23T20:53:49.821Z,0,0,undefined,13.860687255859375,15.708366394042969
2025-12-23T20:53:50.824Z,0.00025653251632283113,0.0002584907798062115,undefined,13.846870422363281,15.708366394042969
2025-12-23T20:53:51.822Z,0.0005610479949161629,0.0005084832688150309,undefined,13.861839294433594,15.708366394042969
2025-12-23T20:53:52.733Z,0.001094485289298448,0.0004640361606674706,undefined,13.827777862548828,15.708366394042969
2025-12-23T20:53:53.680Z,0.0084879838467115,0.012702791264826784,undefined,13.836158752441406,15.708366394042969
2025-12-23T20:53:54.500Z,0.006344832109482907,0.0010485148561593578,undefined,13.831581115722656,15.708366394042969
2025-12-23T20:53:55.759Z,0.0006871938919656896,0.007994412733216813,undefined,13.892044067382812,15.708366394042969
2025-12-23T20:53:56.796Z,0.009491456953506896,0.0068861678991903805,undefined,13.90997314453125,15.708366394042969
2025-12-23T20:53:57.937Z,0.000488581915794335,0.0005786250573269448,undefined,13.920345306396484,15.708366394042969
2025-12-23T20:53:58.909Z,0.001052714006208066,0.0010749701162758897,undefined,13.915115356445312,15.708366394042969
2025-12-23T20:54:00.040Z,0.001966524467193823,0.003295836688803254,undefined,13.924564361572266,15.708366394042969
2025-12-23T20:54:01.803Z,0.004722383670450478,0.003358842092080602,undefined,13.659442901611328,15.708366394042969
2025-12-23T20:54:02.801Z,0.002773366075880984,0.0020209779130651597,undefined,13.703872680664062,15.708366394042969
2025-12-23T20:54:03.798Z,0.0021457672119140625,0.006585714807472076,undefined,13.708057403564453,15.708366394042969
2025-12-23T20:54:05.029Z,0.00716260108450351,0.0006791462032582122,undefined,13.715282440185547,15.708366394042969
2025-12-23T20:54:06.246Z,0.00023996074326133974,0.00015606701296945748,undefined,13.745738983154297,15.708366394042969
2025-12-23T20:54:07.042Z,0.00032033675756209937,0.0003227820763221154,undefined,13.741535186767578,15.708366394042969
2025-12-23T20:54:08.021Z,0.00028678980472772914,0.0003742017657577562,undefined,13.75161361694336,15.708366394042969
2025-12-23T20:54:08.976Z,0.000509756878330119,0.0007222387082407166,undefined,13.756656646728516,15.708366394042969
2025-12-23T20:54:10.238Z,0.0009239844556124705,0.0005011288624889445,undefined,13.773494720458984,15.708366394042969
2025-12-23T20:54:11.257Z,0.0005940223400671638,0.00016363312667560322,undefined,13.764789581298828,15.708366394042969
2025-12-23T20:54:12.109Z,0.0008919105571658892,0.000720228243345225,undefined,13.779727935791016,15.708366394042969
2025-12-23T20:54:12.989Z,0.0008178599906810357,0.0010042329340119868,undefined,13.779304504394531,15.708366394042969
2025-12-23T20:54:13.988Z,0.001118378938684141,0.0005851045322878925,undefined,13.777721405029297,15.708366394042969
2025-12-23T20:54:15.437Z,0.000283776260003811,0.00016481618847996514,undefined,13.824230194091797,15.708366394042969
2025-12-23T20:54:16.535Z,0.00033592592347586787,0.00022771901543316045,undefined,13.78262710571289,15.708366394042969
2025-12-23T20:54:17.375Z,0.0005888092285715565,0.0006215815418501217,undefined,13.803421020507812,15.708366394042969
2025-12-23T20:54:18.476Z,0.0006768011277721774,0.00041767622046080176,undefined,13.806339263916016,15.708366394042969
2025-12-23T20:54:19.446Z,0.00017544388268064346,0.0001561289598167194,undefined,13.81052017211914,15.708366394042969
2025-12-23T20:54:20.481Z,0.00014005573577103672,0.00018701083793704903,undefined,13.78322982788086,15.708366394042969
2025-12-23T20:54:21.676Z,0.00014442276026795157,0.00015087740877154718,undefined,13.795764923095703,15.708366394042969
2025-12-23T20:54:22.671Z,0.0010650960644285883,0.0011621408127061087,undefined,13.810142517089844,15.708366394042969
2025-12-23T20:54:23.600Z,0.00045690159339689267,0.0004719879667637712,undefined,13.817657470703125,15.708366394042969
2025-12-23T20:54:25.125Z,0.0002810172213919259,0.00021053988650315716,undefined,13.835090637207031,15.708366394042969
2025-12-23T20:54:26.038Z,0.0001448082348291574,0.000123602007971331,undefined,13.859233856201172,15.708366394042969
2025-12-23T20:54:27.158Z,0.0006153970538733718,0.00043861373870788455,undefined,13.918880462646484,15.708366394042969
2025-12-23T20:54:28.026Z,0.005377480449469399,0.004106542318029677,undefined,13.916213989257812,15.708366394042969
2025-12-23T20:54:28.970Z,0.002097146224038314,0.0008986095831493782,undefined,13.920326232910156,15.708366394042969
2025-12-23T20:54:29.859Z,0.00037265424968815653,0.00032056279543067227,undefined,13.936546325683594,15.708366394042969
2025-12-23T20:54:32.922Z,0.00017913199539754536,0.0001781141999691502,undefined,14.026268005371094,15.708366394042969
2025-12-23T20:54:34.911Z,0.2792643957549329,0.0271565680714652,undefined,14.101970672607422,15.708366394042969
2025-12-23T20:54:37.456Z,0.07653966870594835,0.01036016295958639,undefined,14.1949462890625,15.708366394042969
2025-12-23T20:54:38.602Z,0.01031365887872104,0.005219722616261449,undefined,14.072643280029297,15.708366394042969
2025-12-23T20:54:39.594Z,0.00348361642758388,0.0027778489825889077,undefined,14.0654296875,15.708366394042969
2025-12-23T20:54:41.307Z,0.0032198549521089805,0.003044051353377525,undefined,14.053459167480469,15.708366394042969
2025-12-23T20:54:42.671Z,0.0024296790887947217,0.0020879738743650616,undefined,14.06222152709961,15.708366394042969
2025-12-23T20:54:44.296Z,0.051444693091130846,0.010951369693970984,undefined,14.070667266845703,15.708366394042969
2025-12-23T20:54:45.884Z,0.08769136663413554,0.007176813738467382,undefined,14.039714813232422,15.708366394042969
2025-12-23T20:54:47.243Z,0.05734355937833248,0.006065170559755772,undefined,14.037078857421875,15.708366394042969
2025-12-23T20:54:48.612Z,0.07776108022475939,0.015678493657969108,undefined,14.057125091552734,15.708366394042969
2025-12-23T20:54:49.665Z,0.04026117887603419,0.005565381696539823,undefined,14.09457015991211,15.708366394042969
2025-12-23T20:54:50.717Z,2.3472856559145643,0.14941046588758275,undefined,14.118667602539062,15.708366394042969
2025-12-23T20:54:51.504Z,1.2280255898661998,0.05203225146764996,undefined,14.10739517211914,15.708366394042969
2025-12-23T20:54:52.473Z,0.0004853142632378472,0.0016848246256510415,undefined,13.98208236694336,15.708366394042969
2025-12-23T20:54:53.399Z,0.00105460313174946,0.0005623176854835988,undefined,13.99545669555664,15.708366394042969
2025-12-23T20:54:54.583Z,0.010499936915568994,0.010431570063485423,undefined,14.01016616821289,15.708366394042969
2025-12-23T20:54:55.588Z,0.00015146074092509235,0.00008013329897781049,undefined,14.004566192626953,15.708366394042969
2025-12-23T20:54:56.648Z,0.0002360664675588565,0.00018816892341647981,undefined,14.004425048828125,15.708366394042969
2025-12-23T20:54:57.645Z,0.00793899314990942,0.0023570037694368965,undefined,14.026081085205078,15.708366394042969
2025-12-23T20:54:58.804Z,0.0008045055744727592,0.0006285199800568432,undefined,14.05710220336914,15.708366394042969
2025-12-23T20:54:59.706Z,0.00038191124244972514,0.00039074156019422744,undefined,14.079719543457031,15.708366394042969
2025-12-23T20:55:01.102Z,0.0016502536512548517,0.004427148661482225,undefined,14.084617614746094,15.708366394042969
2025-12-23T20:55:01.841Z,0.019715094441518734,0.0065209353781495415,undefined,14.103389739990234,15.708366394042969
2025-12-23T20:55:02.960Z,0.0006361608698025045,0.0006112133847122102,undefined,14.105438232421875,15.708366394042969
2025-12-23T20:55:04.064Z,0.007517917276873218,0.01303468188981201,undefined,14.120441436767578,15.708366394042969
2025-12-23T20:55:05.349Z,0.0008326920103004702,0.00012598847049636374,undefined,14.105236053466797,15.708366394042969
2025-12-23T20:55:06.210Z,0.0006404158245822239,0.0006543146655163957,undefined,14.125659942626953,15.708366394042969
2025-12-23T20:55:07.127Z,0.0001596748282056336,0.00017279878668828843,undefined,14.15005874633789,15.708366394042969
2025-12-23T20:55:08.164Z,0.0002537377819216629,0.00014671912560096153,undefined,14.146812438964844,15.708366394042969
2025-12-23T20:55:09.413Z,0.05940448625285635,0.007645980171535327,undefined,14.170333862304688,15.708366394042969
2025-12-23T20:55:10.546Z,0.00016520342488927166,0.00016895804818220964,undefined,14.14432144165039,15.708366394042969
2025-12-23T20:55:11.897Z,0.0007486246662255959,0.0031124989352893638,undefined,14.136009216308594,15.708366394042969
2025-12-23T20:55:12.721Z,0.0009427041363862394,0.0003781055380230301,undefined,14.114627838134766,15.708366394042969
2025-12-23T20:55:13.561Z,0.0009547871219096413,0.0010727445052691074,undefined,14.10372543334961,15.708366394042969
2025-12-23T20:55:14.620Z,0.00711821082376564,0.005135032147085477,undefined,14.07608413696289,15.708366394042969
2025-12-23T20:55:15.631Z,0.0005231899522151708,0.00004956536389406882,undefined,14.052947998046875,15.708366394042969
2025-12-23T20:55:16.708Z,0.008015123845329947,0.005656968866920944,undefined,14.014144897460938,15.708366394042969
2025-12-23T20:55:17.496Z,0.0015469697805551381,0.0032553305992713342,undefined,13.977546691894531,15.708366394042969
2025-12-23T20:55:18.427Z,0.00029919194240196075,0.0002586763668683619,undefined,13.941120147705078,15.708366394042969
2025-12-23T20:55:19.439Z,0.00021578085542929294,0.00007899120600536616,undefined,13.927684783935547,15.708366394042969
2025-12-23T20:55:20.328Z,0.00032422551479315844,0.0035011605040667806,undefined,13.867053985595703,15.708366394042969
2025-12-23T20:55:21.145Z,0.000458843303176592,0.0005528112127595978,undefined,13.867698669433594,15.708366394042969
2025-12-23T20:55:22.151Z,0.00013538591548147182,0.00025484407620041756,undefined,13.80661392211914,15.708366394042969
2025-12-23T20:55:23.036Z,0.0006045613970075335,0.0005715659686497279,undefined,13.727237701416016,15.708366394042969
2025-12-23T20:55:24.017Z,0.0010107870155808617,0.0034267619504766947,undefined,13.70321273803711,15.708366394042969
2025-12-23T20:55:25.476Z,0.000746143974273311,0.00010424779976910425,undefined,13.698528289794922,15.708366394042969
2025-12-23T20:55:26.631Z,0.0006951669086279393,0.00031207761758297273,undefined,13.70621109008789,15.708366394042969
2025-12-23T20:55:27.317Z,0.00008534442373666754,0.0003374081868658949,undefined,13.719165802001953,15.708366394042969
2025-12-23T20:55:28.275Z,0.0012893313885302096,0.0012065510970942332,undefined,13.73757553100586,15.708366394042969
2025-12-23T20:55:29.200Z,0,0,undefined,13.751201629638672,15.708366394042969
2025-12-23T20:55:30.195Z,0,0,undefined,13.760021209716797,15.708366394042969
2025-12-23T20:55:31.494Z,0.0008558271975058195,0.002137222343653922,undefined,13.714000701904297,15.708366394042969
2025-12-23T20:55:32.321Z,0.0009348311356210551,0.0005904196646027717,undefined,13.72381591796875,15.708366394042969
2025-12-23T20:55:33.441Z,0.0017748216842110867,0.0013451918377646742,undefined,13.753662109375,15.708366394042969
2025-12-23T20:55:34.535Z,0.000522191849343268,0.00036283752912114395,undefined,13.813007354736328,15.708366394042969
2025-12-23T20:55:35.689Z,0.007414342213586838,0.004448274478432621,undefined,13.8223876953125,15.708366394042969
2025-12-23T20:55:36.988Z,0.00006792931583340608,0.00003596257897062675,undefined,13.81478500366211,15.708366394042969
2025-12-23T20:55:37.798Z,0.002864872290556414,0.00020305275556177472,undefined,13.825008392333984,15.708366394042969
2025-12-23T20:55:38.676Z,0.0002856628136700749,0.00015162103187103975,undefined,13.827930450439453,15.708366394042969
2025-12-23T20:55:39.802Z,0.0012290668997535093,0.00018359505556483956,undefined,13.840499877929688,15.708366394042969
2025-12-23T20:55:40.891Z,0.000983131438148528,0.011345901391067406,undefined,13.846363067626953,15.708366394042969
2025-12-23T20:55:41.830Z,0.0005779161145125345,0.0005245584498436269,undefined,13.863243103027344,15.708366394042969
2025-12-23T20:55:43.320Z,0.0004613554322874391,0.0005604384781478287,undefined,13.878311157226562,15.708366394042969
2025-12-23T20:55:44.174Z,0.008051542309223194,0.010115275450792358,undefined,13.87640380859375,15.708366394042969
2025-12-23T20:55:44.958Z,0.0021191530449445857,0.0013551046681958576,undefined,13.87759780883789,15.708366394042969
2025-12-23T20:55:46.088Z,0.0005560861506932218,0.00027759534092576294,undefined,13.90859603881836,15.708366394042969
2025-12-23T20:55:47.299Z,0.0004942082750775558,0.00031268010373975406,undefined,13.925239562988281,15.708366394042969
2025-12-23T20:55:48.611Z,0.0006722383178337633,0.0026794748568753583,undefined,13.949234008789062,15.708366394042969
2025-12-23T20:55:49.526Z,0.01298580596696085,0.016680404321471255,undefined,13.97085189819336,15.708366394042969
2025-12-23T20:55:50.587Z,0.00029161941906637396,0.00016814092630853996,undefined,13.942264556884766,15.708366394042969
2025-12-23T20:55:51.533Z,0.00031368095616894317,0.0002515763373301255,undefined,13.885047912597656,15.708366394042969
2025-12-23T20:55:52.588Z,0.00024088668033449794,0.00010662197326281056,undefined,13.887802124023438,15.708366394042969
2025-12-23T20:55:53.726Z,0.007631152456257201,0.02375747750981063,undefined,13.883216857910156,15.708366394042969
2025-12-23T20:55:54.888Z,0.0026327539160548442,0.0015580510518637047,undefined,13.892585754394531,15.708366394042969
2025-12-23T20:55:56.090Z,0.0018220198781866777,0.005100651791221217,undefined,13.901958465576172,15.708366394042969
2025-12-23T20:55:57.083Z,0.0071179107780313675,0.0024995553806033475,undefined,13.920185089111328,15.708366394042969
2025-12-23T20:55:57.926Z,0.00024574586403848997,0.00021418217507941786,undefined,13.909996032714844,15.708366394042969
2025-12-23T20:55:58.849Z,0.0006448331676768239,0.0007036600531490955,undefined,13.91318130493164,15.708366394042969
2025-12-23T20:55:59.571Z,0.0001662694947657223,0.00015439310228245641,undefined,13.922115325927734,15.708366394042969
2025-12-23T20:56:01.141Z,0.0003351265168094252,0.0000517052340220256,undefined,13.910026550292969,15.708366394042969
2025-12-23T20:56:01.990Z,0.000300510324162545,0.00019553753969480666,undefined,13.568397521972656,15.708366394042969
2025-12-23T20:56:02.897Z,0.00042774268155972635,0.0004254854642427885,undefined,13.569778442382812,15.708366394042969
2025-12-23T20:56:03.821Z,0.0005151785378547919,0.00020952753950488392,undefined,13.556465148925781,15.708366394042969
2025-12-23T20:56:04.773Z,0.00037645038805509865,0.00021750466865405702,undefined,13.541793823242188,15.708366394042969
2025-12-23T20:56:06.280Z,0.000383907232802516,0.00017595748170115316,undefined,13.54180908203125,15.708366394042969
2025-12-23T20:56:07.079Z,0.0004125640257677311,0.0003092058803648679,undefined,13.528926849365234,15.708366394042969
2025-12-23T20:56:07.945Z,0.010255959342880502,0.011552871923774051,undefined,13.549880981445312,15.708366394042969
2025-12-23T20:56:09.208Z,0.0002757744855045723,0.00011865993798603111,undefined,13.545276641845703,15.708366394042969
2025-12-23T20:56:10.174Z,0.00004812118110306766,0.00007947285970052083,undefined,13.567359924316406,15.708366394042969
2025-12-23T20:56:11.223Z,0.0002574821622696002,0.0001841987776236371,undefined,13.55752182006836,15.708366394042969
2025-12-23T20:56:12.166Z,0.0002836996270704639,0.00025874884553657944,undefined,13.583602905273438,15.708366394042969
2025-12-23T20:56:13.452Z,0.0010193668465149942,0.0019753064225801666,undefined,13.613399505615234,15.708366394042969
2025-12-23T20:56:14.692Z,0.0005067306191913943,0.0011111618181981078,undefined,13.660255432128906,15.708366394042969
2025-12-23T20:56:16.270Z,0.002254477164193419,0.0036697506625858584,undefined,13.645538330078125,15.708366394042969
2025-12-23T20:56:17.355Z,0.0002676843621336692,0.0001802772234777772,undefined,13.647605895996094,15.708366394042969
2025-12-23T20:56:18.637Z,0.000858306884765625,0.0032183888194325205,undefined,13.649002075195312,15.708366394042969
2025-12-23T20:56:20.199Z,0.0005364418029785156,0.0003679440571711614,undefined,13.63967514038086,15.708366394042969
2025-12-23T20:56:21.119Z,0.00021588671338427197,0.00016348702566964285,undefined,13.65842056274414,15.708366394042969
2025-12-23T20:56:22.296Z,0,0,undefined,13.642143249511719,15.708366394042969
2025-12-23T20:56:23.323Z,0.0005860024310172873,0.0026353876641456117,undefined,13.670562744140625,15.708366394042969
2025-12-23T20:56:24.511Z,0.0003693623617359993,0.0001675729479609878,undefined,13.623218536376953,15.708366394042969
2025-12-23T20:56:25.448Z,0.0005966029803848623,0.0028004721989707345,undefined,13.643341064453125,15.708366394042969
2025-12-23T20:56:26.472Z,0.00011408440420560748,0.00004812935802424065,undefined,13.666553497314453,15.708366394042969
2025-12-23T20:56:27.886Z,0.0006983935459447739,0.0003620035005875112,undefined,13.657463073730469,15.708366394042969
2025-12-23T20:56:28.937Z,0.000910600811642665,0.0025507591102185514,undefined,13.675884246826172,15.708366394042969
2025-12-23T20:56:29.759Z,0.0002584724782783294,0.00038882282292731455,undefined,13.672130584716797,15.708366394042969
2025-12-23T20:56:30.805Z,0.000980083759014423,0.00013498159555288462,undefined,13.689136505126953,15.708366394042969
2025-12-23T20:56:31.904Z,0.0005726327264616652,0.000288992217092803,undefined,13.690361022949219,15.708366394042969
2025-12-23T20:56:32.745Z,0.00006099079930505087,0.00005082566608754239,undefined,13.691295623779297,15.708366394042969
2025-12-23T20:56:33.447Z,0.00008788530437616749,0.00008788530437616749,undefined,13.69998550415039,15.708366394042969
2025-12-23T20:56:34.568Z,0.0003232223631950574,0.0005193442658628916,undefined,13.6990966796875,15.708366394042969
2025-12-23T20:56:35.650Z,0.00034130346651593064,0.00011852339030135213,undefined,13.718711853027344,15.708366394042969
2025-12-23T20:56:36.647Z,0.0003126478686775129,0.00024185967199581186,undefined,13.70382308959961,15.708366394042969
2025-12-23T20:56:37.660Z,0.0001142690847585867,0.0002371298300253378,undefined,13.733184814453125,15.708366394042969
2025-12-23T20:56:38.555Z,0.00029286894195624304,0.00039013949307528407,undefined,13.728527069091797,15.708366394042969
2025-12-23T20:56:40.424Z,0.0005959580791182126,0.0023477779131098266,undefined,13.773712158203125,15.708366394042969
2025-12-23T20:56:41.640Z,0.0004129904458261083,0.00017831063817004675,undefined,13.806415557861328,15.708366394042969
2025-12-23T20:56:42.552Z,0.0002446692534600304,0.002700291322858146,undefined,13.802265167236328,15.708366394042969
2025-12-23T20:56:43.703Z,0.001597851260963453,0.009539992480302385,undefined,13.811077117919922,15.708366394042969
2025-12-23T20:56:44.627Z,0.0004904311999940035,0.00022482453731068392,undefined,13.834957122802734,15.708366394042969
2025-12-23T20:56:45.908Z,0.00015551720949161452,0.00009791824301323878,undefined,13.620597839355469,15.708366394042969
2025-12-23T20:56:46.716Z,0.0008424291681510141,0.0005440899069210631,undefined,13.610095977783203,15.708366394042969
2025-12-23T20:56:47.532Z,0.0008639910363203642,0.00022989235176945364,undefined,13.614017486572266,15.708366394042969
2025-12-23T20:56:48.699Z,0.0004108873416871856,0.00013589659160860226,undefined,13.619430541992188,15.708366394042969
2025-12-23T20:56:49.750Z,0.0006547889231256028,0.00048557380816055936,undefined,13.667613983154297,15.708366394042969
2025-12-23T20:56:50.903Z,0.0006606080711008811,0.0029055148544466277,undefined,13.695854187011719,15.708366394042969
2025-12-23T20:56:51.880Z,0.0035135783347234385,0.008691566008137752,undefined,13.684837341308594,15.708366394042969
2025-12-23T20:56:52.812Z,0.01422839589638285,0.02137269123946086,undefined,13.724666595458984,15.708366394042969
2025-12-23T20:56:53.711Z,0.030741049598936924,0.03133403311530463,undefined,13.735027313232422,15.708366394042969
2025-12-23T20:56:54.736Z,0.002280907696842598,0.0007585446406069989,undefined,13.749988555908203,15.708366394042969
2025-12-23T20:56:55.492Z,0.00019726501551912447,0.000148288873735066,undefined,13.736255645751953,15.708366394042969
2025-12-23T20:56:56.581Z,0,0,undefined,13.729602813720703,15.708366394042969
2025-12-23T20:56:57.307Z,0,0,undefined,13.739097595214844,15.708366394042969
2025-12-23T20:56:58.348Z,0.00009575563014119742,0.0006793473760017385,undefined,13.738758087158203,15.708366394042969
2025-12-23T20:56:59.801Z,0.005588207400917932,0.00995866452619818,undefined,13.798149108886719,15.708366394042969
2025-12-23T20:57:01.411Z,0.008573797872448153,0.013468872782323397,undefined,13.816211700439453,15.708366394042969
2025-12-23T20:57:02.421Z,0.0009767829205316579,0.0009403424294108225,undefined,13.836353302001953,15.708366394042969
2025-12-23T20:57:03.841Z,0.002105683233114675,0.001437462453591928,undefined,13.853931427001953,15.708366394042969
2025-12-23T20:57:04.935Z,0.0013522048832902034,0.004619089229218531,undefined,13.875762939453125,15.708366394042969
2025-12-23T20:57:05.921Z,0.00806554280442908,0.0013221601740397292,undefined,13.893173217773438,15.708366394042969
2025-12-23T20:57:07.004Z,0.00019825487581205195,0.00048110989259562606,undefined,13.903823852539062,15.708366394042969
2025-12-23T20:57:08.115Z,0.00022325200282283713,0.0003583356422120176,undefined,13.91973876953125,15.708366394042969
2025-12-23T20:57:08.900Z,0.00035517737539676546,0.00030213140374659917,undefined,13.940742492675781,15.708366394042969
2025-12-23T20:57:09.934Z,0.0005033951771410205,0.00006518786466574367,undefined,13.947647094726562,15.708366394042969
2025-12-23T20:57:11.002Z,0.0006571794167543069,0.0063517154791416265,undefined,13.938976287841797,15.708366394042969
2025-12-23T20:57:11.892Z,0.0002112931120181512,0.00029238398203592817,undefined,13.953289031982422,15.708366394042969
2025-12-23T20:57:12.989Z,0.00038859394896010186,0.0003821173831441002,undefined,13.939323425292969,15.708366394042969
2025-12-23T20:57:13.941Z,0.0006995573946477945,0.0008143515253263246,undefined,13.942832946777344,15.708366394042969
2025-12-23T20:57:14.788Z,0.0005076593319272814,0.0003614050958244217,undefined,13.954490661621094,15.708366394042969
2025-12-23T20:57:16.054Z,0.0010402249117035093,0.0010596381293402778,undefined,13.957080841064453,15.708366394042969
2025-12-23T20:57:17.649Z,0,0.0002014804893816021,undefined,13.985862731933594,15.708366394042969
2025-12-23T20:57:18.502Z,0.00016555226519521699,0.0001647750245135493,undefined,13.971206665039062,15.708366394042969
2025-12-23T20:57:19.368Z,0.0009871365731222589,0.00021192762586805556,undefined,14.001899719238281,15.708366394042969
2025-12-23T20:57:21.372Z,0.0004735767331897703,0.00017606295072115384,undefined,14.018207550048828,15.708366394042969
2025-12-23T20:57:22.428Z,0.0018121596804575406,0.0042745788916898975,undefined,14.092094421386719,15.708366394042969
2025-12-23T20:57:22.633Z,0,0,undefined,14.082710266113281,15.708366394042969
2025-12-23T20:57:23.906Z,0.000612731727741621,0.00298405176069443,undefined,14.045883178710938,15.708366394042969
2025-12-23T20:57:24.670Z,0.0005425804873241539,0.00022970560777226952,undefined,14.085929870605469,15.708366394042969
2025-12-23T20:57:25.484Z,0,0,undefined,14.099468231201172,15.708366394042969
2025-12-23T20:57:26.858Z,0.0001425758944793397,0.001492294362217089,undefined,14.047355651855469,15.708366394042969
2025-12-23T20:57:27.797Z,0.0010335911585631983,0.010478696343619065,undefined,14.095726013183594,15.708366394042969
2025-12-23T20:57:28.007Z,0.009125578189324475,0.0016389492743029564,undefined,14.086238861083984,15.708366394042969
2025-12-23T20:57:29.033Z,0.0005905850427033965,0.0006598883895512441,undefined,14.047237396240234,15.708366394042969
2025-12-23T20:57:30.110Z,0.00095367431640625,0.00020388130829713055,undefined,14.058135986328125,15.708366394042969
2025-12-23T20:57:31.173Z,0.0019331852278386455,0.0030692355091353337,undefined,14.06314468383789,15.708366394042969
2025-12-23T20:57:32.602Z,0.002055761091583093,0.0015941912437319667,undefined,14.053092956542969,15.708366394042969
2025-12-23T20:57:33.997Z,0.0022600366325467897,0.001559134476626637,undefined,14.111522674560547,15.708366394042969
2025-12-23T20:57:34.776Z,0.0019302209052601996,0.0016656981021694148,undefined,13.903366088867188,15.708366394042969
2025-12-23T20:57:35.022Z,0.0040330082537179965,0.0018728784767978162,undefined,13.882789611816406,15.708366394042969
2025-12-23T20:57:36.120Z,0.0018326837397130782,0.005936707466098336,undefined,13.886249542236328,15.708366394042969
2025-12-23T20:57:37.157Z,0.007717478127081484,0.0006674026299539299,undefined,13.852806091308594,15.708366394042969
2025-12-23T20:57:38.045Z,0.00026538900660173927,0.00024165503040158372,undefined,13.849613189697266,15.708366394042969
2025-12-23T20:57:39.111Z,0.00017952634043902514,0.0001310827247650025,undefined,13.861896514892578,15.708366394042969
2025-12-23T20:57:39.917Z,0.00028939792970859206,0.00028527838622519573,undefined,13.864349365234375,15.708366394042969
2025-12-23T20:57:40.766Z,0.00030548383217319987,0.0004736282944197931,undefined,13.885021209716797,15.708366394042969
2025-12-23T20:57:41.707Z,0,0.00022217467591002747,undefined,13.873424530029297,15.708366394042969
2025-12-23T20:57:42.556Z,0.0006939377348567574,0.0014123789208030898,undefined,13.900432586669922,15.708366394042969
2025-12-23T20:57:43.544Z,0.001202077738963547,0.0009585449717505108,undefined,13.896717071533203,15.708366394042969
2025-12-23T20:57:44.635Z,0.0007436095497107679,0.000548338076444545,undefined,13.899017333984375,15.708366394042969
2025-12-23T20:57:45.816Z,0.0001691560388640041,0.00013623918805803572,undefined,13.930065155029297,15.708366394042969
2025-12-23T20:57:46.743Z,0.0007781464736071352,0.00024104745232320822,undefined,13.930431365966797,15.708366394042969
2025-12-23T20:57:47.831Z,0.0010632099432594023,0.007087669420182779,undefined,13.958381652832031,15.708366394042969
2025-12-23T20:57:48.618Z,0.000428250504571968,0.0002029460222469567,undefined,13.932907104492188,15.708366394042969
2025-12-23T20:57:49.553Z,0,0,undefined,13.943241119384766,15.708366394042969
2025-12-23T20:57:50.554Z,0.0006918813668045343,0.014807663711847045,undefined,13.937553405761719,15.708366394042969
2025-12-23T20:57:52.170Z,0.0002708807830313518,0.00020875216307003258,undefined,13.940288543701172,15.708366394042969
2025-12-23T20:57:53.057Z,0.00006380822731832052,0.00006380822731832052,undefined,13.971519470214844,15.708366394042969
2025-12-23T20:57:53.812Z,0.00020816241424095812,0.00012344515263126586,undefined,13.961273193359375,15.708366394042969
2025-12-23T20:57:54.598Z,0.0004102074216376823,0.00022248538122721751,undefined,13.96335220336914,15.708366394042969
2025-12-23T20:57:55.659Z,0.0002357092770663175,0.0004917383193969727,undefined,13.959053039550781,15.708366394042969
2025-12-23T20:57:57.832Z,0.00037234893173402196,0.001565068255458076,undefined,13.999359130859375,15.708366394042969
2025-12-23T20:57:58.653Z,0.001455980521635061,0.004282337267957738,undefined,14.06357192993164,15.708366394042969
2025-12-23T20:57:59.096Z,0.00040129859848777845,0.014375932145826886,undefined,14.098636627197266,15.708366394042969
2025-12-23T20:58:00.224Z,0.0013757567895229326,0.0002596314868999525,undefined,14.045463562011719,15.708366394042969
2025-12-23T20:58:01.667Z,0.004626169402804502,0.016327781564050327,undefined,14.035259246826172,15.708366394042969
2025-12-23T20:58:02.676Z,0.000533475921777814,0.0005970031836251003,undefined,14.064037322998047,15.708366394042969
2025-12-23T20:58:03.590Z,0.002518829082296162,0.004209807709906751,undefined,14.055908203125,15.708366394042969
2025-12-23T20:58:04.907Z,0.002387953599991769,0.0014309301200511688,undefined,14.051593780517578,15.708366394042969
2025-12-23T20:58:06.350Z,0.001991226861676021,0.0013723606016577744,undefined,14.132499694824219,15.708366394042969
2025-12-23T20:58:06.361Z,0,0,undefined,14.096260070800781,15.708366394042969
2025-12-23T20:58:07.218Z,0.0025179490572030815,0.0062242136419319374,undefined,14.12911605834961,15.708366394042969
2025-12-23T20:58:08.237Z,0.00630536125701608,0.010211722364703428,undefined,14.111152648925781,15.708366394042969
2025-12-23T20:58:09.118Z,0.01593159401136443,0.0013979391715294304,undefined,14.109455108642578,15.708366394042969
2025-12-23T20:58:10.159Z,0.0005803018246056899,0.0005128248682561911,undefined,14.1263427734375,15.708366394042969
2025-12-23T20:58:11.307Z,0.00008678940868882276,0.00008477105034722223,undefined,14.124313354492188,15.708366394042969
2025-12-23T20:58:12.288Z,0.0008941162014082017,0.00028960133417801036,undefined,14.096939086914062,15.708366394042969
2025-12-23T20:58:13.218Z,0.0009105386049463803,0.000883344352069506,undefined,14.108699798583984,15.708366394042969
2025-12-23T20:58:14.270Z,0.0006716302100648272,0.004875913579413232,undefined,14.123046875,15.708366394042969
2025-12-23T20:58:15.233Z,0.0003792389094480994,0.0009908546016462597,undefined,14.114215850830078,15.708366394042969
2025-12-23T20:58:15.934Z,0.0006402544963085438,0.00006585474819173593,undefined,14.105770111083984,15.708366394042969
2025-12-23T20:58:17.010Z,0.0002081577594463642,0.0002099917485163762,undefined,14.090312957763672,15.708366394042969
2025-12-23T20:58:18.115Z,0.0005723957069412262,0.0005083714792866984,undefined,14.12982177734375,15.708366394042969
2025-12-23T20:58:19.200Z,0.00025333502353766025,0.0006758861052684295,undefined,14.158821105957031,15.708366394042969
2025-12-23T20:58:19.999Z,0.00029625165725371525,0.00009875055241790508,undefined,14.165409088134766,15.708366394042969
2025-12-23T20:58:21.164Z,0.00016289174024019366,0.00009659859014244042,undefined,14.157546997070312,15.708366394042969
2025-12-23T20:58:22.076Z,0.00025193125553479227,0.00012825591190862153,undefined,14.177593231201172,15.708366394042969
2025-12-23T20:58:22.945Z,0.000284584510863934,0.00046798341786513593,undefined,14.193248748779297,15.708366394042969
2025-12-23T20:58:23.962Z,0.0007412727915536952,0.00017401570710811717,undefined,14.222286224365234,15.708366394042969
2025-12-23T20:58:24.858Z,0.00997368557994584,0.013436295913351801,undefined,14.199077606201172,15.708366394042969
2025-12-23T20:58:25.873Z,0.0028877776132989253,0.0003106993248020362,undefined,14.208770751953125,15.708366394042969
2025-12-23T20:58:27.056Z,0.0005550400563104499,0.00018367655042643503,undefined,14.206134796142578,15.708366394042969
2025-12-23T20:58:28.644Z,0.000766823800762048,0.0005679184131408006,undefined,14.185943603515625,15.708366394042969
2025-12-23T20:58:29.650Z,0.0006782261487248808,0.000790830745575755,undefined,14.218795776367188,15.708366394042969
2025-12-23T20:58:31.015Z,0.00029217206673071735,0.00031583388903637404,undefined,14.222465515136719,15.708366394042969
2025-12-23T20:58:31.672Z,0.0008674892219337258,0.0004993902670370566,undefined,14.297908782958984,15.708366394042969
2025-12-23T20:58:31.796Z,0,0,undefined,14.27817153930664,15.708366394042969
2025-12-23T20:58:32.997Z,0.00026220757258176274,0.0001141871687049612,undefined,14.245563507080078,15.708366394042969
2025-12-23T20:58:34.360Z,0.0007411830532353539,0.0003224005372248079,undefined,14.08426284790039,15.708366394042969
2025-12-23T20:58:35.841Z,0.002260735854800982,0.011322526592510962,undefined,14.06839370727539,15.708366394042969
2025-12-23T20:58:37.254Z,0.0004911351239663372,0.00014083496276763962,undefined,14.099689483642578,15.708366394042969
2025-12-23T20:58:37.475Z,0,0,undefined,14.106555938720703,15.708366394042969
2025-12-23T20:58:38.588Z,0.00005449567522321429,0.00005449567522321429,undefined,14.065818786621094,15.708366394042969
2025-12-23T20:58:39.852Z,0.000057560589741941016,0.00005494419929912552,undefined,14.05997085571289,15.708366394042969
2025-12-23T20:58:40.760Z,0.00009002853041815312,0.00007851325327164516,undefined,14.101299285888672,15.708366394042969
2025-12-23T20:58:41.084Z,0.00045312702326484806,0.00026871486263380524,undefined,14.090774536132812,15.708366394042969
2025-12-23T20:58:42.296Z,0.00028602519918085586,0.00004163170015031326,undefined,14.064373016357422,15.708366394042969
2025-12-23T20:58:43.261Z,0.001476863243060405,0.00124776829554382,undefined,14.0968017578125,15.708366394042969
2025-12-23T20:58:43.967Z,0,0,undefined,14.071243286132812,15.708366394042969
2025-12-23T20:58:44.858Z,0.0005941679983428031,0.00022425796046401516,undefined,14.053939819335938,15.708366394042969
2025-12-23T20:58:46.057Z,0.0006402544963085438,0.00006585474819173593,undefined,14.089408874511719,15.708366394042969
2025-12-23T20:58:47.026Z,0.015967840598861523,0.012782072045989197,undefined,14.123725891113281,15.708366394042969
2025-12-23T20:58:47.862Z,0.0018461034932267775,0.0007918121617868406,undefined,14.114696502685547,15.708366394042969
2025-12-23T20:58:48.786Z,0.000570175495553524,0.00010957109167220745,undefined,14.124408721923828,15.708366394042969
2025-12-23T20:58:49.673Z,0.0004635389107631972,0.011389632307359105,undefined,14.127708435058594,15.708366394042969
2025-12-23T20:58:50.613Z,0.0012633317493929233,0.0006131393616117889,undefined,14.135150909423828,15.708366394042969
2025-12-23T20:58:51.403Z,0.0006341379025004043,0.0001332429834047542,undefined,14.14385986328125,15.708366394042969
2025-12-23T20:58:52.570Z,0.000572890686474258,0.00010291449457621402,undefined,14.148075103759766,15.708366394042969
2025-12-23T20:58:53.546Z,0.0005616190989730537,0.0006272883478931141,undefined,14.196102142333984,15.708366394042969
2025-12-23T20:58:54.752Z,0.0006766811913681773,0.0008291203608522173,undefined,14.218528747558594,15.708366394042969
2025-12-23T20:58:55.668Z,0.00037897878618382695,0.0005275455873403976,undefined,14.233074188232422,15.708366394042969
2025-12-23T20:58:56.842Z,0.0003746853013528193,0.00433817734714468,undefined,14.201766967773438,15.708366394042969
2025-12-23T20:58:58.095Z,0.00026973530521557407,0.00011703769175455418,undefined,14.22018051147461,15.708366394042969
2025-12-23T20:58:59.663Z,0.0005595746908649793,0.0007232956035527476,undefined,14.222980499267578,15.708366394042969
2025-12-23T20:59:01.192Z,0.0003812936094218894,0.00019637061178078832,undefined,14.23995590209961,15.708366394042969
2025-12-23T20:59:02.414Z,0.0002704270959947459,0.00015794856934206399,undefined,14.259136199951172,15.708366394042969
2025-12-23T20:59:03.096Z,0.0006850884885204082,0.00041261011240433676,undefined,14.300556182861328,15.708366394042969
2025-12-23T20:59:05.079Z,0,0,undefined,14.308212280273438,15.708366394042969
2025-12-23T20:59:05.080Z,0.0002236471259160586,0.00026466537608406935,undefined,14.329238891601562,15.708366394042969
2025-12-23T20:59:06.848Z,0.000420012004634877,0.00022235929657140544,undefined,14.345100402832031,15.708366394042969
2025-12-23T20:59:06.926Z,0,0,undefined,14.318157196044922,15.708366394042969
2025-12-23T20:59:07.818Z,0.0004963467410898954,0.0003718296973713899,undefined,14.384113311767578,15.708366394042969
2025-12-23T20:59:08.026Z,0.0004867027545797414,0.0004867027545797414,undefined,14.382156372070312,15.708366394042969
2025-12-23T20:59:09.253Z,0.0003504374670603919,0.00020057436019655256,undefined,14.375831604003906,15.708366394042969
2025-12-23T20:59:10.165Z,0.0011141395933541467,0.0032393927783856656,undefined,14.370094299316406,15.708366394042969
2025-12-23T20:59:11.439Z,0.012528338506688693,0.018276003039275755,undefined,14.40325927734375,15.708366394042969
2025-12-23T20:59:12.544Z,0.010416784951853199,0.008905100267986918,undefined,14.437755584716797,15.708366394042969
2025-12-23T20:59:13.673Z,0.0012629329206082767,0.0010862137182071187,undefined,14.414447784423828,15.708366394042969
2025-12-23T20:59:14.522Z,0.0004027871524586397,0.0007371341480928309,undefined,14.41177749633789,15.708366394042969
2025-12-23T20:59:15.658Z,0.006391924387774382,0.006305682546332808,undefined,14.43603515625,15.708366394042969
2025-12-23T20:59:16.690Z,0.003058600318806054,0.001544695798591648,undefined,14.447952270507812,15.708366394042969
2025-12-23T20:59:18.094Z,0.002109184466972553,0.0014308718957418037,undefined,14.444698333740234,15.708366394042969
2025-12-23T20:59:18.734Z,0.0022529833244554925,0.008231654311671402,undefined,14.493457794189453,15.708366394042969
2025-12-23T20:59:18.954Z,0.040016343108320654,0.006435191736812085,undefined,14.512889862060547,15.708366394042969
2025-12-23T20:59:19.755Z,0.005776707719012005,0.0019736406279773247,undefined,14.48672103881836,15.708366394042969
2025-12-23T20:59:20.781Z,0.0009398220637657123,0.00017262037905900837,undefined,14.49222183227539,15.708366394042969
2025-12-23T20:59:22.205Z,0.00029370915062142263,0.00020637117777476456,undefined,14.496379852294922,15.708366394042969
2025-12-23T20:59:23.299Z,0.0005991030962039264,0.0003635373889890492,undefined,14.506950378417969,15.708366394042969
2025-12-23T20:59:24.179Z,0.000056263971469395284,0.0001059638129340278,undefined,14.26504135131836,15.708366394042969
2025-12-23T20:59:25.166Z,0,0,undefined,14.244728088378906,15.708366394042969
2025-12-23T20:59:26.488Z,0.00008446549043350927,0.00007366176491294413,undefined,14.232017517089844,15.708366394042969
2025-12-23T20:59:27.217Z,0.0002954004137962414,0.0044770853801263215,undefined,14.193119049072266,15.708366394042969
2025-12-23T20:59:28.464Z,0.0016880976968827134,0.00042101560089584806,undefined,14.190021514892578,15.708366394042969
2025-12-23T20:59:29.331Z,0.00033261289472345335,0.0004085204018180174,undefined,14.183990478515625,15.708366394042969
2025-12-23T20:59:30.359Z,0.000245284655361687,0.00023865534035191164,undefined,14.18539047241211,15.708366394042969
2025-12-23T20:59:31.587Z,0.00029396412620407705,0.00016920028194304434,undefined,14.175529479980469,15.708366394042969
2025-12-23T20:59:32.501Z,0.0057316466465892404,0.0013953087313863255,undefined,14.141185760498047,15.708366394042969
2025-12-23T20:59:33.204Z,0.0012023185230539291,0.009152474844697904,undefined,14.149421691894531,15.708366394042969
2025-12-23T20:59:34.288Z,0.0014100119332286797,0.008646350040614047,undefined,14.167484283447266,15.708366394042969
2025-12-23T20:59:35.368Z,0.00041261836807396607,0.00023462613086558856,undefined,14.166297912597656,15.708366394042969
2025-12-23T20:59:36.594Z,0.008103285652288586,0.004064689562158677,undefined,14.171089172363281,15.708366394042969
2025-12-23T20:59:37.546Z,0.0014974599581393268,0.0000491866409607808,undefined,14.216106414794922,15.708366394042969
2025-12-23T20:59:38.494Z,0.0026283463882526177,0.007228951179544339,undefined,14.230674743652344,15.708366394042969
2025-12-23T20:59:39.363Z,0.0005653331373456263,0.0037053787031548512,undefined,14.267215728759766,15.708366394042969
2025-12-23T20:59:40.444Z,0.0007824187583111702,0.002757944959275266,undefined,14.299690246582031,15.708366394042969
2025-12-23T20:59:41.616Z,0.0005666760430819746,0.0005013386722609931,undefined,14.28387451171875,15.708366394042969
2025-12-23T20:59:42.544Z,0.00024647326082796663,0.0008368814313733901,undefined,14.285778045654297,15.708366394042969
2025-12-23T20:59:43.354Z,0.006515142609206558,0.0058679365279493394,undefined,14.290882110595703,15.708366394042969
2025-12-23T20:59:44.469Z,0.001271876803582895,0.00027901039198186765,undefined,14.301239013671875,15.708366394042969
2025-12-23T20:59:45.370Z,0.004946434484178122,0.007052601817547251,undefined,14.315803527832031,15.708366394042969
2025-12-23T20:59:46.234Z,0.0028188886313602842,0.0018364396588555698,undefined,14.352912902832031,15.708366394042969
2025-12-23T20:59:47.342Z,0.0018911846613479872,0.005999385619354929,undefined,14.369403839111328,15.708366394042969
2025-12-23T20:59:48.868Z,0.008894624495217045,0.0015519933849314884,undefined,14.376060485839844,15.708366394042969
2025-12-23T20:59:49.743Z,0.00008306983797902433,0.00020848900512382578,undefined,14.381999969482422,15.708366394042969
2025-12-23T20:59:50.070Z,0,0,undefined,14.382946014404297,15.708366394042969
2025-12-23T20:59:51.036Z,0.0005834795571313116,0.0005712650092364532,undefined,14.356185913085938,15.708366394042969
2025-12-23T20:59:52.560Z,0.00046763670737951185,0.000196699293470351,undefined,14.394638061523438,15.708366394042969
2025-12-23T20:59:53.617Z,0.011176578069137315,0.010875120001324153,undefined,14.424728393554688,15.708366394042969
2025-12-23T20:59:54.536Z,0.01140847740331626,0.010612099991794443,undefined,14.41201400756836,15.708366394042969
2025-12-23T20:59:55.969Z,0.0014779761228225496,0.0023111632553030484,undefined,14.409744262695312,15.708366394042969
2025-12-23T20:59:57.134Z,0.00006579936331536572,0.00004497677998771834,undefined,14.463371276855469,15.708366394042969
2025-12-23T20:59:57.320Z,0,0,undefined,14.456680297851562,15.708366394042969
2025-12-23T20:59:59.321Z,0.0019228645426668724,0.007138980951924299,undefined,14.441314697265625,15.708366394042969
2025-12-23T20:59:59.968Z,0.0006044042946227802,0.0029419620978436345,undefined,14.43011474609375,15.708366394042969
2025-12-23T21:00:00.375Z,0.0023344872703014966,0.016631542796819984,undefined,14.466350555419922,15.708366394042969
2025-12-23T21:00:01.323Z,0.0007082907001623946,0.00022288118855337078,undefined,14.463504791259766,15.708366394042969
2025-12-23T21:00:02.838Z,0.0002527427927992532,0.0002552893196788426,undefined,14.482017517089844,15.708366394042969
2025-12-23T21:00:03.761Z,0.00041049459706182063,0.0002612238344938859,undefined,14.503517150878906,15.708366394042969
2025-12-23T21:00:03.965Z,0,0,undefined,14.51095962524414,15.708366394042969
2025-12-23T21:00:05.076Z,0,0,undefined,14.501293182373047,15.708366394042969
2025-12-23T21:00:06.457Z,0.002451644564407336,0.004126164059342158,undefined,14.49050521850586,15.708366394042969
2025-12-23T21:00:07.985Z,0.0075192305671804216,0.004942797858474748,undefined,14.527584075927734,15.708366394042969
2025-12-23T21:00:08.793Z,0.000626214238978017,0.00042102009955058525,undefined,14.562576293945312,15.708366394042969
2025-12-23T21:00:09.009Z,0,0,undefined,14.57534408569336,15.708366394042969
2025-12-23T21:00:09.849Z,0.06726538517560617,0.009609883524982103,undefined,14.533924102783203,15.708366394042969
2025-12-23T21:00:11.055Z,0.0006198497577935529,0.0004672001905757376,undefined,14.530460357666016,15.708366394042969
2025-12-23T21:00:12.138Z,0.0007464335514948918,0.0003814697265625,undefined,14.552947998046875,15.708366394042969
2025-12-23T21:00:12.972Z,0.00046717154013144,0.0004746892430760839,undefined,14.543350219726562,15.708366394042969
2025-12-23T21:00:13.971Z,0.0010465200130756085,0.0009364806688748874,undefined,14.515876770019531,15.708366394042969
2025-12-23T21:00:14.888Z,0.00021687054425564872,0.00007785096460459185,undefined,14.534290313720703,15.708366394042969
2025-12-23T21:00:15.992Z,0.0006935005969397404,0.0005940485266999825,undefined,14.501663208007812,15.708366394042969
2025-12-23T21:00:17.338Z,0.0006109476089477539,0.00008940696716308594,undefined,14.37002944946289,15.708366394042969
2025-12-23T21:00:18.336Z,0.0002098241258594396,0.00023427731345959985,undefined,14.328201293945312,15.708366394042969
2025-12-23T21:00:19.632Z,0.0007382288635501012,0.0002563723668395749,undefined,14.275726318359375,15.708366394042969
2025-12-23T21:00:20.582Z,0.00029624776637300534,0.0005316227040392288,undefined,14.32830810546875,15.708366394042969
2025-12-23T21:00:22.143Z,0.00017604258720615025,0.00010324302106826856,undefined,14.32815933227539,15.708366394042969
2025-12-23T21:00:23.064Z,0.001482825261196603,0.006909027676864951,undefined,14.322563171386719,15.708366394042969
2025-12-23T21:00:23.450Z,0.001389493224441364,0.0013365113179743503,undefined,14.355400085449219,15.708366394042969
2025-12-23T21:00:24.513Z,0.00016109363452808278,0.00004349528132258235,undefined,14.339614868164062,15.708366394042969
2025-12-23T21:00:25.343Z,0.0003119909016549449,0.00044032758460520595,undefined,14.336967468261719,15.708366394042969
2025-12-23T21:00:26.358Z,0.0005405070573291907,0.0028500295853408682,undefined,14.328079223632812,15.708366394042969
2025-12-23T21:00:27.967Z,0.0003612402713660038,0.00021083295837906766,undefined,14.314544677734375,15.708366394042969
2025-12-23T21:00:29.259Z,0.0004594825995856803,0.0004446072636278705,undefined,14.356327056884766,15.708366394042969
2025-12-23T21:00:29.541Z,0,0,undefined,14.386222839355469,15.708366394042969
2025-12-23T21:00:30.538Z,0.0008498433524059356,0.0029936473738241937,undefined,14.33510971069336,15.708366394042969
2025-12-23T21:00:31.582Z,0.00006852749578967066,0.00013020224200037425,undefined,14.267173767089844,15.708366394042969
2025-12-23T21:00:32.509Z,0.0002765239065911572,0,undefined,13.8868408203125,15.708366394042969
2025-12-23T21:00:33.657Z,0.00007215940635384713,0.00007215940635384713,undefined,13.881694793701172,15.708366394042969
2025-12-23T21:00:34.564Z,0.0005846646562892588,0.0004629393917831344,undefined,13.81435775756836,15.708366394042969
2025-12-23T21:00:35.398Z,0.00026633224733149836,0.00033393966396180183,undefined,13.770492553710938,15.708366394042969
2025-12-23T21:00:36.477Z,0.00023074745364784426,0.00014237608842101028,undefined,13.766971588134766,15.708366394042969
2025-12-23T21:00:37.654Z,0.0002968917765577544,0.0002968917765577544,undefined,13.792858123779297,15.708366394042969
2025-12-23T21:00:38.888Z,0.009287452076467707,0.0085853986709048,undefined,13.760345458984375,15.708366394042969
2025-12-23T21:00:39.584Z,0.00022007868840144228,0.00017984925073666252,undefined,13.805835723876953,15.708366394042969
2025-12-23T21:00:39.743Z,0.00023197483372043917,0.0004725413279490428,undefined,13.822654724121094,15.708366394042969
2025-12-23T21:00:40.637Z,0.002936943949267851,0.005993763161771124,undefined,13.812530517578125,15.708366394042969
2025-12-23T21:00:42.277Z,0.0007916422723566445,0.0002235380852602722,undefined,13.79281997680664,15.708366394042969
2025-12-23T21:00:43.357Z,0.004942647091628331,0.003827837085793034,undefined,13.82681655883789,15.708366394042969
2025-12-23T21:00:44.652Z,0.005340891175778024,0.000921386416346253,undefined,13.816680908203125,15.708366394042969
2025-12-23T21:00:45.659Z,0.00043691794808676404,0.0005158790230422034,undefined,13.818031311035156,15.708366394042969
2025-12-23T21:00:46.916Z,0.0004755235572163395,0.002718278308654729,undefined,13.823822021484375,15.708366394042969
2025-12-23T21:00:47.931Z,0.00006035913394976266,0,undefined,13.859382629394531,15.708366394042969
2025-12-23T21:00:48.196Z,0.00015144184423618561,0.00015144184423618561,undefined,13.895309448242188,15.708366394042969
2025-12-23T21:00:49.189Z,0.0004016472669894586,0.0003502516451472056,undefined,13.855953216552734,15.708366394042969
2025-12-23T21:00:50.204Z,0.0006110728287897191,0.00280191918381122,undefined,13.86178970336914,15.708366394042969
2025-12-23T21:00:51.168Z,0.0004340074733345808,0.00022679337892295764,undefined,13.880268096923828,15.708366394042969
2025-12-23T21:00:52.289Z,0,0,undefined,13.880783081054688,15.708366394042969
2025-12-23T21:00:53.191Z,0.01908977105497932,0.020954372279799224,undefined,13.916481018066406,15.708366394042969
2025-12-23T21:00:54.158Z,0.016108263791785902,0.013907171560996034,undefined,13.90609359741211,15.708366394042969
2025-12-23T21:00:55.211Z,0.0012039292788674646,0.010346126330941563,undefined,13.911026000976562,15.708366394042969
2025-12-23T21:00:56.372Z,0.00006084272345025037,0.00005306051463684625,undefined,13.911285400390625,15.708366394042969
2025-12-23T21:00:57.460Z,0.00040787658153177363,0.0001967899383060516,undefined,13.93130874633789,15.708366394042969
2025-12-23T21:00:58.217Z,0.0011365167025862068,0.0010917926656788793,undefined,13.948028564453125,15.708366394042969
2025-12-23T21:00:59.276Z,0.0006909166287904774,0.00025752347073099613,undefined,13.94439697265625,15.708366394042969
2025-12-23T21:01:00.199Z,0.003334844876972533,0.004253197922400773,undefined,13.919281005859375,15.708366394042969
2025-12-23T21:01:01.506Z,0.0022498372224722717,0.0014926727525921204,undefined,13.914981842041016,15.708366394042969
2025-12-23T21:01:02.627Z,0.001866330382644489,0.001369838646235859,undefined,13.884552001953125,15.708366394042969
2025-12-23T21:01:04.424Z,0.0018421232391515544,0.0010208762371478304,undefined,13.837593078613281,15.708366394042969
2025-12-23T21:01:05.584Z,0.006759559715187156,0.003803718283437173,undefined,13.877189636230469,15.708366394042969
2025-12-23T21:01:05.897Z,0.00015823295832749439,0,undefined,13.93084716796875,15.708366394042969
2025-12-23T21:01:06.640Z,0.0009962605849331869,0.001144667278284633,undefined,13.917190551757812,15.708366394042969
2025-12-23T21:01:06.918Z,0,0,undefined,13.914176940917969,15.708366394042969
2025-12-23T21:01:08.144Z,0.0002986395200563146,0.00015777182191654355,undefined,13.868183135986328,15.708366394042969
2025-12-23T21:01:09.227Z,0.0005334866615630847,0.00012132807018826006,undefined,13.883895874023438,15.708366394042969
2025-12-23T21:01:10.046Z,0,0.00006257401347015492,undefined,13.896770477294922,15.708366394042969
2025-12-23T21:01:11.528Z,0.000289897611845761,0.000254366985324275,undefined,13.916522979736328,15.708366394042969
2025-12-23T21:01:13.212Z,0.0010437358001664301,0.004299912236270932,undefined,13.907196044921875,15.708366394042969
2025-12-23T21:01:14.433Z,0.001102504508562621,0.0010090898134857498,undefined,13.93405532836914,15.708366394042969
2025-12-23T21:01:14.915Z,0.0011812556873668325,0.001040371981534091,undefined,13.924400329589844,15.708366394042969
2025-12-23T21:01:16.022Z,0.0009855558705884357,0.00020237856133039608,undefined,13.953048706054688,15.708366394042969
2025-12-23T21:01:16.154Z,0,0.001430511474609375,undefined,13.899730682373047,15.708366394042969
2025-12-23T21:01:17.258Z,0.0010217427311760424,0.0030602126261240373,undefined,13.908721923828125,15.708366394042969
2025-12-23T21:01:18.477Z,0.00007320736453740923,0.00007320736453740923,undefined,13.940967559814453,15.708366394042969
2025-12-23T21:01:19.556Z,0.00018149791578164824,0.0001345029197310429,undefined,13.967536926269531,15.708366394042969
2025-12-23T21:01:20.393Z,0.00027220062038098877,0.0003976073347708015,undefined,13.983402252197266,15.708366394042969
2025-12-23T21:01:22.082Z,0.0005605634949017019,0.005024475670756309,undefined,13.995002746582031,15.708366394042969
2025-12-23T21:01:22.930Z,0.0007086619192509324,0.00044421511098981074,undefined,14.034992218017578,15.708366394042969
2025-12-23T21:01:23.051Z,0.001128290740536972,0.000577577402893926,undefined,14.026844024658203,15.708366394042969
2025-12-23T21:01:24.265Z,0.00029663426052352457,0.00010435342064019757,undefined,13.971839904785156,15.708366394042969
2025-12-23T21:01:25.304Z,0.00005861453439706188,0,undefined,13.96392822265625,15.708366394042969
2025-12-23T21:01:26.194Z,0.00014208009644208869,0.00005519658422930064,undefined,13.976451873779297,15.708366394042969
2025-12-23T21:01:28.024Z,0.0007678092794215425,0.002581007937167553,undefined,14.001907348632812,15.708366394042969
2025-12-23T21:01:29.251Z,0.0014530876958729377,0.0008332678030005829,undefined,14.07275390625,15.708366394042969
2025-12-23T21:01:29.420Z,0.0015258789062499998,0.0003678458077566964,undefined,14.039371490478516,15.708366394042969
2025-12-23T21:01:30.897Z,0.00041633878749684615,0.00038388966139075114,undefined,13.648933410644531,15.708366394042969
2025-12-23T21:01:31.688Z,0.00022470134578339042,0.00009928664116010274,undefined,13.73659896850586,15.708366394042969
2025-12-23T21:01:31.841Z,0,0,undefined,13.728897094726562,15.708366394042969
2025-12-23T21:01:32.871Z,0.00008341832082040485,0.00011949110820220154,undefined,13.68914794921875,15.708366394042969
2025-12-23T21:01:33.761Z,0.00047230448559663137,0.000387090240594552,undefined,13.64693832397461,15.708366394042969
2025-12-23T21:01:34.619Z,0.0001778631853911043,0.00047508192939992337,undefined,13.666934967041016,15.708366394042969
2025-12-23T21:01:35.534Z,0.0004253659374602215,0.00019617333188804735,undefined,13.686149597167969,15.708366394042969
2025-12-23T21:01:36.393Z,0.00025870326708924167,0.00023753663614557643,undefined,13.677513122558594,15.708366394042969
2025-12-23T21:01:37.611Z,0.0073531105912216935,0.006885787342799158,undefined,13.672988891601562,15.708366394042969
2025-12-23T21:01:38.602Z,0.0005309873536771293,0.0005940749600546099,undefined,13.65902328491211,15.708366394042969
2025-12-23T21:01:39.714Z,0.000868992876048824,0.0002782390183172569,undefined,13.667530059814453,15.708366394042969
2025-12-23T21:01:40.686Z,0.0005994524274553571,0.0006316544173599838,undefined,13.664371490478516,15.708366394042969
2025-12-23T21:01:41.795Z,0.0006424253852806282,0.0005560727854866294,undefined,13.71206283569336,15.708366394042969
2025-12-23T21:01:42.882Z,0.002197663946802836,0.0041088425969503005,undefined,13.705902099609375,15.708366394042969
2025-12-23T21:01:43.895Z,0.0007968478732638889,0.001041624281141493,undefined,13.72760009765625,15.708366394042969
2025-12-23T21:01:44.786Z,0.020977794553977653,0.024253326318722603,undefined,13.781513214111328,15.708366394042969
2025-12-23T21:01:45.760Z,0.0000820159912109375,0,undefined,13.80820083618164,15.708366394042969
2025-12-23T21:01:47.002Z,0.00006909519057366259,0.00022978168027985467,undefined,13.791763305664062,15.708366394042969
2025-12-23T21:01:47.881Z,0.00007298024758434591,0.00007298024758434591,undefined,13.795295715332031,15.708366394042969
2025-12-23T21:01:48.796Z,0.0019974050452576425,0.0006546408443127648,undefined,13.80780029296875,15.708366394042969
2025-12-23T21:01:50.112Z,0.0024556894311141618,0.0040042038455180545,undefined,13.804428100585938,15.708366394042969
2025-12-23T21:01:51.063Z,0.002211275192114492,0.0014899256892097644,undefined,13.821640014648438,15.708366394042969
2025-12-23T21:01:52.173Z,0.0017173813142527037,0.00492667768083108,undefined,13.8486328125,15.708366394042969
2025-12-23T21:01:53.183Z,0.01287916194412494,0.003630526890946164,undefined,13.882728576660156,15.708366394042969
2025-12-23T21:01:53.887Z,0.0017255370379888524,0.010178103084452668,undefined,13.885551452636719,15.708366394042969
2025-12-23T21:01:54.798Z,0.00010863045193501656,0.00010610416235513244,undefined,13.877403259277344,15.708366394042969
2025-12-23T21:01:55.860Z,0.00012379426222581128,0.0001439681419959435,undefined,13.860618591308594,15.708366394042969
2025-12-23T21:01:57.375Z,0.000298993433947607,0.0001228370315540959,undefined,13.910537719726562,15.708366394042969
2025-12-23T21:01:58.380Z,0.0004328513632015306,0.0006329283422353316,undefined,13.911014556884766,15.708366394042969
2025-12-23T21:01:59.500Z,0.00007811046781994047,0.0000762939453125,undefined,13.919681549072266,15.708366394042969
2025-12-23T21:02:00.711Z,0.003976206625661542,0.006490283542209201,undefined,13.959041595458984,15.708366394042969
2025-12-23T21:02:02.106Z,0.0012513874224643925,0.00036519474343132155,undefined,13.969017028808594,15.708366394042969
2025-12-23T21:02:03.422Z,0.00043899293929811506,0.0036820911225818455,undefined,14.042045593261719,15.708366394042969
2025-12-23T21:02:03.423Z,0.000457763671875,0,undefined,14.001930236816406,15.708366394042969
2025-12-23T21:02:04.861Z,0.000038951980248042886,0,undefined,13.984539031982422,15.708366394042969
2025-12-23T21:02:05.700Z,0.000551511656563237,0.0006477787809551887,undefined,14.028312683105469,15.708366394042969
2025-12-23T21:02:05.910Z,0,0,undefined,14.02987289428711,15.708366394042969
2025-12-23T21:02:06.943Z,0.0011896792091052094,0.0007294696683422385,undefined,13.986034393310547,15.708366394042969
2025-12-23T21:02:07.679Z,0,0.00007563976357348607,undefined,14.004714965820312,15.708366394042969
2025-12-23T21:02:08.659Z,0.0004488594677983498,0.0002980232238769531,undefined,13.986480712890625,15.708366394042969
2025-12-23T21:02:09.663Z,0.00012908319030145203,0.00022252400716145834,undefined,13.980663299560547,15.708366394042969
2025-12-23T21:02:10.567Z,0.00018055967706017914,0.0001695864370178478,undefined,13.96164321899414,15.708366394042969
2025-12-23T21:02:11.775Z,0.00016514485042292315,0.00010265760972235765,undefined,13.948665618896484,15.708366394042969
2025-12-23T21:02:12.692Z,0.0002790752210115132,0.00028208682411595394,undefined,13.957324981689453,15.708366394042969
2025-12-23T21:02:13.585Z,0.0005846118190979879,0.0006424421249440119,undefined,13.966590881347656,15.708366394042969
2025-12-23T21:02:14.389Z,0.0003772777515453297,0.00018165225074404762,undefined,13.969528198242188,15.708366394042969
2025-12-23T21:02:15.428Z,0.0011326603526903875,0.000195507824248827,undefined,13.975082397460938,15.708366394042969
2025-12-23T21:02:16.360Z,0.0007027073910361842,0.0005546369050678454,undefined,13.997589111328125,15.708366394042969
2025-12-23T21:02:17.426Z,0.0013227887481813004,0.0010355281443731022,undefined,14.007644653320312,15.708366394042969
2025-12-23T21:02:18.370Z,0.00031491651892024563,0.00032001638157482453,undefined,14.001564025878906,15.708366394042969
2025-12-23T21:02:19.567Z,0.0002777772209411463,0.00011374853557827355,undefined,14.040061950683594,15.708366394042969
2025-12-23T21:02:20.608Z,0.0003667978140024038,0.00009431943788633241,undefined,14.053661346435547,15.708366394042969
2025-12-23T21:02:21.785Z,0.00019436941328578085,0.00016434486977009112,undefined,14.066055297851562,15.708366394042969
2025-12-23T21:02:22.870Z,0.00022041244437414695,0.00048074210308376937,undefined,14.08377456665039,15.708366394042969
2025-12-23T21:02:24.020Z,0.00029999688761123757,0.0003047336805735203,undefined,14.034393310546875,15.708366394042969
2025-12-23T21:02:25.135Z,0.00038363338557005346,0.0004493753323380236,undefined,14.01983642578125,15.708366394042969
2025-12-23T21:02:25.996Z,0.00040791709890937135,0.0005278267955667965,undefined,14.052013397216797,15.708366394042969
2025-12-23T21:02:26.939Z,0.00010137946997643695,0.00009902180788396167,undefined,14.048107147216797,15.708366394042969
2025-12-23T21:02:27.956Z,0.00030019857587605496,0.0005281754653819286,undefined,14.04251480102539,15.708366394042969
2025-12-23T21:02:29.106Z,0.0005635348233309659,0.0010217939104352678,undefined,14.05520248413086,15.708366394042969
2025-12-23T21:02:30.060Z,0.000364231298685769,0.00027062478172072403,undefined,13.677841186523438,15.708366394042969
2025-12-23T21:02:31.305Z,0.00022332879561412183,0.00022505334229840074,undefined,13.674911499023438,15.708366394042969
2025-12-23T21:02:32.483Z,0.00044041797915741565,0.00031252737367131996,undefined,13.679264068603516,15.708366394042969
2025-12-23T21:02:33.484Z,0.0004496783658124708,0.00016206230213439545,undefined,13.678302764892578,15.708366394042969
2025-12-23T21:02:35.249Z,0.00020312688052055424,0.0003200206513861562,undefined,13.725418090820312,15.708366394042969
2025-12-23T21:02:36.027Z,0.004748245338340859,0.01751757287359857,undefined,13.831192016601562,15.708366394042969
2025-12-23T21:02:36.171Z,0.0004975692085597826,0,undefined,13.820762634277344,15.708366394042969
2025-12-23T21:02:39.293Z,0.00462450556847792,0.0042822618096733205,undefined,13.85101318359375,15.708366394042969
2025-12-23T21:02:42.923Z,0.0047102079286680115,0.004375373924171531,undefined,13.910831451416016,15.708366394042969
2025-12-23T21:02:44.793Z,0.003031349967046039,0.0021629699790755743,undefined,14.270332336425781,15.708366394042969
2025-12-23T21:02:46.103Z,0.0019033415978696167,0.0015557313165744813,undefined,14.324207305908203,15.708366394042969
2025-12-23T21:02:47.198Z,0,0,undefined,14.313289642333984,15.708366394042969
2025-12-23T21:02:47.199Z,0.00487398335571965,0.0028620790669556338,undefined,14.313228607177734,15.708366394042969
2025-12-23T21:02:48.472Z,0.0028867185620549463,0.0018104394644017033,undefined,14.258071899414062,15.708366394042969
2025-12-23T21:02:49.742Z,0,0,undefined,14.34896469116211,15.708366394042969
2025-12-23T21:02:49.816Z,0.00013612412117622994,0.00026177715610813454,undefined,14.34885025024414,15.708366394042969
2025-12-23T21:02:50.176Z,0.02048267090873879,0.03756108666271097,undefined,14.66864013671875,15.708366394042969
2025-12-23T21:02:50.193Z,0,0,undefined,14.673648834228516,15.708366394042969
2025-12-23T21:02:50.294Z,0.3447318344973446,0.2578992522164677,undefined,14.60927963256836,15.708366394042969
2025-12-23T21:02:50.607Z,0.28864814345313616,0.07356333936381544,undefined,13.770999908447266,15.708366394042969
2025-12-23T21:17:26.094Z,0,0,undefined,12.910514831542969,15.708366394042969
2025-12-23T21:17:26.936Z,0.0077308033386506644,0.023845094361456272,undefined,12.925888061523438,15.708366394042969
2025-12-23T21:17:27.933Z,0,0.0002116719833760555,undefined,12.917720794677734,15.708366394042969
2025-12-23T21:17:29.532Z,0.0008712580174575618,0.0006668992353705082,undefined,12.957427978515625,15.708366394042969
2025-12-23T21:17:30.779Z,0.00013812929888015052,0.0001323077575480369,undefined,13.013477325439453,15.708366394042969
2025-12-23T21:17:32.299Z,0.0005309489149222915,0.0003362918571942831,undefined,13.042484283447266,15.708366394042969
2025-12-23T21:17:34.531Z,0.0013705619318368622,0.0003361187753772685,undefined,13.039806365966797,15.708366394042969
2025-12-23T21:17:36.821Z,0.00009150640201954706,0.00013204721304086538,undefined,13.110027313232422,15.708366394042969
2025-12-23T21:17:38.319Z,0.00020330705438826826,0.00007248830908551069,undefined,12.794391632080078,15.708366394042969
2025-12-23T21:17:39.806Z,0.00031522648063248503,0.0002701125459042852,undefined,12.796546936035156,15.708366394042969
2025-12-23T21:17:41.354Z,0.00012398486955546108,0.0002263444711652022,undefined,12.573238372802734,15.708366394042969
2025-12-23T21:17:42.799Z,0.0011763746034783194,0.002486721939021103,undefined,12.576850891113281,15.708366394042969
2025-12-23T21:17:44.256Z,0.01909527629727366,0.01329188118068117,undefined,12.60760498046875,15.708366394042969
2025-12-23T21:17:45.847Z,0.020848016003542007,0.0028912349867378957,undefined,12.601203918457031,15.708366394042969
2025-12-23T21:17:47.387Z,0.02951076144813986,0.004638403852660319,undefined,12.653457641601562,15.708366394042969
2025-12-23T21:17:48.951Z,0.0006042090100933503,0.00016935074392165163,undefined,12.66872787475586,15.708366394042969
2025-12-23T21:17:50.017Z,0.00030066932925072894,0.0001427999916966469,undefined,12.653366088867188,15.708366394042969
2025-12-23T21:17:51.257Z,0.00007238834175722639,0.0000707048919489188,undefined,12.670906066894531,15.708366394042969
2025-12-23T21:17:52.763Z,0.0006286610734762177,0.0002900516590291921,undefined,12.711128234863281,15.708366394042969
2025-12-23T21:17:54.079Z,0.014192618917293925,0.014569298498888175,undefined,12.715065002441406,15.708366394042969
2025-12-23T21:17:55.762Z,0.0005282990919436262,0.00024362991416389173,undefined,12.731552124023438,15.708366394042969
2025-12-23T21:17:56.804Z,0.00006376310836437137,0.00003742617230082667,undefined,12.732917785644531,15.708366394042969
2025-12-23T21:17:58.336Z,0.004409877786336165,0.003228176015341253,undefined,12.747638702392578,15.708366394042969
2025-12-23T21:17:59.981Z,0.0011004459542210989,0.0002949085931907659,undefined,12.771907806396484,15.708366394042969
2025-12-23T21:18:01.396Z,0.014721569130999613,0.004973797511805442,undefined,12.852264404296875,15.708366394042969
2025-12-23T21:18:02.800Z,0.07035359685594163,0.16586586384762758,undefined,12.920978546142578,15.708366394042969
2025-12-23T21:18:04.994Z,0.000441103661089623,0.00018159646074074787,undefined,12.943321228027344,15.708366394042969
2025-12-23T21:18:06.192Z,0.0002351090485754442,0.00019486515737784566,undefined,12.979400634765625,15.708366394042969
2025-12-23T21:18:07.318Z,0.0006128969267861062,0.00016075984964881475,undefined,12.886993408203125,15.708366394042969
2025-12-23T21:18:08.649Z,0.000261627467332688,0.000392441200999032,undefined,12.86544418334961,15.708366394042969
2025-12-23T21:18:09.975Z,0.0004535963555344013,0.0003766612846310399,undefined,12.879352569580078,15.708366394042969
2025-12-23T21:18:11.384Z,0.0013123413694008795,0.09178254256955119,undefined,12.810863494873047,15.708366394042969
2025-12-23T21:18:13.396Z,0.0006420921733361164,0.005182601113355796,undefined,12.818901062011719,15.708366394042969
2025-12-23T21:18:14.846Z,0.005450766107553611,0.005346822132696038,undefined,12.903205871582031,15.708366394042969
2025-12-23T21:18:16.023Z,0.006411870320638021,0.006197293599446615,undefined,12.887012481689453,15.708366394042969
2025-12-23T21:18:17.097Z,0,0,undefined,12.899066925048828,15.708366394042969
2025-12-23T21:18:18.448Z,0.0006582307924170701,0.0003895799409465167,undefined,12.951614379882812,15.708366394042969
2025-12-23T21:18:21.136Z,0.002531715519520459,0.0032040295679924896,undefined,12.982101440429688,15.708366394042969
2025-12-23T21:18:22.981Z,0.0016252155110860166,0.0012347346886204655,undefined,13.058425903320312,15.708366394042969
2025-12-23T21:18:24.104Z,0.0026889241942142325,0.0022943331261099514,undefined,13.103958129882812,15.708366394042969
2025-12-23T21:18:24.360Z,0.0015331604068630701,0.0025131290310387395,undefined,13.174243927001953,15.708366394042969
2025-12-23T21:18:25.401Z,0.024145967928201017,0.01490047212280979,undefined,13.225345611572266,15.708366394042969
2025-12-23T21:18:26.250Z,0.006684591603833575,0.000656482785247093,undefined,13.228496551513672,15.708366394042969
2025-12-23T21:18:26.736Z,0.0004829115169063495,0.00048594869625796176,undefined,13.232551574707031,15.708366394042969
2025-12-23T21:18:27.725Z,0.0005268461320427312,0.00034592194643192633,undefined,13.213615417480469,15.708366394042969
2025-12-23T21:18:28.765Z,0.0002384185791015625,0.0002384185791015625,undefined,13.26198959350586,15.708366394042969
2025-12-23T21:18:30.086Z,0.00038554145146243323,0.0004491621530238909,undefined,13.12740707397461,15.708366394042969
2025-12-23T21:18:31.182Z,0.00006442426293020727,0.00005368688577517273,undefined,13.13870620727539,15.708366394042969
2025-12-23T21:18:32.156Z,0.00035893786084520944,0.001981581523741558,undefined,13.13747787475586,15.708366394042969
2025-12-23T21:18:33.269Z,0.0007165066217700683,0.00022115637347930878,undefined,13.215400695800781,15.708366394042969
2025-12-23T21:18:33.285Z,0,0.00019935564806232347,undefined,13.164192199707031,15.708366394042969
2025-12-23T21:18:36.199Z,0.00017219691760596653,0.00011369940014173867,undefined,13.196063995361328,15.708366394042969
2025-12-23T21:18:36.235Z,0,0,undefined,13.198284149169922,15.708366394042969
2025-12-23T21:18:37.719Z,0.00004445092152740996,0.0002168666171488789,undefined,13.21307373046875,15.708366394042969
2025-12-23T21:18:38.379Z,0,0.000280410788812318,undefined,13.23910140991211,15.708366394042969
2025-12-23T21:18:38.799Z,0.00018141876456057197,0.0006766429597124036,undefined,13.209686279296875,15.708366394042969
2025-12-23T21:18:41.298Z,0.0000346351314235378,0.00011518194868757919,undefined,13.23855972290039,15.708366394042969
2025-12-23T21:18:41.657Z,0,0,undefined,13.247642517089844,15.708366394042969
2025-12-23T21:18:42.426Z,0.0004084931174063015,0.0003032275833054469,undefined,13.243404388427734,15.708366394042969
2025-12-23T21:18:43.705Z,0.00034374863717354467,0.0006662031109823564,undefined,13.254634857177734,15.708366394042969
2025-12-23T21:18:45.582Z,0.0008166824256517611,0.0007086695887107218,undefined,13.27164077758789,15.708366394042969
2025-12-23T21:18:46.757Z,0.0003402781598444836,0.00029509768646800307,undefined,13.33248519897461,15.708366394042969
2025-12-23T21:18:47.572Z,0.0005268281505953881,0.000465300775343372,undefined,13.39187240600586,15.708366394042969
2025-12-23T21:18:48.665Z,0.000612534855052663,0.000612534855052663,undefined,13.197162628173828,15.708366394042969
2025-12-23T21:18:49.497Z,0.00010596381293402778,0.00008830317744502315,undefined,13.20803451538086,15.708366394042969
2025-12-23T21:18:50.568Z,0.001014838651732459,0.0054142669630760165,undefined,13.240398406982422,15.708366394042969
2025-12-23T21:18:51.318Z,0.00019553753969480663,0.0009262304511859262,undefined,13.262744903564453,15.708366394042969
2025-12-23T21:18:52.270Z,0.00044729857318169243,0.0001941107015694137,undefined,13.28509521484375,15.708366394042969
2025-12-23T21:18:52.805Z,0.000287092268260705,0,undefined,13.26202392578125,15.708366394042969
2025-12-23T21:18:54.642Z,0.0018788239772868896,0.0022215952545196443,undefined,13.284400939941406,15.708366394042969
2025-12-23T21:18:55.375Z,0.005624447649682474,0.00396806594224004,undefined,13.272514343261719,15.708366394042969
2025-12-23T21:18:56.403Z,0.0012683755813832829,0.0012030708466116626,undefined,13.240409851074219,15.708366394042969
2025-12-23T21:18:57.095Z,0.005414310735635483,0.0043539955212285346,undefined,13.248859405517578,15.708366394042969
2025-12-23T21:18:58.284Z,0.0011565696837913635,0.0009371518923520876,undefined,13.251022338867188,15.708366394042969
2025-12-23T21:18:58.747Z,0.005945775181196313,0.004788710607736597,undefined,13.271652221679688,15.708366394042969
2025-12-23T21:18:59.799Z,0.0021992113766254196,0.001755016762138213,undefined,13.263702392578125,15.708366394042969
2025-12-23T21:19:01.241Z,0.0019978843647684304,0.003785144151048712,undefined,13.375411987304688,15.708366394042969
2025-12-23T21:19:02.358Z,0.000775238424224531,0.000211703600893565,undefined,13.377189636230469,15.708366394042969
2025-12-23T21:19:04.448Z,0.02803853763047085,0.0015843299127394153,undefined,13.413970947265625,15.708366394042969
2025-12-23T21:19:04.449Z,0.008200338361846377,0.0006745061973449304,undefined,13.42727279663086,15.708366394042969
2025-12-23T21:19:05.301Z,0.0007060351292731353,0.00785859250232001,undefined,13.37997817993164,15.708366394042969
2025-12-23T21:19:06.691Z,0.0010902666844722132,0.00013350204299659754,undefined,13.34896469116211,15.708366394042969
2025-12-23T21:19:07.423Z,0.00018924329054786782,0.00010068115950329913,undefined,13.362735748291016,15.708366394042969
2025-12-23T21:19:08.277Z,0.00014338460001912153,0.00014005007443728147,undefined,13.37148666381836,15.708366394042969
2025-12-23T21:19:08.923Z,0.000656934167074364,0.00010077967335799902,undefined,13.335914611816406,15.708366394042969
2025-12-23T21:19:10.190Z,0.0008115432140276739,0.0007322289827896291,undefined,13.34002685546875,15.708366394042969
2025-12-23T21:19:11.298Z,0.0009045004844665527,0.00012069940567016602,undefined,13.236553192138672,15.708366394042969
2025-12-23T21:19:11.548Z,0,0.00027247837611607144,undefined,13.187484741210938,15.708366394042969
2025-12-23T21:19:12.730Z,0.000059217322173962095,0,undefined,13.224205017089844,15.708366394042969
2025-12-23T21:19:13.366Z,0.018759495397774478,0.020672694793264314,undefined,13.23095703125,15.708366394042969
2025-12-23T21:19:13.692Z,0.0003694622049031477,0.0012122978598384535,undefined,13.217803955078125,15.708366394042969
2025-12-23T21:19:15.455Z,0.0005621659128289473,0.00017424275104264568,undefined,13.193954467773438,15.708366394042969
2025-12-23T21:19:16.122Z,0.00021223791521778916,0.00019408598825837296,undefined,13.229866027832031,15.708366394042969
2025-12-23T21:19:17.465Z,0.00037858627678165243,0.00033480055788730054,undefined,13.273750305175781,15.708366394042969
2025-12-23T21:19:18.052Z,0.0008778856290097268,0.00022105033823985928,undefined,13.283775329589844,15.708366394042969
2025-12-23T21:19:18.393Z,0,0.00016373990583309165,undefined,13.271621704101562,15.708366394042969
2025-12-23T21:19:20.191Z,0.0008282075292644311,0.00032190468620224257,undefined,13.289897918701172,15.708366394042969
2025-12-23T21:19:20.233Z,0.0007045930101534548,0.00009212596258665026,undefined,13.29449462890625,15.708366394042969
2025-12-23T21:19:21.711Z,0.000336507764721553,0.00011028405734571905,undefined,13.306537628173828,15.708366394042969
2025-12-23T21:19:22.228Z,0,0,undefined,13.314212799072266,15.708366394042969
2025-12-23T21:19:24.180Z,0.0004963119431297378,0.0005724406478428604,undefined,13.35250473022461,15.708366394042969
2025-12-23T21:19:24.310Z,0.00016852076273845382,0.0001742657887409011,undefined,13.340965270996094,15.708366394042969
2025-12-23T21:19:26.258Z,0.0007290021277922544,0.0005226584598283478,undefined,13.330623626708984,15.708366394042969
2025-12-23T21:19:27.306Z,0.0001176495418370327,0.0004563376168224299,undefined,13.342132568359375,15.708366394042969
2025-12-23T21:19:28.348Z,0.00015636929252795743,0.000397760671867694,undefined,13.353466033935547,15.708366394042969
2025-12-23T21:19:29.534Z,0.0006455641526442309,0.0007075122278979701,undefined,13.399944305419922,15.708366394042969
2025-12-23T21:19:30.130Z,0,0,undefined,13.409591674804688,15.708366394042969
2025-12-23T21:19:31.616Z,0.00018436186068951374,0.00013030514227746495,undefined,13.397769927978516,15.708366394042969
2025-12-23T21:19:32.380Z,0,0,undefined,13.457176208496094,15.708366394042969
2025-12-23T21:19:32.753Z,0,0.00043782320889559657,undefined,13.428951263427734,15.708366394042969
2025-12-23T21:19:33.803Z,0.000556150753655749,0.0002236070040471568,undefined,13.433944702148438,15.708366394042969
2025-12-23T21:19:34.665Z,0.0003848757062639509,0.00026566641671316963,undefined,13.462398529052734,15.708366394042969
2025-12-23T21:19:36.179Z,0.0006151104416369443,0.0002898359899894244,undefined,13.44070816040039,15.708366394042969
2025-12-23T21:19:37.226Z,0.00009162366882828641,0.00005320083996481147,undefined,13.329830169677734,15.708366394042969
2025-12-23T21:19:38.696Z,0.00019501084866731063,0.00006997066995371944,undefined,13.365692138671875,15.708366394042969
2025-12-23T21:19:39.441Z,0.00019340248374672203,0.0011554131141075722,undefined,13.391288757324219,15.708366394042969
2025-12-23T21:19:40.090Z,0.0006650623522306743,0.0001129351164165296,undefined,13.372638702392578,15.708366394042969
2025-12-23T21:19:41.705Z,0.0003030272269983728,0.0002325911324285169,undefined,13.413318634033203,15.708366394042969
2025-12-23T21:19:42.290Z,0.00026118647944819816,0.0005876695787584459,undefined,13.401737213134766,15.708366394042969
2025-12-23T21:19:42.679Z,0.0005498810602342406,0.00008863754403775819,undefined,13.40505599975586,15.708366394042969
2025-12-23T21:19:43.700Z,0.0014428338130750783,0.0015578423054216427,undefined,13.395771026611328,15.708366394042969
2025-12-23T21:19:44.722Z,0.0011119378653377595,0.0007312867433386981,undefined,13.397262573242188,15.708366394042969
2025-12-23T21:19:46.390Z,0.0026284566938304596,0.0028019908143718316,undefined,13.465171813964844,15.708366394042969
2025-12-23T21:19:47.089Z,0,0,undefined,13.477725982666016,15.708366394042969
2025-12-23T21:19:48.045Z,0.00007878577445815322,0.00007695354714517291,undefined,13.411273956298828,15.708366394042969
2025-12-23T21:19:48.833Z,0.014971941709518433,0.016519799828529358,undefined,13.462135314941406,15.708366394042969
2025-12-23T21:19:49.279Z,0,0,undefined,13.466190338134766,15.708366394042969
2025-12-23T21:19:51.219Z,0.00003040406959849894,0.00015962136539211943,undefined,13.466537475585938,15.708366394042969
2025-12-23T21:19:51.658Z,0.00016436070382953407,0.00016053836188001,undefined,13.487602233886719,15.708366394042969
2025-12-23T21:19:52.763Z,0,0,undefined,13.047466278076172,15.708366394042969
2025-12-23T21:19:53.516Z,0.014765675541121799,0.02470993061282692,undefined,13.043449401855469,15.708366394042969
2025-12-23T21:19:55.240Z,0.00031972896156972545,0.0001447049179518154,undefined,13.086982727050781,15.708366394042969
2025-12-23T21:19:56.081Z,0.0007779492984120081,0.00012630235668336132,undefined,13.0587158203125,15.708366394042969
2025-12-23T21:19:57.360Z,0,0,undefined,13.064628601074219,15.708366394042969
2025-12-23T21:19:58.504Z,0.010502529654273375,0.012360792109035554,undefined,13.183197021484375,15.708366394042969
2025-12-23T21:19:59.167Z,0.004227328343280127,0.0015409459331519298,undefined,13.183120727539062,15.708366394042969
2025-12-23T21:20:00.486Z,0.00005943187768908515,0.00005804974099864131,undefined,13.174663543701172,15.708366394042969
2025-12-23T21:20:01.767Z,0.0003091220198006466,0.00007103229391163793,undefined,13.218639373779297,15.708366394042969
2025-12-23T21:20:01.797Z,0.0005449567522321429,0.0005607985182854028,undefined,13.186012268066406,15.708366394042969
2025-12-23T21:20:05.691Z,0.0018956709881218113,0.0019728731946880313,undefined,13.238227844238281,15.708366394042969
2025-12-23T21:20:05.692Z,0,0,undefined,13.236927032470703,15.708366394042969
2025-12-23T21:20:07.842Z,0.0025841074252347333,0.0017188010959450256,undefined,13.273094177246094,15.708366394042969
2025-12-23T21:20:07.845Z,0.0037089781728132216,0.002830188213815315,undefined,13.26864242553711,15.708366394042969
2025-12-23T21:20:10.757Z,0.0021243251598328616,0.004341234544546139,undefined,13.27676773071289,15.708366394042969
2025-12-23T21:20:11.451Z,0.0004777411149011404,0.0002820344897808057,undefined,13.245613098144531,15.708366394042969
2025-12-23T21:20:14.084Z,0.02654902592813983,0.009483572709885639,undefined,13.287567138671875,15.708366394042969
2025-12-23T21:20:15.081Z,0.0035179679197098863,0.008039295069560646,undefined,13.280288696289062,15.708366394042969
2025-12-23T21:20:15.082Z,0,0,undefined,13.280380249023438,15.708366394042969
2025-12-23T21:20:17.174Z,0.04668237095674537,0.009550701943065409,undefined,13.635066986083984,15.708366394042969
2025-12-23T21:20:17.175Z,0,0,undefined,13.635089874267578,15.708366394042969
2025-12-23T21:20:20.317Z,0.03456965284056018,0.0149038796977821,undefined,13.762859344482422,15.708366394042969
2025-12-23T21:20:20.318Z,0,0,undefined,13.76095199584961,15.708366394042969
2025-12-23T21:20:22.142Z,0.0008337493944695399,0.0052604253446509675,undefined,14.007369995117188,15.708366394042969
2025-12-23T21:20:23.922Z,0,0,undefined,13.989646911621094,15.708366394042969
2025-12-23T21:20:24.527Z,0.0015773305451187841,0.0027928105492033167,undefined,13.991844177246094,15.708366394042969
2025-12-23T21:20:26.118Z,0.001366074020798142,0,undefined,14.004280090332031,15.708366394042969
2025-12-23T21:20:26.852Z,0.016851719363489618,0.0009132228351190954,undefined,14.025760650634766,15.708366394042969
2025-12-23T21:20:29.406Z,0.0006175929042667177,0.0004400241169249546,undefined,13.971057891845703,15.708366394042969
2025-12-23T21:20:29.407Z,0.0007685568118829484,0.0016749942478246319,undefined,13.934577941894531,15.708366394042969
2025-12-23T21:20:30.937Z,0.000523020215487009,0.0003801668292285466,undefined,13.886993408203125,15.708366394042969
2025-12-23T21:20:33.086Z,0,0,undefined,13.848548889160156,15.708366394042969
2025-12-23T21:20:33.087Z,0.00005113905754642211,0,undefined,13.873512268066406,15.708366394042969
2025-12-23T21:20:34.301Z,0,0.00013575913454127027,undefined,13.954704284667969,15.708366394042969
2025-12-23T21:20:34.364Z,0.013913863744491186,0.011248466296073718,undefined,13.848018646240234,15.708366394042969
2025-12-23T21:20:36.380Z,0,0,undefined,13.882938385009766,15.708366394042969
2025-12-23T21:20:36.381Z,0.00036616023089012975,0.0004271056754457439,undefined,13.882949829101562,15.708366394042969
2025-12-23T21:20:38.001Z,0,0,undefined,13.904529571533203,15.708366394042969
2025-12-23T21:20:38.002Z,0.0006176000420352641,0.00032128145899289564,undefined,13.904060363769531,15.708366394042969
2025-12-23T21:20:39.872Z,0,0,undefined,13.916675567626953,15.708366394042969
2025-12-23T21:20:39.874Z,0.0010394513942091857,0.0004914311749126523,undefined,13.916675567626953,15.708366394042969
2025-12-23T21:20:41.584Z,0,0,undefined,13.907707214355469,15.708366394042969
2025-12-23T21:20:41.586Z,0.00427057739191578,0.002005148115070113,undefined,13.907512664794922,15.708366394042969
2025-12-23T21:20:43.087Z,0.005442739108910307,0.003304458470736149,undefined,13.927471160888672,15.708366394042969
2025-12-23T21:20:43.623Z,0,0,undefined,13.927436828613281,15.708366394042969
2025-12-23T21:20:45.630Z,0.00022576779735331633,0.00035811443718112245,undefined,13.992927551269531,15.708366394042969
2025-12-23T21:20:46.388Z,0.0011380277158602463,0.0012177960137009177,undefined,13.969161987304688,15.708366394042969
2025-12-23T21:20:47.251Z,0.001865176100227701,0.0005980831893844221,undefined,14.024971008300781,15.708366394042969
2025-12-23T21:20:48.207Z,0,0,undefined,14.0081787109375,15.708366394042969
2025-12-23T21:20:48.726Z,0.0007290212441812211,0.0003623081409903652,undefined,14.014816284179688,15.708366394042969
2025-12-23T21:20:48.739Z,0.0003892214010289961,0.0009351139690921043,undefined,14.008171081542969,15.708366394042969
2025-12-23T21:20:51.134Z,0.00011743486169549222,0.00014518046088728433,undefined,13.996173858642578,15.708366394042969
2025-12-23T21:20:51.697Z,0,0,undefined,13.995792388916016,15.708366394042969
2025-12-23T21:20:52.374Z,0.038909395212726544,0.0036637634442750677,undefined,14.06515884399414,15.708366394042969
2025-12-23T21:20:53.183Z,0,0,undefined,14.06521987915039,15.708366394042969
2025-12-23T21:20:53.990Z,0.04827909179962124,0.0038500979995298437,undefined,14.067115783691406,15.708366394042969
2025-12-23T21:20:55.896Z,0,0,undefined,14.0859375,15.708366394042969
2025-12-23T21:20:56.556Z,0.0005011288624889445,0.0006558760157171285,undefined,14.074432373046875,15.708366394042969
2025-12-23T21:20:57.280Z,0.00006903702963883628,0.00006743151732165405,undefined,14.143180847167969,15.708366394042969
2025-12-23T21:20:57.281Z,0,0,undefined,14.073677062988281,15.708366394042969
2025-12-23T21:20:59.440Z,0.0002570531941226488,0.00013862760333443664,undefined,13.978591918945312,15.708366394042969
2025-12-23T21:21:01.287Z,0.00003771881315556521,0,undefined,14.00222396850586,15.708366394042969
2025-12-23T21:21:01.728Z,0.006213480112503986,0.0052792685372488836,undefined,13.984638214111328,15.708366394042969
2025-12-23T21:21:02.577Z,0,0,undefined,13.976734161376953,15.708366394042969
2025-12-23T21:21:02.579Z,0.00007126357529189561,0.0000517010252117674,undefined,13.976642608642578,15.708366394042969
2025-12-23T21:21:03.678Z,0,0,undefined,13.98044204711914,15.708366394042969
2025-12-23T21:21:03.679Z,0.0001487961734633848,0.00011087900184723269,undefined,13.980350494384766,15.708366394042969
2025-12-23T21:21:06.513Z,0.0001625291345499379,0.0001570629080516216,undefined,13.979095458984375,15.708366394042969
2025-12-23T21:21:07.168Z,0,0,undefined,14.005863189697266,15.708366394042969
2025-12-23T21:21:07.952Z,0.034332275390625,0.00514984130859375,undefined,14.00588607788086,15.708366394042969
2025-12-23T21:21:08.907Z,0.0002721057985735244,0.00016691473906107565,undefined,14.002418518066406,15.708366394042969
2025-12-23T21:21:08.908Z,0,0,undefined,14.04010009765625,15.708366394042969
2025-12-23T21:21:10.366Z,0,0,undefined,14.002357482910156,15.708366394042969
2025-12-23T21:21:12.214Z,0.00026838292242964504,0.00016926422948687842,undefined,14.003765106201172,15.708366394042969
2025-12-23T21:21:12.893Z,0.0007524402863388762,0.0007349416750286697,undefined,14.028663635253906,15.708366394042969
2025-12-23T21:21:12.895Z,0.0007647530968329041,0.00024484190056705624,undefined,14.028984069824219,15.708366394042969
2025-12-23T21:21:14.205Z,0.00014019827557425215,0.00012226593800080128,undefined,14.073501586914062,15.708366394042969
2025-12-23T21:21:15.268Z,0.00021965777287717727,0.00023607347832351434,undefined,14.051040649414062,15.708366394042969
2025-12-23T21:21:15.990Z,0.001286761799314524,0.0007080866358513638,undefined,14.086189270019531,15.708366394042969
2025-12-23T21:21:17.038Z,0.001116078646541657,0.0006550307982128075,undefined,14.089683532714844,15.708366394042969
2025-12-23T21:21:19.061Z,0.00011649998751553623,0.0001137906854802912,undefined,14.097637176513672,15.708366394042969
2025-12-23T21:21:19.955Z,0,0,undefined,14.084651947021484,15.708366394042969
2025-12-23T21:21:19.956Z,0.0007152557373046875,0.00016498928287636644,undefined,14.084484100341797,15.708366394042969
2025-12-23T21:21:20.945Z,0.0006959510870112655,0.0002360823475373904,undefined,14.17694091796875,15.708366394042969
2025-12-23T21:21:21.463Z,0.0005256224780192863,0.0002559917857020077,undefined,14.200859069824219,15.708366394042969
2025-12-23T21:21:23.245Z,0.0005291957481234681,0.00009723738128063725,undefined,14.192626953125,15.708366394042969
2025-12-23T21:21:23.875Z,0,0,undefined,14.2362060546875,15.708366394042969
2025-12-23T21:21:23.876Z,0.016450881958007812,0.00514984130859375,undefined,14.236152648925781,15.708366394042969
2025-12-23T21:21:25.101Z,0.00017488222952568436,0.00006793985895242414,undefined,14.226673126220703,15.708366394042969
2025-12-23T21:21:26.053Z,0.0035169255381395045,0.0003098435542754483,undefined,14.191902160644531,15.708366394042969
2025-12-23T21:21:27.550Z,0.0008133134194699253,0.0006690536087298139,undefined,14.18747329711914,15.708366394042969
2025-12-23T21:21:28.797Z,0.00029235259171016124,0.00010887613760240487,undefined,14.21725082397461,15.708366394042969
2025-12-23T21:21:29.769Z,0.000047491183993312587,0,undefined,14.754020690917969,15.708366394042969
2025-12-23T21:21:30.587Z,0.00008561168184857777,0.00008362071250326201,undefined,14.4918212890625,15.708366394042969
2025-12-23T21:21:30.588Z,1.0055005550384521,0.9166300296783447,undefined,14.47677993774414,15.708366394042969
2025-12-23T21:21:32.006Z,0.0006530595862347147,0.0003636082677936873,undefined,14.468841552734375,15.708366394042969
2025-12-23T21:21:32.007Z,0.00031675204296408303,0.00042613404341211174,undefined,14.35848617553711,15.708366394042969
2025-12-23T21:21:33.347Z,0.00011685868384132924,0.00006111574844575264,undefined,14.367206573486328,15.708366394042969
2025-12-23T21:21:34.908Z,0.021998087565104168,0.01049041748046875,undefined,14.287120819091797,15.708366394042969
2025-12-23T21:21:35.436Z,0.00024504131740993925,0.00018212530348036025,undefined,14.134517669677734,15.708366394042969
2025-12-23T21:21:35.438Z,0.00005254795190920514,0.00008095225023850522,undefined,14.288528442382812,15.708366394042969
2025-12-23T21:21:36.355Z,0.0002629706200132979,0.00015096461519281914,undefined,14.224952697753906,15.708366394042969
2025-12-23T21:21:36.734Z,0.0001342323915072627,0.00011706313212842676,undefined,14.070701599121094,15.708366394042969
2025-12-23T21:21:37.581Z,0.0003123748845495526,0.00014998131874067924,undefined,14.085468292236328,15.708366394042969
2025-12-23T21:21:38.306Z,0,0,undefined,14.090373992919922,15.708366394042969
2025-12-23T21:21:38.701Z,0,0,undefined,14.061092376708984,15.708366394042969
2025-12-23T21:21:39.336Z,0.0003424797268862224,0.00027925270038415054,undefined,14.083938598632812,15.708366394042969
2025-12-23T21:21:41.242Z,0.00008209535004931852,0.00019702884011836444,undefined,14.106452941894531,15.708366394042969
2025-12-23T21:21:41.755Z,0.0016418623145594382,0.001397140289354102,undefined,14.114753723144531,15.708366394042969
2025-12-23T21:21:42.336Z,0.00019504397434230085,0.00016329262968192628,undefined,14.068756103515625,15.708366394042969
2025-12-23T21:21:43.406Z,0.0002455406134701725,0.0005643364375889047,undefined,14.06613540649414,15.708366394042969
2025-12-23T21:21:43.765Z,0.0014139811197916667,0.0016606648763020833,undefined,14.105369567871094,15.708366394042969
2025-12-23T21:21:44.055Z,0.004508868366682611,0.008782021312756873,undefined,14.07571792602539,15.708366394042969
2025-12-23T21:21:46.025Z,0.007097280708847532,0.005069659773711186,undefined,14.077461242675781,15.708366394042969
2025-12-23T21:21:46.315Z,0.002039019642967209,0.0003047243377866124,undefined,14.103843688964844,15.708366394042969
2025-12-23T21:21:47.559Z,0.0005848739665676183,0.00016661098157415833,undefined,14.092376708984375,15.708366394042969
2025-12-23T21:21:47.743Z,0,0,undefined,14.11688232421875,15.708366394042969
2025-12-23T21:21:49.318Z,0.0006071882857793833,0.00052274488179682,undefined,14.10992431640625,15.708366394042969
2025-12-23T21:21:51.099Z,0.0006289937388357804,0.00036541541018078675,undefined,14.10922622680664,15.708366394042969
2025-12-23T21:21:53.586Z,0.008820159717884534,0.013674263358590334,undefined,14.173675537109375,15.708366394042969
2025-12-23T21:21:56.830Z,0.006280837347403524,0.023221634275970245,undefined,14.323856353759766,15.708366394042969
2025-12-23T21:21:59.386Z,0.0026450231244889615,0.0017584101255078443,undefined,14.35504150390625,15.708366394042969
2025-12-23T21:22:01.088Z,0.006449064766600387,0.0056744195637433254,undefined,14.266693115234375,15.708366394042969
2025-12-23T21:22:02.670Z,0.00040148511345003857,0.00014893802595727237,undefined,14.23358154296875,15.708366394042969
2025-12-23T21:22:04.462Z,0.00048000200659827845,0.0002605725178676369,undefined,14.212066650390625,15.708366394042969
2025-12-23T21:22:07.033Z,0.000479365840102687,0.00026659532026811076,undefined,14.14792251586914,15.708366394042969
2025-12-23T21:22:08.456Z,0.000058083867830504113,0.000058083867830504113,undefined,14.132061004638672,15.708366394042969
2025-12-23T21:22:10.211Z,0.0002224787878956259,0.00003662760532427988,undefined,14.185699462890625,15.708366394042969
2025-12-23T21:22:12.740Z,0.0060905109752308235,0.006365584817162172,undefined,14.20626449584961,15.708366394042969
2025-12-23T21:22:14.515Z,0.0006274319641505217,0.0004988278969643899,undefined,14.064216613769531,15.708366394042969
2025-12-23T21:22:16.423Z,0.0010853164766463765,0.0020487420641815248,undefined,14.004684448242188,15.708366394042969
2025-12-23T21:22:18.331Z,0.0038745668199327257,0.0027767817179361978,undefined,13.986133575439453,15.708366394042969
2025-12-23T21:22:21.204Z,0.0006592315835582073,0.0006015224928569457,undefined,13.92855453491211,15.708366394042969
2025-12-23T21:22:23.163Z,0.00313081705880431,0.002035686960893936,undefined,13.989627838134766,15.708366394042969
2025-12-23T21:22:24.635Z,0.000055304107357341534,0.00018841980762443104,undefined,13.941879272460938,15.708366394042969
2025-12-23T21:22:26.403Z,0.00040364530178396474,0.00006727421696399413,undefined,13.848983764648438,15.708366394042969
2025-12-23T21:22:27.661Z,0.002760405934185063,0.0010324180673021788,undefined,13.867176055908203,15.708366394042969
2025-12-23T21:22:29.215Z,0.006389044568629446,0.003928093410127546,undefined,13.864898681640625,15.708366394042969
2025-12-23T21:22:54.124Z,0.002989325767908341,0.0049825280140607785,undefined,13.733627319335938,15.708366394042969
2025-12-23T21:23:54.127Z,0.0010458395973766549,0.0011152142234775,undefined,13.573474884033203,15.708366394042969
2025-12-23T21:24:53.787Z,0.002349659359151739,0.001519481291311405,undefined,13.46169662475586,15.708366394042969
2025-12-23T21:25:53.922Z,0.002091233506420038,0.0006863816799039532,undefined,13.579326629638672,15.708366394042969
2025-12-23T21:26:54.984Z,0.060255443196024334,0.014018988870664587,undefined,14.079826354980469,15.708366394042969
2025-12-23T21:27:38.293Z,0.07713942683908642,0.04123244483678354,undefined,13.401313781738281,15.708366394042969
2025-12-23T21:27:39.768Z,0.0007056836510529262,0.0005542974254096858,undefined,13.357608795166016,15.708366394042969
2025-12-23T21:27:41.036Z,0.0008401971768827679,0.0007547007018993225,undefined,13.355594635009766,15.708366394042969
2025-12-23T21:27:42.838Z,0.00031470690464790806,0.0005462412702102975,undefined,13.251205444335938,15.708366394042969
2025-12-23T21:27:44.225Z,0.0022804885837058543,0.0018376505098665885,undefined,13.27066421508789,15.708366394042969
2025-12-23T21:27:45.670Z,0.00014422295900283553,0.0002541929652424976,undefined,13.277812957763672,15.708366394042969
2025-12-23T21:27:47.288Z,0.0006477982127640726,0.0005360555957769472,undefined,13.318233489990234,15.708366394042969
2025-12-23T21:27:48.940Z,0.0007599396911861074,0.0005268331905180005,undefined,13.336395263671875,15.708366394042969
2025-12-23T21:27:50.743Z,0.0004999285460095717,0.00046529146429990164,undefined,13.449668884277344,15.708366394042969
2025-12-23T21:28:10.379Z,0.013986496088810346,0.008064368145544997,undefined,12.361465454101562,15.708366394042969
2025-12-23T21:28:12.232Z,0.0009288479652610243,0.0005504601305648283,undefined,12.447174072265625,15.708366394042969
2025-12-23T21:28:13.685Z,0.0016929172888034726,0.0014465029646710652,undefined,12.477684020996094,15.708366394042969
2025-12-23T21:28:15.326Z,0.0008069045630876898,0.000595635097548417,undefined,12.372932434082031,15.708366394042969
2025-12-23T21:28:16.865Z,0.000465543646561472,0.0004624065599943462,undefined,12.37851333618164,15.708366394042969
2025-12-23T21:28:18.170Z,0.0005734603424183888,0.000604854156784359,undefined,12.417724609375,15.708366394042969
2025-12-23T21:28:19.489Z,0.0011234383308450589,0.0008309877177361864,undefined,12.419586181640625,15.708366394042969
2025-12-23T21:28:20.953Z,0.0001841017842885025,0.00017327226756564938,undefined,12.431537628173828,15.708366394042969
2025-12-23T21:28:22.382Z,0.005729698840482735,0.006110579879195601,undefined,12.447582244873047,15.708366394042969
2025-12-23T21:28:24.163Z,0.001062991014167444,0.0008039332147854477,undefined,12.482765197753906,15.708366394042969
2025-12-23T21:28:25.646Z,0.004007621338240899,0.006299449860451041,undefined,12.486587524414062,15.708366394042969
2025-12-23T21:28:26.883Z,0.005952215395899262,0.0029769124864022943,undefined,12.487873077392578,15.708366394042969
2025-12-23T21:28:28.125Z,0.0015000100077887778,0.0007226560440784202,undefined,12.491687774658203,15.708366394042969
2025-12-23T21:28:29.353Z,0.0011816920850100934,0.0008864690793440646,undefined,12.509132385253906,15.708366394042969
2025-12-23T21:28:30.360Z,0.00035996929790910545,0.00025328156481839773,undefined,12.535594940185547,15.708366394042969
2025-12-23T21:28:32.216Z,0.0006758991968411409,0.0006831930730660453,undefined,12.568897247314453,15.708366394042969
2025-12-23T21:28:33.366Z,0.0010873530185493345,0.00037340419593040334,undefined,12.561302185058594,15.708366394042969
2025-12-23T21:28:34.705Z,0.0011253904235927414,0.0006307659395455973,undefined,12.593856811523438,15.708366394042969
2025-12-23T21:28:36.116Z,0.001134589965992485,0.00045329794729041784,undefined,12.634757995605469,15.708366394042969
2025-12-23T21:28:37.568Z,0.0008518321510757382,0.0006427522090064754,undefined,12.62612533569336,15.708366394042969
2025-12-23T21:28:39.030Z,0.0007844509038710056,0.0006001694758135573,undefined,12.626049041748047,15.708366394042969
2025-12-23T21:28:40.641Z,0.0020059127381394032,0.0013932169482694658,undefined,12.66445541381836,15.708366394042969
2025-12-23T21:28:42.438Z,0.0009467707794725957,0.0006494255815444836,undefined,12.65487289428711,15.708366394042969
2025-12-23T21:28:43.864Z,0.0007317830375718514,0.0006872738724959249,undefined,12.708415985107422,15.708366394042969
2025-12-23T21:28:45.324Z,0.005825661692643183,0.0055004989700371916,undefined,12.71624755859375,15.708366394042969
2025-12-23T21:28:46.843Z,0.0009001722509697143,0.0021407513932793876,undefined,12.720752716064453,15.708366394042969
2025-12-23T21:28:48.451Z,0.005069501117867681,0.003967893262497126,undefined,12.740409851074219,15.708366394042969
2025-12-23T21:28:50.409Z,0.004943446479600293,0.005323508568795404,undefined,12.939582824707031,15.708366394042969
2025-12-23T21:28:52.254Z,0.0005353380132604529,0.00033775965372721356,undefined,12.946311950683594,15.708366394042969
2025-12-23T21:28:53.640Z,0.011226338217514452,0.015480243835844013,undefined,12.958232879638672,15.708366394042969
2025-12-23T21:28:55.489Z,0.00074210613359428,0.0004574272331745039,undefined,12.969417572021484,15.708366394042969
2025-12-23T21:28:57.209Z,0.0014762489163145727,0.0003916876656668527,undefined,13.012271881103516,15.708366394042969
2025-12-23T21:28:58.663Z,0.003233091848196723,0.0036017628576863123,undefined,12.998992919921875,15.708366394042969
2025-12-23T21:29:50.267Z,0.005654428856356354,0.005983108410306105,undefined,12.901756286621094,15.708366394042969
2025-12-23T21:29:52.633Z,0.00042963971902885045,0.00028089627435840957,undefined,12.91561508178711,15.708366394042969
2025-12-23T21:29:53.921Z,0.0011506982220625644,0.0005768231053379379,undefined,12.901538848876953,15.708366394042969
2025-12-23T21:29:55.521Z,0.0005640357955631797,0.0008966224198435375,undefined,12.704463958740234,15.708366394042969
2025-12-23T21:29:57.048Z,0.00024153250716478565,0.00045652893170384373,undefined,12.725940704345703,15.708366394042969
2025-12-23T21:29:58.816Z,0.00118255615234375,0.0011069199134563577,undefined,12.736705780029297,15.708366394042969
2025-12-23T21:30:01.585Z,0.004247193343308521,0.008253921596106883,undefined,12.843124389648438,15.708366394042969
2025-12-23T21:30:03.124Z,0.0007956245706207723,0.0005193063075808554,undefined,12.867267608642578,15.708366394042969
2025-12-23T21:30:06.156Z,0.0007700892176212905,0.00029045918266180204,undefined,12.832626342773438,15.708366394042969
2025-12-23T21:30:09.572Z,0.0009364537617582498,0.0007067315627539274,undefined,12.848888397216797,15.708366394042969
2025-12-23T21:30:10.955Z,0.001810475185392659,0.001426237646046735,undefined,12.944427490234375,15.708366394042969
2025-12-23T21:30:13.710Z,0.0012503573695013016,0.000810605592935058,undefined,12.928382873535156,15.708366394042969
2025-12-23T21:30:15.224Z,0.001751635707704361,0.0035743928898525775,undefined,12.9552001953125,15.708366394042969
2025-12-23T21:30:16.474Z,0.00018300450074958642,0.0002792396261437655,undefined,12.974529266357422,15.708366394042969
2025-12-23T21:30:18.678Z,0.0027578268478165814,0.002063922028043377,undefined,12.955528259277344,15.708366394042969
2025-12-23T21:30:21.356Z,0.0007257951488061902,0.00026168124412740193,undefined,12.88876724243164,15.708366394042969
2025-12-23T21:30:24.594Z,0.0010094373329137252,0.000295607354553831,undefined,12.915294647216797,15.708366394042969
2025-12-23T21:30:26.015Z,0.0010102215935202205,0.00034960578469669115,undefined,12.968631744384766,15.708366394042969
2025-12-23T21:30:28.207Z,0.001094820261940771,0.0002189640523881542,undefined,12.977500915527344,15.708366394042969
2025-12-23T21:30:29.339Z,0.0007652873031419439,0.0006428636951155847,undefined,13.19430923461914,15.708366394042969
2025-12-23T21:30:29.494Z,0.0015532899045658682,0.0007366705797389596,undefined,13.139034271240234,15.708366394042969
2025-12-23T21:30:30.375Z,0.0019970103206797545,0.0008349016909197574,undefined,13.182254791259766,15.708366394042969
2025-12-23T21:30:31.767Z,0.0006547955234655354,0.000242981614108291,undefined,13.197368621826172,15.708366394042969
2025-12-23T21:30:32.788Z,0.0008977949619293213,0.00019061068693796793,undefined,13.251209259033203,15.708366394042969
2025-12-23T21:30:33.847Z,0.0018165621695039574,0.0007246258998021288,undefined,13.176746368408203,15.708366394042969
2025-12-23T21:30:35.109Z,0.000856912114284592,0.00026151946519367,undefined,13.21261215209961,15.708366394042969
2025-12-23T21:30:36.165Z,0,0,undefined,13.241203308105469,15.708366394042969
2025-12-23T21:30:36.193Z,0.00046534710619823045,0.00032254217413739785,undefined,13.269893646240234,15.708366394042969
2025-12-23T21:30:37.414Z,0.0003242334126435214,0.00022117633772015272,undefined,13.266311645507812,15.708366394042969
2025-12-23T21:30:38.384Z,0.0007953881228118517,0.0009408135631767051,undefined,13.262168884277344,15.708366394042969
2025-12-23T21:30:39.445Z,0.0007944235188489683,0.000766051250318648,undefined,13.266155242919922,15.708366394042969
2025-12-23T21:30:40.834Z,0.0046242861580117565,0.0028981142464910947,undefined,13.269294738769531,15.708366394042969
2025-12-23T21:30:42.528Z,0.0022493035669820718,0.009496848421742716,undefined,13.22585678100586,15.708366394042969
2025-12-23T21:30:44.070Z,0.0015926845182622144,0.005683318007415926,undefined,13.308067321777344,15.708366394042969
2025-12-23T21:30:44.071Z,0.0013250098353241476,0.0010882928955658951,undefined,13.340763092041016,15.708366394042969
2025-12-23T21:30:44.768Z,0.0035251889910016742,0.05743483535381926,undefined,13.358749389648438,15.708366394042969
2025-12-23T21:30:45.163Z,0.004317014271976383,0.002096627504770992,undefined,13.384971618652344,15.708366394042969
2025-12-23T21:30:47.478Z,0.001264378076222058,0.0009855288028226973,undefined,12.24746322631836,15.708366394042969
2025-12-23T21:30:54.794Z,0.0019067773993195942,0.0015263358930443247,undefined,12.40219497680664,15.708366394042969
2025-12-23T21:30:58.122Z,0.00020633026598629452,0.00016039331247391092,undefined,12.272422790527344,15.708366394042969
2025-12-23T21:30:59.332Z,0.001824546750047601,0.0012129749492752761,undefined,12.249584197998047,15.708366394042969
2025-12-23T21:30:59.333Z,0.017677034650530134,0.014943735940115792,undefined,12.23779296875,15.708366394042969
2025-12-23T21:31:02.001Z,0.00003723674120458243,0.00008895443732205803,undefined,12.253303527832031,15.708366394042969
2025-12-23T21:31:02.002Z,0.0011306277589301843,0.0009812371579208815,undefined,12.291038513183594,15.708366394042969
2025-12-23T21:31:04.915Z,0.0005791573451005261,0.0004139398103905369,undefined,12.248973846435547,15.708366394042969
2025-12-23T21:31:08.340Z,0.0008512106989620458,0.0003760315280962057,undefined,12.333148956298828,15.708366394042969
2025-12-23T21:31:09.024Z,0,0,undefined,12.334732055664062,15.708366394042969
2025-12-23T21:31:09.041Z,0.05304402318494073,0.02492707351158405,undefined,12.33401870727539,15.708366394042969
2025-12-23T21:31:10.854Z,0.0007643083636270186,0.000223588715329695,undefined,12.763385772705078,15.708366394042969
2025-12-23T21:31:12.478Z,0.0007701597003154574,0.0008200997433827879,undefined,12.612594604492188,15.708366394042969
2025-12-23T21:31:14.135Z,0.0002430010339442614,0.00019953317657923187,undefined,12.595760345458984,15.708366394042969
2025-12-23T21:31:15.043Z,0.0001900266892839186,0.00022366495415715887,undefined,12.591144561767578,15.708366394042969
2025-12-23T21:31:18.110Z,0,0,undefined,12.528564453125,15.708366394042969
2025-12-23T21:31:19.043Z,0,0,undefined,12.528579711914062,15.708366394042969
2025-12-23T21:31:19.047Z,0.0010281567296577586,0.000678950239388123,undefined,12.528366088867188,15.708366394042969
2025-12-23T21:31:21.102Z,0.0051190006377263295,0.003559527429281461,undefined,12.559188842773438,15.708366394042969
2025-12-23T21:31:21.126Z,0.0009773599151579747,0.0004023262121299909,undefined,12.645435333251953,15.708366394042969
2025-12-23T21:31:23.804Z,0.00048598950289032507,0.00037799183558136397,undefined,12.562419891357422,15.708366394042969
2025-12-23T21:31:26.328Z,0.0005019524684645655,0.00019738511444906804,undefined,12.146408081054688,15.708366394042969
2025-12-23T21:31:27.723Z,0,0,undefined,12.146411895751953,15.708366394042969
2025-12-23T21:31:28.955Z,0.0014210557802540724,0.0005903054904667582,undefined,12.168392181396484,15.708366394042969
2025-12-23T21:31:28.976Z,0.0012110673845020545,0.0005629648386813365,undefined,12.161338806152344,15.708366394042969
2025-12-23T21:31:31.576Z,0.0003241863187783622,0.00015369998608747592,undefined,12.136173248291016,15.708366394042969
2025-12-23T21:31:31.578Z,0.0010052242794552366,0.0008739329673148491,undefined,12.104377746582031,15.708366394042969
2025-12-23T21:31:34.581Z,0.0008183679185289083,0.0002096705039493391,undefined,12.141777038574219,15.708366394042969
2025-12-23T21:31:36.340Z,0,0,undefined,12.150054931640625,15.708366394042969
2025-12-23T21:31:37.290Z,0.10114624386742001,0.06413459777832031,undefined,12.143745422363281,15.708366394042969
2025-12-23T21:31:37.291Z,0.0004360086066022232,0.000524722496500479,undefined,12.160789489746094,15.708366394042969
2025-12-23T21:31:40.081Z,0.0004579202257983499,0.0001802979350579258,undefined,12.0977783203125,15.708366394042969
2025-12-23T21:31:41.771Z,0,0,undefined,12.09353256225586,15.708366394042969
2025-12-23T21:31:42.909Z,0.0009529887130155913,0.0009797272452512806,undefined,12.185176849365234,15.708366394042969
2025-12-23T21:31:44.608Z,0.02254771184891812,0.018550408630182598,undefined,12.157798767089844,15.708366394042969
2025-12-23T21:31:45.410Z,0.01292767253476337,0.015449838410304383,undefined,12.16109848022461,15.708366394042969
2025-12-23T21:31:45.502Z,0.0032053207056210063,0.0026142254424171324,undefined,12.165908813476562,15.708366394042969
2025-12-23T21:31:46.147Z,0.0005177597501384677,0.0005088635345003498,undefined,12.185596466064453,15.708366394042969
2025-12-23T21:31:46.510Z,0.00017614037506184037,0.0003233434027920927,undefined,12.117568969726562,15.708366394042969
2025-12-23T21:31:53.821Z,0.004008969002210847,0.0020570250103403823,undefined,11.907329559326172,15.708366394042969
2025-12-23T21:31:55.972Z,0.0007455917487832087,0.00014785996705827346,undefined,11.932453155517578,15.708366394042969
2025-12-23T21:31:59.581Z,0.002491265012506853,0.0012961047434667397,undefined,11.909626007080078,15.708366394042969
2025-12-23T21:32:05.722Z,0.0036093965406915366,0.0038518611924742694,undefined,11.740886688232422,15.708366394042969
2025-12-23T21:32:08.025Z,0.0003046991568705377,0.00008170703647925033,undefined,11.750091552734375,15.708366394042969
2025-12-23T21:32:10.722Z,0.0005127815791101768,0.0004206262021037991,undefined,11.781009674072266,15.708366394042969
2025-12-23T21:32:13.989Z,0.0008873536553181393,0.0004634051255776849,undefined,11.818012237548828,15.708366394042969
2025-12-23T21:32:20.102Z,0.001196854917726885,0.0008209726305680967,undefined,11.967426300048828,15.708366394042969
2025-12-23T21:32:55.044Z,0.0011344227470813989,0.0009263220719935805,undefined,11.957103729248047,15.708366394042969
2025-12-23T21:33:56.276Z,0.005726538862222143,0.002997537533969468,undefined,13.11968994140625,15.708366394042969
2025-12-23T21:34:54.987Z,0.0008409444763666722,0.0007028406818366191,undefined,12.915237426757812,15.708366394042969
2025-12-23T21:35:54.853Z,0.0012430988178113393,0.0015206833710389792,undefined,13.179397583007812,15.708366394042969
2025-12-23T21:36:17.761Z,0.0016367965100447651,0.0027653424268636122,undefined,13.22957992553711,15.708366394042969
2025-12-23T21:36:20.276Z,0.0007067112564351517,0.00043586040048470615,undefined,12.81070327758789,15.708366394042969
2025-12-23T21:36:22.876Z,0.000033422277914675424,0.0001112809935113625,undefined,12.729263305664062,15.708366394042969
2025-12-23T21:36:25.444Z,0.00010305500238289761,0.00010347054674734477,undefined,12.739871978759766,15.708366394042969
2025-12-23T21:36:28.635Z,0.0002839121157432839,0.0002544393342042192,undefined,12.825725555419922,15.708366394042969
2025-12-23T21:38:55.015Z,0.024435342803644938,0.013218539624436509,undefined,13.031841278076172,15.708366394042969
2025-12-23T21:38:57.384Z,0.007013520267543971,0.005110049936140199,undefined,13.04892349243164,15.708366394042969
2025-12-23T21:38:59.905Z,0.0008633001600700454,0.0006284924205481259,undefined,13.06679916381836,15.708366394042969
2025-12-23T21:39:01.958Z,0.00022035505343501467,0.003953217561896649,undefined,13.008064270019531,15.708366394042969
2025-12-23T21:39:04.594Z,0.0004116642930460481,0.00021592626031839623,undefined,13.030426025390625,15.708366394042969
2025-12-23T21:39:06.654Z,0.0003027132761396462,0.00010746139165005491,undefined,13.055755615234375,15.708366394042969
2025-12-23T21:39:09.913Z,0.0007175565197326881,0.0024273254615406366,undefined,12.927009582519531,15.708366394042969
2025-12-23T21:39:12.056Z,0.0004785550481194512,0.003917770660604574,undefined,12.892295837402344,15.708366394042969
2025-12-23T21:39:14.686Z,0.0008839856451517823,0.0007230199642651038,undefined,12.988018035888672,15.708366394042969
2025-12-23T21:39:18.812Z,0.005493202849457454,0.006444452981022814,undefined,13.070518493652344,15.708366394042969
2025-12-23T21:39:20.795Z,0.0003762686054504421,0.0003392918850444051,undefined,13.0135498046875,15.708366394042969
2025-12-23T21:39:23.380Z,0.0010105305402069021,0.0018367225423101276,undefined,12.979873657226562,15.708366394042969
2025-12-23T21:39:25.971Z,0.014289951987833564,0.013692602490541673,undefined,12.972675323486328,15.708366394042969
2025-12-23T21:39:28.486Z,0.0023497208912003948,0.0017005592339211174,undefined,13.017765045166016,15.708366394042969
2025-12-23T21:39:30.589Z,0.008187211143650338,0.0031951102788602757,undefined,13.012809753417969,15.708366394042969
2025-12-23T21:39:32.832Z,0.001815100696599372,0.0005169449565566588,undefined,13.096553802490234,15.708366394042969
2025-12-23T21:39:35.341Z,0.0005054824635794468,0.0005210717454169007,undefined,13.039867401123047,15.708366394042969
2025-12-23T21:39:37.552Z,0.00003848709113605702,0.00012396423540334645,undefined,13.054523468017578,15.708366394042969
2025-12-23T21:39:39.664Z,0.0004476247027052898,0.000515038061546448,undefined,13.024250030517578,15.708366394042969
2025-12-23T21:39:41.820Z,0.0004264292714834964,0.0005323930844175242,undefined,13.029312133789062,15.708366394042969
2025-12-23T21:39:44.217Z,0.0005756105695452009,0.0007178102220807756,undefined,13.0047607421875,15.708366394042969
2025-12-23T21:39:47.140Z,0.00029770276879751556,0.0004284484412080498,undefined,13.016834259033203,15.708366394042969
2025-12-23T21:39:49.625Z,0.0022015305725583815,0.0016200723724033761,undefined,13.036773681640625,15.708366394042969
2025-12-23T21:39:51.780Z,0.0001647512392607046,0.00020287938320389623,undefined,13.003929138183594,15.708366394042969
2025-12-23T21:39:54.555Z,0.0004120622250920622,0.0013743211711877302,undefined,13.098804473876953,15.708366394042969
2025-12-23T21:39:56.781Z,0.009506359275049158,0.01215811318868852,undefined,13.157524108886719,15.708366394042969
2025-12-23T21:39:59.242Z,0.0031694213627363704,0.002727246237644278,undefined,13.175849914550781,15.708366394042969
2025-12-23T21:40:01.659Z,0.0008341437080157093,0.0015363324791701763,undefined,12.900711059570312,15.708366394042969
2025-12-23T21:40:04.904Z,0.002214985509072581,0.0016737273614347954,undefined,13.003623962402344,15.708366394042969
2025-12-23T21:40:07.337Z,0.0023103257817594426,0.0016605107780444297,undefined,13.085990905761719,15.708366394042969
2025-12-23T21:40:09.840Z,0.009796493480927732,0.003807501016740871,undefined,13.136726379394531,15.708366394042969
2025-12-23T21:40:12.102Z,0.0006549731744347386,0.00036211255758557525,undefined,13.164432525634766,15.708366394042969
2025-12-23T21:40:15.368Z,0.005420756928243151,0.002745824225320911,undefined,13.04757308959961,15.708366394042969
2025-12-23T21:40:17.290Z,0.0003890771238005316,0.00031025348976791505,undefined,12.975276947021484,15.708366394042969
2025-12-23T21:40:19.873Z,0.004454518927902472,0.003491855058513704,undefined,12.797557830810547,15.708366394042969
2025-12-23T21:40:21.947Z,0.0005635557344899452,0.0006845477003437048,undefined,12.78415298461914,15.708366394042969
2025-12-23T21:40:24.387Z,0.0009285552161080496,0.0006003039223807198,undefined,12.782085418701172,15.708366394042969
2025-12-23T21:40:27.219Z,0.00041620727333210373,0.0004962966172731345,undefined,12.796958923339844,15.708366394042969
2025-12-23T21:40:30.805Z,0.0007271578734132784,0.0004222126177468553,undefined,12.674034118652344,15.708366394042969
2025-12-23T21:40:33.149Z,0.0002228253260607968,0.0002174015858727044,undefined,12.692699432373047,15.708366394042969
2025-12-23T21:40:35.886Z,0.00047571669492436637,0.00040208625089165826,undefined,12.690292358398438,15.708366394042969
2025-12-23T21:40:37.994Z,0.000903505380131591,0.00048450185680064235,undefined,12.736320495605469,15.708366394042969
2025-12-23T21:40:40.066Z,0.0008003733982549649,0.0007941344073999708,undefined,12.742382049560547,15.708366394042969
2025-12-23T21:40:42.373Z,0.00037123566235698315,0.00028846014304765585,undefined,12.71756362915039,15.708366394042969
2025-12-23T21:40:44.725Z,0.006356919401267815,0.007470773588553905,undefined,12.867652893066406,15.708366394042969
2025-12-23T21:40:47.134Z,0.000628829002380371,0.00036401408059256416,undefined,12.854000091552734,15.708366394042969
2025-12-23T21:40:49.960Z,0.007176159786186054,0.005551013919168087,undefined,12.870403289794922,15.708366394042969
2025-12-23T21:40:52.445Z,0.0026976826803046454,0.0025771464650892056,undefined,12.922489166259766,15.708366394042969
2025-12-23T21:40:55.205Z,0.005408786516403973,0.007647261035928718,undefined,13.039291381835938,15.708366394042969
2025-12-23T21:40:57.565Z,0.009274260735822567,0.0032552793705263616,undefined,13.181060791015625,15.708366394042969
2025-12-23T21:40:59.698Z,0.000507032651070869,0.0003820568611460395,undefined,13.023616790771484,15.708366394042969
2025-12-23T21:41:01.360Z,0.0003113449161374735,0.0003026804008460781,undefined,13.020721435546875,15.708366394042969
2025-12-23T21:41:03.478Z,0.00015081781329530657,0.0001535271153305516,undefined,13.03567123413086,15.708366394042969
2025-12-23T21:41:06.747Z,0.00002721167591603766,0.000023731112717474704,undefined,13.008678436279297,15.708366394042969
2025-12-23T21:41:09.647Z,0.0005204936474921264,0.0004920661660946372,undefined,12.753211975097656,15.708366394042969
2025-12-23T21:41:11.873Z,0.0004336708470394737,0.0004135934930098684,undefined,12.481670379638672,15.708366394042969
2025-12-23T21:41:14.491Z,0.0018735276055090208,0.0025424760641510956,undefined,12.51275634765625,15.708366394042969
2025-12-23T21:41:17.246Z,0.0025746137873377166,0.0015742275004818219,undefined,12.617645263671875,15.708366394042969
2025-12-23T21:41:19.709Z,0.0005153350887377371,0.00035597156233864533,undefined,12.767524719238281,15.708366394042969
2025-12-23T21:41:23.003Z,0.00015590794469916937,0.00007823438232206521,undefined,12.449951171875,15.708366394042969
2025-12-23T21:41:25.458Z,0.0007369977277605588,0.0005812730439826091,undefined,12.424518585205078,15.708366394042969
2025-12-23T21:41:27.307Z,0.0001245769517720188,0.00015005860099811356,undefined,12.44655990600586,15.708366394042969
2025-12-23T21:41:29.452Z,0.0005978487480278921,0.0005880648322548258,undefined,12.402458190917969,15.708366394042969
2025-12-23T21:41:31.967Z,0.0004213736636111925,0.00009938760440299327,undefined,12.36837387084961,15.708366394042969
2025-12-23T21:41:35.939Z,0.0002259508824438997,0.0002036622627207037,undefined,12.54519271850586,15.708366394042969
2025-12-23T21:41:39.115Z,0.000215685459314361,0.00016176409448577075,undefined,12.785411834716797,15.708366394042969
2025-12-23T21:41:45.138Z,0.0012241976499438147,0.0011128056890754056,undefined,13.304092407226562,15.708366394042969
2025-12-23T21:41:47.487Z,0.0004792622677171905,0.00034466868968655636,undefined,13.352653503417969,15.708366394042969
2025-12-23T21:41:50.606Z,0.0004458484214842421,0.0001791181431290405,undefined,12.877460479736328,15.708366394042969
2025-12-23T21:41:52.691Z,0.00018829708847509916,0.0002639521686659872,undefined,12.832695007324219,15.708366394042969
2025-12-23T21:41:54.791Z,0.00019010119263911958,0.00019372216773700757,undefined,12.819271087646484,15.708366394042969
2025-12-23T21:41:57.696Z,0.00021336067588841528,0.00009065064985932669,undefined,12.616363525390625,15.708366394042969
2025-12-23T21:42:00.840Z,0.008592872117211341,0.0026805815189703463,undefined,12.629074096679688,15.708366394042969
2025-12-23T21:42:03.279Z,0.003248971032117027,0.007072707864722181,undefined,12.731559753417969,15.708366394042969
2025-12-23T21:42:06.305Z,0.00025247996319012126,0.0004193417210410182,undefined,12.789234161376953,15.708366394042969
2025-12-23T21:42:09.033Z,0.0005374250271678555,0.00022619471080166073,undefined,12.945362091064453,15.708366394042969
2025-12-23T21:42:11.313Z,0.00047064446783685063,0.0002349874938986267,undefined,12.886882781982422,15.708366394042969
2025-12-23T21:42:13.402Z,0.002657773394237533,0.0021686042405636373,undefined,12.87725830078125,15.708366394042969
2025-12-23T21:42:16.889Z,0.0004917383193969727,0.000373989928002451,undefined,12.848224639892578,15.708366394042969
2025-12-23T21:42:17.882Z,0.00024415731951757386,0.00036727938662472646,undefined,12.871681213378906,15.708366394042969
2025-12-23T21:42:19.427Z,0.00045687388004868795,0.0002874712054238936,undefined,12.84909439086914,15.708366394042969
2025-12-23T21:42:21.443Z,0.0025462494221831686,0.003223785205182236,undefined,12.47567367553711,15.708366394042969
2025-12-23T21:42:23.524Z,0.00061967511468424,0.000332104170790254,undefined,12.482307434082031,15.708366394042969
2025-12-23T21:42:25.907Z,0.0004007735881940468,0.00038170804584190186,undefined,12.636032104492188,15.708366394042969
2025-12-23T21:42:29.244Z,0.00014622045787799753,0.00012641226777137225,undefined,12.79241943359375,15.708366394042969
2025-12-23T21:42:33.790Z,0.0031964148882139536,0.0018297287672500743,undefined,12.881362915039062,15.708366394042969
2025-12-23T21:42:36.594Z,0.0003883816025399051,0.0002847034628788287,undefined,12.58591079711914,15.708366394042969
2025-12-23T21:42:39.123Z,0.0008920522836538462,0.001753922347184066,undefined,12.6409912109375,15.708366394042969
2025-12-23T21:42:41.751Z,0.00026728069616081254,0.0001367889426686881,undefined,12.70608139038086,15.708366394042969
2025-12-23T21:42:44.811Z,0.001956031436011905,0.002144586472284226,undefined,12.492218017578125,15.708366394042969
2025-12-23T21:42:52.554Z,0.0005309386823162342,0.0006772887031987028,undefined,12.92795181274414,15.708366394042969
2025-12-23T21:42:55.662Z,0.0003100843505437133,0.00023784129440640133,undefined,13.204513549804688,15.708366394042969
2025-12-23T21:42:58.533Z,0.00023341679072880247,0.00013704900141362544,undefined,12.70412826538086,15.708366394042969
2025-12-23T21:43:01.589Z,0.0005734151036007778,0.0006173620160841784,undefined,12.796085357666016,15.708366394042969
2025-12-23T21:43:04.691Z,0.0006400448290707562,0.0006212421020122732,undefined,12.965511322021484,15.708366394042969
2025-12-23T21:43:06.891Z,0.0005141266526300411,0.00026300802832510866,undefined,12.863121032714844,15.708366394042969
2025-12-23T21:43:09.474Z,0.0003907698867053839,0.0002781890007652106,undefined,12.881385803222656,15.708366394042969
2025-12-23T21:43:11.544Z,0.0002198074328282277,0.00014066108446583554,undefined,12.88895034790039,15.708366394042969
2025-12-23T21:43:13.835Z,0.0027363116924579325,0.001897720190194937,undefined,12.85787582397461,15.708366394042969
2025-12-23T21:43:15.954Z,0.004490735325427341,0.0032859848726304124,undefined,12.858821868896484,15.708366394042969
2025-12-23T21:43:18.281Z,0.004124167739160803,0.003036179026757381,undefined,12.830608367919922,15.708366394042969
2025-12-23T21:43:21.772Z,0.00039027754668217557,0.0002533007579244626,undefined,12.847488403320312,15.708366394042969
2025-12-23T21:43:25.182Z,0.0004893001415718425,0.00010926451172574292,undefined,12.665962219238281,15.708366394042969
2025-12-23T21:43:27.619Z,0.0005683050195782283,0.00026866892197013116,undefined,12.808486938476562,15.708366394042969
2025-12-23T21:43:30.070Z,0.008957565955395968,0.01016390398613312,undefined,12.765663146972656,15.708366394042969
2025-12-23T21:43:32.251Z,0.0023226515945468404,0.002163635389239191,undefined,12.772026062011719,15.708366394042969
2025-12-23T21:43:34.796Z,0.0009289406184246415,0.0006278554103023691,undefined,12.771720886230469,15.708366394042969
2025-12-23T21:43:37.787Z,0.00027077849580250496,0.00017703631558363132,undefined,12.793476104736328,15.708366394042969
2025-12-23T21:43:40.594Z,0.00020798044692367932,0.000159860747247238,undefined,12.930660247802734,15.708366394042969
2025-12-23T21:43:44.019Z,0.0018252993462388948,0.0015739986327719113,undefined,13.141864776611328,15.708366394042969
2025-12-23T21:43:47.938Z,0.0023021714483341888,0.002365639834127863,undefined,13.412155151367188,15.708366394042969
2025-12-23T21:43:52.378Z,0.00035856876952657855,0.00015396559760206142,undefined,13.696258544921875,15.708366394042969
2025-12-23T21:43:56.116Z,0.0021643422294180302,0.0013529196293396357,undefined,14.083915710449219,15.708366394042969
2025-12-23T21:44:00.133Z,0.0035767188439002405,0.003929725060096154,undefined,13.949993133544922,15.708366394042969
2025-12-23T21:44:03.281Z,0.0004097218613447722,0.0004756288631696685,undefined,13.815193176269531,15.708366394042969
2025-12-23T21:44:06.276Z,0.00033682624765690543,0.0003720289908799549,undefined,13.514816284179688,15.708366394042969
2025-12-23T21:44:08.716Z,0.00021810027516518338,0.0001810643793824164,undefined,13.507415771484375,15.708366394042969
2025-12-23T21:44:11.835Z,0.014378024574827297,0.0063720438998827985,undefined,13.466888427734375,15.708366394042969
2025-12-23T21:44:16.092Z,0.0019631921288801387,0.0014654455337932402,undefined,13.460502624511719,15.708366394042969
2025-12-23T21:44:20.550Z,0.04157415881955246,0.005239598891314338,undefined,13.539649963378906,15.708366394042969
2025-12-23T21:44:25.262Z,0.10051094180343262,0.003220879453959605,undefined,13.66943359375,15.708366394042969
2025-12-23T21:44:26.017Z,0,0,undefined,13.620094299316406,15.708366394042969
2025-12-23T21:44:27.217Z,0.08075406247599601,0.002355079385209699,undefined,13.812152862548828,15.708366394042969
2025-12-23T21:44:31.080Z,6.512679961457074,0.16870118110038637,undefined,13.763187408447266,15.708366394042969
2025-12-23T21:44:34.289Z,0,0,undefined,13.750656127929688,15.708366394042969
2025-12-23T21:44:36.019Z,0.30190512398693053,0.00891498316114194,undefined,13.84377670288086,15.708366394042969
2025-12-23T21:44:36.935Z,0.5569404486980993,0.017949883371685647,undefined,13.916046142578125,15.708366394042969
2025-12-23T21:44:39.541Z,0,0,undefined,13.889350891113281,15.708366394042969
2025-12-23T21:44:39.542Z,0.0075311049777485204,0.003690374262817723,undefined,13.892730712890625,15.708366394042969
2025-12-23T21:44:41.509Z,0.0015171094872485633,0.0011126200358072917,undefined,13.926956176757812,15.708366394042969
2025-12-23T21:44:46.214Z,0.0018613134733773645,0.0019148137938019814,undefined,13.834129333496094,15.708366394042969
2025-12-23T21:44:47.395Z,0.01055002212524414,0.005424022674560547,undefined,13.847183227539062,15.708366394042969
2025-12-23T21:44:47.396Z,0,0.000049847422626633396,undefined,13.84686279296875,15.708366394042969
2025-12-23T21:44:49.837Z,0.0002947720614346591,0.0004782060687051436,undefined,13.305774688720703,15.708366394042969
2025-12-23T21:44:49.838Z,0.003949129745393465,0.00221040721960761,undefined,13.703510284423828,15.708366394042969
2025-12-23T21:44:52.055Z,0.00010939320302898403,0.00024105573667458267,undefined,13.320377349853516,15.708366394042969
2025-12-23T21:45:02.362Z,0.0004157813633745914,0.0005095149075479739,undefined,13.374584197998047,15.708366394042969
2025-12-23T21:45:02.363Z,0,0,undefined,13.374000549316406,15.708366394042969
2025-12-23T21:45:02.694Z,0.0003114563894336201,0.0005611363049299932,undefined,13.426162719726562,15.708366394042969
2025-12-23T21:45:08.150Z,0.5101839701334636,0.5291938781738281,undefined,13.651653289794922,15.708366394042969
2025-12-23T21:45:08.302Z,0,0,undefined,13.651969909667969,15.708366394042969
2025-12-23T21:45:08.353Z,0.00018789583736489462,0.00010825140803202405,undefined,13.651744842529297,15.708366394042969
2025-12-23T21:45:08.410Z,0,0,undefined,13.657474517822266,15.708366394042969
2025-12-23T21:45:08.468Z,0,0,undefined,13.655498504638672,15.708366394042969
2025-12-23T21:45:08.500Z,0,0,undefined,13.65188980102539,15.708366394042969
2025-12-23T21:45:08.534Z,0,0,undefined,13.652881622314453,15.708366394042969
2025-12-23T21:45:09.142Z,0.007661459502842835,0.008364820170040503,undefined,13.73114013671875,15.708366394042969
2025-12-23T21:45:10.154Z,0.0028259736656266405,0.012518268888297929,undefined,13.968517303466797,15.708366394042969
2025-12-23T21:45:10.440Z,0.00044044695402446543,0.00016312850149054276,undefined,13.801673889160156,15.708366394042969
2025-12-23T21:45:42.476Z,0.032002025026599164,0.0250371420235427,undefined,14.375484466552734,15.708366394042969
2025-12-23T21:45:46.953Z,0.21746022332246773,0.011230042242337429,undefined,14.300861358642578,15.708366394042969
2025-12-23T21:45:51.091Z,0.04313388564877813,0.0247523396764053,undefined,14.231636047363281,15.708366394042969
2025-12-23T21:45:54.108Z,0.017529032433633858,0.002177961880031697,undefined,14.261226654052734,15.708366394042969
2025-12-23T21:45:56.587Z,0.030433030432968945,0.003511094189695298,undefined,14.3837890625,15.708366394042969
2025-12-23T21:46:00.488Z,0.05797813105028729,0.00839649244796398,undefined,14.42257308959961,15.708366394042969
2025-12-23T21:46:11.776Z,0.012312223058656483,0.0017108610924953486,undefined,14.389690399169922,15.708366394042969
2025-12-23T21:46:14.074Z,0.013068291224634277,0.005702937669875625,undefined,14.326408386230469,15.708366394042969
2025-12-23T21:46:16.138Z,0.002549776272082838,0.0007276014024458135,undefined,14.528751373291016,15.708366394042969
2025-12-23T21:46:16.558Z,0,0,undefined,14.517704010009766,15.708366394042969
2025-12-23T21:46:17.049Z,0.12874126434326172,0.05137205123901367,undefined,14.632041931152344,15.708366394042969
2025-12-23T21:46:17.050Z,0.007642933829442103,0.0030768055141553903,undefined,14.637435913085938,15.708366394042969
2025-12-23T21:46:17.922Z,0.06443995893902706,0.3318117195277698,undefined,14.614665985107422,15.708366394042969
2025-12-23T21:46:17.923Z,0.1130498898257116,0.05000209605870986,undefined,14.589630126953125,15.708366394042969
2025-12-23T21:46:22.604Z,0.10654071391558063,0.24409602107874268,undefined,14.662315368652344,15.708366394042969
2025-12-23T21:46:26.232Z,0.0030511402620638445,0.005334091892295364,undefined,14.394916534423828,15.708366394042969
2025-12-23T21:46:27.737Z,0.1120418972439236,0.11090172661675347,undefined,14.354412078857422,15.708366394042969
2025-12-23T21:46:29.146Z,0.0009553386694889835,0.0007755885365537741,undefined,14.430450439453125,15.708366394042969
2025-12-23T21:46:29.147Z,0.00018304067559049895,0.00003685110946622877,undefined,14.439979553222656,15.708366394042969
2025-12-23T21:46:31.332Z,0.00025579362863505285,0.00004441432780158474,undefined,14.625350952148438,15.708366394042969
2025-12-23T21:46:32.706Z,0.005070143837319678,0.007111995165352677,undefined,14.211956024169922,15.708366394042969
2025-12-23T21:46:32.928Z,0.05521272358141448,0.044270565635279605,undefined,14.212265014648438,15.708366394042969
2025-12-23T21:46:33.205Z,0.0020163399832589285,0,undefined,14.036632537841797,15.708366394042969
2025-12-23T21:46:33.211Z,0.0010148595805041702,0.0003467164965548813,undefined,14.054523468017578,15.708366394042969
2025-12-23T21:46:36.005Z,0.0005289286124606093,0.00039536078103116247,undefined,14.014045715332031,15.708366394042969
2025-12-23T21:46:36.007Z,0,0,undefined,13.982162475585938,15.708366394042969
2025-12-23T21:46:39.788Z,0.00011964404261260029,0.00006330004580085248,undefined,14.016700744628906,15.708366394042969
2025-12-23T21:46:40.583Z,0.002075644100413603,0,undefined,14.017528533935547,15.708366394042969
2025-12-23T21:46:40.584Z,0.00454538129752211,0.002936724448018901,undefined,14.055030822753906,15.708366394042969
2025-12-23T21:46:42.645Z,0.0009438570807961856,0.0008597093469956341,undefined,14.06549072265625,15.708366394042969
2025-12-23T21:46:43.605Z,0.00006253602074795081,0.0000646679305461764,undefined,13.937759399414062,15.708366394042969
2025-12-23T21:46:45.543Z,0.0004475532290695997,0.0020556302624134717,undefined,13.978843688964844,15.708366394042969
2025-12-23T21:46:46.578Z,0.0005898099071142953,0.00039754967338361175,undefined,13.972415924072266,15.708366394042969
2025-12-23T21:46:47.722Z,0.0009778179699861552,0.0042546482864143816,undefined,14.018089294433594,15.708366394042969
2025-12-23T21:46:49.112Z,0.0007227015692842775,0.0002650108361715265,undefined,13.968509674072266,15.708366394042969
2025-12-23T21:46:50.627Z,0.0007719411875452193,0.000416117911878061,undefined,13.961902618408203,15.708366394042969
2025-12-23T21:46:52.031Z,0.010147339782061362,0.007700188342032476,undefined,13.991886138916016,15.708366394042969
2025-12-23T21:46:53.560Z,0.0006300827552532328,0.00019073486328125,undefined,14.017318725585938,15.708366394042969
2025-12-23T21:46:54.901Z,0.01162481535513058,0.00885805469349118,undefined,13.961204528808594,15.708366394042969
2025-12-23T21:46:57.149Z,0.0018247713645299275,0.000033527612686157227,undefined,13.972831726074219,15.708366394042969
2025-12-23T21:46:58.404Z,0.0008142691502149316,0.00019516723266784576,undefined,13.908439636230469,15.708366394042969
2025-12-23T21:47:00.005Z,0.0003438371559505855,0.00012995420067423704,undefined,13.930850982666016,15.708366394042969
2025-12-23T21:47:01.321Z,0,0,undefined,13.89044189453125,15.708366394042969
2025-12-23T21:47:02.084Z,0.00026656360161013724,0.0004107777665301067,undefined,13.890209197998047,15.708366394042969
2025-12-23T21:47:02.391Z,0.000945140318049147,0.0008427323377639122,undefined,13.94601821899414,15.708366394042969
2025-12-23T21:47:03.354Z,0.00027825611946034776,0.00022082535061824108,undefined,13.94680404663086,15.708366394042969
2025-12-23T21:47:03.977Z,0.005835655840827625,0.006156360478203178,undefined,13.887401580810547,15.708366394042969
2025-12-23T21:47:10.765Z,0.0031611124674479165,0.004301000524450232,undefined,13.832321166992188,15.708366394042969
2025-12-23T21:47:13.521Z,0.00045145354385076145,0.0004146558210312277,undefined,13.828426361083984,15.708366394042969
2025-12-23T21:47:17.806Z,0.004013164064616979,0.004213284753600558,undefined,13.513198852539062,15.708366394042969
2025-12-23T21:47:20.569Z,0.0005358273221045426,0.0002895880773342315,undefined,13.519466400146484,15.708366394042969
2025-12-23T21:47:22.834Z,0.00013945902115837332,0.0001401633596490722,undefined,13.517986297607422,15.708366394042969
2025-12-23T21:47:25.453Z,0.0005257486944814531,0.0002697179366788465,undefined,13.358287811279297,15.708366394042969
2025-12-23T21:47:27.699Z,0.00040701388735692314,0.00022581961425190348,undefined,13.223674774169922,15.708366394042969
2025-12-23T21:47:30.586Z,0.000982118620789535,0.0037597839557739357,undefined,13.204933166503906,15.708366394042969
2025-12-23T21:47:33.880Z,0.00023799709663998046,0.00017730362217216963,undefined,13.419902801513672,15.708366394042969
2025-12-23T21:47:36.691Z,0.00027680546982483293,0.0001901350681136989,undefined,13.387481689453125,15.708366394042969
2025-12-23T21:47:38.974Z,0.0023895036775383365,0.001635545543873916,undefined,13.35247802734375,15.708366394042969
2025-12-23T21:47:41.999Z,0.18289414319125089,0.010827048258347946,undefined,13.226520538330078,15.708366394042969
2025-12-23T21:47:44.824Z,0.03776389199334222,0.0060745187707849455,undefined,13.105461120605469,15.708366394042969
2025-12-23T21:47:48.128Z,0.002449627580313847,0.0007879322972790949,undefined,13.061939239501953,15.708366394042969
2025-12-23T21:47:50.825Z,0.0297751969206119,0.01952248419116357,undefined,12.668819427490234,15.708366394042969
2025-12-23T21:47:53.936Z,0.0011471433036235976,0.00046331513221481576,undefined,12.722862243652344,15.708366394042969
2025-12-23T21:47:58.292Z,0.006246750879471827,0.007956842000617286,undefined,12.755317687988281,15.708366394042969
2025-12-23T21:48:06.557Z,0.055695547252584916,0.00948697397831301,undefined,13.156227111816406,15.708366394042969
2025-12-23T21:48:08.452Z,0.0007565403397465165,0.0004819977335083536,undefined,13.13433837890625,15.708366394042969
2025-12-23T21:48:10.648Z,0.0027400307461058373,0.002273768109719491,undefined,13.170555114746094,15.708366394042969
2025-12-23T21:48:13.494Z,0.003846722384062113,0.001840264437349494,undefined,13.147567749023438,15.708366394042969
2025-12-23T21:48:19.939Z,0.0003783141865449793,0.0003686722587136661,undefined,13.836402893066406,15.708366394042969
2025-12-23T21:48:32.356Z,0.001336860330501808,0.00179089639606534,undefined,14.168827056884766,15.708366394042969
2025-12-23T21:48:38.242Z,0.002154458493336043,0.0023681089605918676,undefined,13.920051574707031,15.708366394042969
2025-12-23T21:48:41.508Z,0.002378696763201181,0.00147955859411263,undefined,13.754451751708984,15.708366394042969
2025-12-23T21:48:49.783Z,0.013853444161105496,1.4114763718317649,undefined,13.430732727050781,15.708366394042969
2025-12-23T21:48:52.713Z,0.03072836460211338,3.494233106955504,undefined,13.495704650878906,15.708366394042969
2025-12-23T21:48:55.773Z,0.042015721601161224,4.810079546883475,undefined,13.501773834228516,15.708366394042969
2025-12-23T21:48:58.782Z,0.041180624704314134,4.693968440428888,undefined,13.528194427490234,15.708366394042969
2025-12-23T21:49:01.785Z,0.0436174068526317,4.891512736344369,undefined,13.555118560791016,15.708366394042969
2025-12-23T21:49:04.635Z,0.04137264533557574,4.68882176597629,undefined,13.593814849853516,15.708366394042969
2025-12-23T21:49:07.702Z,0.041723013320897465,4.805730860959274,undefined,13.626293182373047,15.708366394042969
2025-12-23T21:49:11.325Z,0.04700752754939258,5.231152747482831,undefined,13.721271514892578,15.708366394042969
2025-12-23T21:49:15.642Z,0.04828819120773162,5.475916700477005,undefined,13.647018432617188,15.708366394042969
2025-12-23T21:49:18.666Z,0.041223204040073076,4.669689997280947,undefined,13.717357635498047,15.708366394042969
2025-12-23T21:49:21.933Z,0.010874394574539993,1.1338522878126134,undefined,12.604743957519531,15.708366394042969
2025-12-23T21:49:24.738Z,0.0011616477979368154,0.0014372044987402645,undefined,12.609683990478516,15.708366394042969
2025-12-23T21:49:28.107Z,0.0003294673175259687,0.00026298021921442185,undefined,12.450775146484375,15.708366394042969
2025-12-23T21:49:30.983Z,0.0035352186477412405,0.0034135592735717686,undefined,12.446292877197266,15.708366394042969
2025-12-23T21:49:34.267Z,0.0008363522451597027,0.0010099763291492312,undefined,11.985260009765625,15.708366394042969
2025-12-23T21:49:37.369Z,0.0014634388487052429,0.0010295563307835588,undefined,11.702438354492188,15.708366394042969
2025-12-23T21:49:39.703Z,0.0007641762702097326,0.0004942851135056016,undefined,11.628978729248047,15.708366394042969
2025-12-23T21:49:41.965Z,0.00007619004979005901,0.0001705618160072912,undefined,11.716178894042969,15.708366394042969
2025-12-23T21:49:44.435Z,0.0004401035546731704,0.0005964837525578343,undefined,11.724414825439453,15.708366394042969
2025-12-23T21:49:46.862Z,0.0003975103883182301,0.00021343722062952376,undefined,11.616058349609375,15.708366394042969
2025-12-23T21:58:07.743Z,0.0485465304460929,0.01099381681979311,undefined,11.900508880615234,15.708366394042969
2025-12-23T21:58:09.808Z,0.00035184830908799764,0.00041913553913794593,undefined,11.929328918457031,15.708366394042969
2025-12-23T21:58:12.764Z,0.0004085585301024441,0.00021967906432392997,undefined,12.186874389648438,15.708366394042969
2025-12-23T21:58:15.286Z,0.01667881291632778,0.1422250725307073,undefined,11.843990325927734,15.708366394042969
2025-12-23T21:58:18.010Z,0.020266305793094592,0.19743632481416826,undefined,11.81942367553711,15.708366394042969
2025-12-23T21:58:20.823Z,0.2200020552789755,0.02125863287151137,undefined,11.832416534423828,15.708366394042969
2025-12-23T21:58:23.245Z,0.001008799999435513,0.0005832297264496025,undefined,11.821296691894531,15.708366394042969
2025-12-23T21:58:25.675Z,0.00162337164338475,0.0006868806479948288,undefined,11.795219421386719,15.708366394042969
2025-12-23T21:58:28.329Z,0.001397718840279735,0.0013973604508335095,undefined,11.833549499511719,15.708366394042969
2025-12-23T21:58:31.884Z,0.004233533390185381,0.004012009193157328,undefined,11.89010238647461,15.708366394042969
2025-12-23T21:58:36.158Z,0.0011156190116450471,0.0002704449553987873,undefined,11.90579605102539,15.708366394042969
2025-12-23T21:58:37.337Z,0.000059604644775390625,0.000059604644775390625,undefined,11.918487548828125,15.708366394042969
2025-12-23T21:58:38.467Z,0,0,undefined,11.92709732055664,15.708366394042969
2025-12-23T21:58:39.397Z,0.004591840378781582,0.039611302369029815,undefined,11.956809997558594,15.708366394042969
2025-12-23T21:58:40.237Z,0.0027245288702569576,0.002439051058049287,undefined,11.954490661621094,15.708366394042969
2025-12-23T21:58:41.999Z,0.00006962308252201825,0.00007124222397601867,undefined,11.968372344970703,15.708366394042969
2025-12-23T21:58:42.990Z,0.002003287126918039,0.009348292550640906,undefined,11.961536407470703,15.708366394042969
2025-12-23T21:58:45.546Z,0.00005951912878575592,0.000056782617117445306,undefined,11.98358154296875,15.708366394042969
2025-12-23T21:58:46.635Z,0,0,undefined,11.974239349365234,15.708366394042969
2025-12-23T21:58:47.896Z,0.0308990478515625,0.047047932942708336,undefined,11.997020721435547,15.708366394042969
2025-12-23T21:58:47.898Z,0.0008667824070697582,0.0006702072679150719,undefined,11.997615814208984,15.708366394042969
2025-12-23T21:58:49.983Z,0.0010407160198877728,0.0041318318200489835,undefined,11.991119384765625,15.708366394042969
2025-12-23T21:58:50.019Z,0,0,undefined,12.032299041748047,15.708366394042969
2025-12-23T21:58:52.220Z,0.010327606128407024,0.006317808108495768,undefined,11.999370574951172,15.708366394042969
2025-12-23T21:58:54.841Z,0.003378168284464225,0.00023541690634308957,undefined,11.998626708984375,15.708366394042969
2025-12-23T21:58:55.879Z,0.002562999725341797,0.0025033950805664062,undefined,11.988506317138672,15.708366394042969
2025-12-23T21:58:57.371Z,0.0018623983784086385,0.0017567045369725318,undefined,12.02859878540039,15.708366394042969
2025-12-23T21:58:57.372Z,0.00008315067815748658,0,undefined,12.042015075683594,15.708366394042969
2025-12-23T21:58:59.389Z,0.00006084272345025037,0.0000594277763932678,undefined,12.016551971435547,15.708366394042969
2025-12-23T21:58:59.391Z,0.00011084791653619739,0.00010575146060349866,undefined,11.974800109863281,15.708366394042969
2025-12-23T21:59:01.953Z,0.0005354454618170785,0.00039947419743270655,undefined,11.96811294555664,15.708366394042969
2025-12-23T21:59:04.610Z,0,0,undefined,12.020397186279297,15.708366394042969
2025-12-23T21:59:05.390Z,0.003565912661345109,0.0031098075534986415,undefined,12.008651733398438,15.708366394042969
2025-12-23T21:59:06.672Z,0.01920353282581676,0.03168422714052464,undefined,12.085304260253906,15.708366394042969
2025-12-23T21:59:06.674Z,0.00010273458263199858,0.0000878651035668409,undefined,12.073738098144531,15.708366394042969
2025-12-23T21:59:09.332Z,0.0004850973294475886,0.00011113684947096456,undefined,12.062068939208984,15.708366394042969
2025-12-23T21:59:09.347Z,0.0009996345244258284,0.010316790027950343,undefined,12.097293853759766,15.708366394042969
2025-12-23T21:59:11.676Z,0.0008004622283856104,0.0031667378100377116,undefined,11.780338287353516,15.708366394042969
2025-12-23T21:59:14.794Z,0.0001573155068943643,0.000471946520683093,undefined,11.712398529052734,15.708366394042969
2025-12-23T21:59:15.751Z,0,0,undefined,11.712326049804688,15.708366394042969
2025-12-23T21:59:16.824Z,0.003041837039409868,0.014581936317802276,undefined,11.737262725830078,15.708366394042969
2025-12-23T21:59:16.825Z,0.0002031796146804261,0.0006590638751196321,undefined,11.751880645751953,15.708366394042969
2025-12-23T21:59:19.604Z,0.00036938787125600337,0.00022925815602081712,undefined,11.690547943115234,15.708366394042969
2025-12-23T21:59:19.606Z,0,0,undefined,11.682243347167969,15.708366394042969
2025-12-23T21:59:21.670Z,0.0005816421700276196,0.002902397847850932,undefined,11.737667083740234,15.708366394042969
2025-12-23T21:59:24.659Z,0.0001451345302336463,0.00020740192546292034,undefined,11.775150299072266,15.708366394042969
2025-12-23T21:59:25.536Z,0,0,undefined,11.773422241210938,15.708366394042969
2025-12-23T21:59:26.898Z,0.0046557553324107805,0.014253795948798345,undefined,11.815628051757812,15.708366394042969
2025-12-23T21:59:26.907Z,0.00008908282162208094,0.0002379609618672025,undefined,11.807785034179688,15.708366394042969
2025-12-23T21:59:29.565Z,0.00023827364379511778,0.00014029737663848784,undefined,11.832103729248047,15.708366394042969
2025-12-23T21:59:29.599Z,0.0002039083218767221,0.00014224532419578894,undefined,11.818164825439453,15.708366394042969
2025-12-23T21:59:32.227Z,0.0012782992416489572,0.003346897155013239,undefined,11.659049987792969,15.708366394042969
2025-12-23T21:59:32.228Z,0,0,undefined,11.660175323486328,15.708366394042969
2025-12-23T21:59:34.659Z,0.0004045781281525945,0.00006954252516141284,undefined,11.741081237792969,15.708366394042969
2025-12-23T21:59:38.173Z,0.01663038263635404,0.027288649827656313,undefined,11.794025421142578,15.708366394042969
2025-12-23T21:59:38.851Z,0,0,undefined,11.794178009033203,15.708366394042969
2025-12-23T21:59:40.039Z,0.010839850238499956,0.028523040274032713,undefined,11.81955337524414,15.708366394042969
2025-12-23T21:59:41.204Z,0.0006557932113771161,0.0004497777295783411,undefined,11.826103210449219,15.708366394042969
2025-12-23T21:59:41.204Z,0.0055320021035014716,0.0046819880388785096,undefined,11.823875427246094,15.708366394042969
2025-12-23T21:59:43.437Z,0.001403217765217277,0.0006036726312605219,undefined,11.806716918945312,15.708366394042969
2025-12-23T21:59:46.330Z,0.0006477154594712243,0.0004320899762016587,undefined,11.764068603515625,15.708366394042969
2025-12-23T21:59:47.520Z,0.0010335547292334402,0.0008762392223390759,undefined,11.808048248291016,15.708366394042969
2025-12-23T21:59:48.956Z,0.0005429421246823013,0.0002614818674065196,undefined,11.86166763305664,15.708366394042969
2025-12-23T21:59:49.996Z,0,0,undefined,11.817718505859375,15.708366394042969
2025-12-23T21:59:49.998Z,0.00839397825043777,0.04445422779430042,undefined,11.817684173583984,15.708366394042969
2025-12-23T21:59:51.937Z,0.08392333984375,0.06283030790441176,undefined,11.808509826660156,15.708366394042969
2025-12-23T21:59:54.124Z,0.002309923367251301,0.016479895859168318,undefined,11.858417510986328,15.708366394042969
2025-12-23T21:59:55.871Z,0,0,undefined,11.858295440673828,15.708366394042969
2025-12-23T21:59:57.499Z,0,0,undefined,11.79202651977539,15.708366394042969
2025-12-23T21:59:57.500Z,0.00027561431650615406,0.006541978164503743,undefined,11.79190444946289,15.708366394042969
2025-12-23T21:59:59.576Z,0.000045325561601838476,0.000045325561601838476,undefined,11.874683380126953,15.708366394042969
2025-12-23T22:00:02.096Z,0.011805448974477691,0.01690482887506742,undefined,11.907272338867188,15.708366394042969
2025-12-23T22:00:03.480Z,0,0,undefined,11.90670394897461,15.708366394042969
2025-12-23T22:00:05.248Z,0.003641965437908562,0.0006897108895438058,undefined,11.967079162597656,15.708366394042969
2025-12-23T22:00:05.251Z,0.003203749656677246,0.01420949896176656,undefined,11.949981689453125,15.708366394042969
2025-12-23T22:00:07.760Z,0.00024007740539512177,0.005766683405973277,undefined,11.941390991210938,15.708366394042969
2025-12-23T22:00:07.763Z,0.006762516512127595,0.014224828171106194,undefined,11.927192687988281,15.708366394042969
2025-12-23T22:00:10.174Z,0.001294755785247129,0.001711048162321939,undefined,11.956844329833984,15.708366394042969
2025-12-23T22:00:13.579Z,0.0011762367626775999,0.0007176581816729016,undefined,11.960918426513672,15.708366394042969
2025-12-23T22:00:14.452Z,0.015060686161497243,0.04832529118040212,undefined,12.046710968017578,15.708366394042969
2025-12-23T22:00:14.496Z,0,0,undefined,11.977596282958984,15.708366394042969
2025-12-23T22:00:16.744Z,0.0012421435382768066,0.004503571629647508,undefined,11.998554229736328,15.708366394042969
2025-12-23T22:00:16.745Z,0,0,undefined,11.999053955078125,15.708366394042969
2025-12-23T22:00:16.747Z,0.0009626500746783089,0.010336707620059744,undefined,12.074745178222656,15.708366394042969
2025-12-23T22:00:19.962Z,0.0013066356292398798,0.0046461926660503776,undefined,11.969921112060547,15.708366394042969
2025-12-23T22:00:22.929Z,0,0,undefined,11.967845916748047,15.708366394042969
2025-12-23T22:00:23.707Z,0.0004408240729236035,0.003469210737964196,undefined,11.96536636352539,15.708366394042969
2025-12-23T22:00:25.088Z,0,0,undefined,11.966423034667969,15.708366394042969
2025-12-23T22:00:26.411Z,0.00013443640107050028,0.00007829246345868216,undefined,11.976425170898438,15.708366394042969
2025-12-23T22:00:27.513Z,0.014532180059523808,0.013987223307291666,undefined,11.976448059082031,15.708366394042969
2025-12-23T22:00:28.811Z,0.0008129003941581495,0.0000745273706019356,undefined,11.998043060302734,15.708366394042969
2025-12-23T22:00:29.959Z,0.000033862919575118704,0.00015238313808803417,undefined,12.007671356201172,15.708366394042969
2025-12-23T22:00:31.193Z,0.0005713256273401498,0.0002988472512240783,undefined,12.017932891845703,15.708366394042969
2025-12-23T22:00:32.769Z,0.0007084437779017857,0.0005499109045251624,undefined,12.015914916992188,15.708366394042969
2025-12-23T22:00:34.217Z,0.00016892637844496839,0.00011529895671640699,undefined,12.043163299560547,15.708366394042969
2025-12-23T22:00:35.676Z,0.006265049680657343,0.00591999893888421,undefined,12.071697235107422,15.708366394042969
2025-12-23T22:00:36.872Z,0.00568523741604989,0.010469670881304825,undefined,12.036651611328125,15.708366394042969
2025-12-23T22:00:38.078Z,0,0,undefined,12.036685943603516,15.708366394042969
2025-12-23T22:00:39.052Z,0.00038978123826070626,0.000143301925831142,undefined,12.107501983642578,15.708366394042969
2025-12-23T22:00:41.300Z,0.00013646587555896423,0.00008092743783147879,undefined,12.130165100097656,15.708366394042969
2025-12-23T22:00:42.247Z,0.00007343589949434183,0.00007343589949434183,undefined,12.138999938964844,15.708366394042969
2025-12-23T22:00:43.732Z,0.00009215279911341291,0.0000900097107619382,undefined,11.767337799072266,15.708366394042969
2025-12-23T22:00:44.873Z,0,0,undefined,11.770217895507812,15.708366394042969
2025-12-23T22:00:44.873Z,0.00020657356677868246,0.00006829917116617697,undefined,11.770294189453125,15.708366394042969
2025-12-23T22:00:47.442Z,0.0005276949791612495,0.00046601634523331126,undefined,11.717975616455078,15.708366394042969
2025-12-23T22:00:49.718Z,0.0008725105447972074,0.0008522196018949468,undefined,11.731624603271484,15.708366394042969
2025-12-23T22:00:50.543Z,0.0001339125226073292,0.00002442998723241817,undefined,11.744853973388672,15.708366394042969
2025-12-23T22:00:50.544Z,0,0,undefined,11.744827270507812,15.708366394042969
2025-12-23T22:00:52.614Z,0,0,undefined,11.76226806640625,15.708366394042969
2025-12-23T22:00:52.665Z,0.00017373572155967803,0.0003429782779066058,undefined,11.807533264160156,15.708366394042969
2025-12-23T22:00:54.751Z,0.00021589997912799721,0.00022890040797871533,undefined,11.778240203857422,15.708366394042969
2025-12-23T22:00:57.502Z,0.004521122685185185,0.0026137740523726853,undefined,11.818553924560547,15.708366394042969
2025-12-23T22:00:58.612Z,0,0,undefined,11.819000244140625,15.708366394042969
2025-12-23T22:00:58.619Z,0.000055044289403313756,0.00008896693287279782,undefined,11.870872497558594,15.708366394042969
2025-12-23T22:01:01.066Z,0.0003232794292902542,0.00009325368152603488,undefined,11.887584686279297,15.708366394042969
2025-12-23T22:01:02.042Z,0.00014311127825011822,0.0004317390663175835,undefined,11.877113342285156,15.708366394042969
2025-12-23T22:01:03.360Z,0.0005902374153184871,0.0005008676855428077,undefined,11.847480773925781,15.708366394042969
2025-12-23T22:01:05.103Z,0.0005610354311831362,0.00045965383718679615,undefined,11.893375396728516,15.708366394042969
2025-12-23T22:01:06.564Z,0.0001882856194509932,0.0000796004244833467,undefined,11.90688705444336,15.708366394042969
2025-12-23T22:01:07.936Z,0.00008769419001436781,0.00008659801263918821,undefined,11.888103485107422,15.708366394042969
2025-12-23T22:01:09.417Z,0,0.00013104912375106292,undefined,11.906349182128906,15.708366394042969
2025-12-23T22:01:10.510Z,0,0,undefined,11.912574768066406,15.708366394042969
2025-12-23T22:01:11.850Z,0.0002800369778892507,0.0002361602163766492,undefined,11.9039306640625,15.708366394042969
2025-12-23T22:01:13.316Z,0.00011691890063900961,0.00016316294342906564,undefined,11.93002700805664,15.708366394042969
2025-12-23T22:01:15.447Z,0.00006120596359025187,0.00020354541380013992,undefined,11.937076568603516,15.708366394042969
2025-12-23T22:01:16.298Z,0.00011135911909156483,0.000097115510835667,undefined,11.940055847167969,15.708366394042969
2025-12-23T22:01:17.390Z,0,0,undefined,11.95590591430664,15.708366394042969
2025-12-23T22:01:17.391Z,0.001200114136179089,0.001021940194459668,undefined,11.955810546875,15.708366394042969
2025-12-23T22:01:19.316Z,0.0008223008136360012,0.0005936136051100128,undefined,11.981849670410156,15.708366394042969
2025-12-23T22:01:21.962Z,0.7674353463309151,0.1777921404157366,undefined,11.947555541992188,15.708366394042969
2025-12-23T22:01:23.207Z,0.00008190678216804677,0.00005619186218505534,undefined,11.947555541992188,15.708366394042969
2025-12-23T22:01:24.483Z,0.0005256224780192864,0.008206635025074774,undefined,12.029151916503906,15.708366394042969
2025-12-23T22:01:24.503Z,0.0013514582181807682,0.05865650922217364,undefined,12.024444580078125,15.708366394042969
2025-12-23T22:01:26.561Z,0.00021064823324030098,0.00010972673242742366,undefined,11.990104675292969,15.708366394042969
2025-12-23T22:01:26.563Z,0.00038480323861072853,0.0004927800419120441,undefined,11.986991882324219,15.708366394042969
2025-12-23T22:01:28.762Z,0.00006354758844232858,0.00003776016124834017,undefined,12.030120849609375,15.708366394042969
2025-12-23T22:01:31.138Z,0.00029496865477962017,0.00012715657552083334,undefined,12.020320892333984,15.708366394042969
2025-12-23T22:01:32.308Z,0,0,undefined,12.007587432861328,15.708366394042969
2025-12-23T22:01:33.517Z,0,0,undefined,12.086868286132812,15.708366394042969
2025-12-23T22:01:33.522Z,0.0009316372206486554,0.0006808702689243028,undefined,12.098445892333984,15.708366394042969
2025-12-23T22:01:35.750Z,0.00004369525370854422,0.000042679085017647845,undefined,12.069355010986328,15.708366394042969
2025-12-23T22:01:36.866Z,0.00011782543378485179,0.00018108741165591316,undefined,12.055839538574219,15.708366394042969
2025-12-23T22:01:38.329Z,0.0001782011015904392,0.00011595861156124273,undefined,12.102481842041016,15.708366394042969
2025-12-23T22:01:39.413Z,0,0,undefined,12.120113372802734,15.708366394042969
2025-12-23T22:01:40.530Z,0.00014869115685903897,0.00013779568415816113,undefined,12.133235931396484,15.708366394042969
2025-12-23T22:01:41.700Z,0.00006486387813792509,0.00006486387813792509,undefined,12.155929565429688,15.708366394042969
2025-12-23T22:01:42.947Z,0.00007476389353777348,0.0000730251983392206,undefined,12.187904357910156,15.708366394042969
2025-12-23T22:01:44.399Z,0,0.00017265495736816823,undefined,12.189193725585938,15.708366394042969
2025-12-23T22:01:45.548Z,0.00006550798020042931,0.0002186138409014327,undefined,12.183490753173828,15.708366394042969
2025-12-23T22:01:46.722Z,0.0003987260678600497,0.0008314418988819396,undefined,12.189495086669922,15.708366394042969
2025-12-23T22:01:48.183Z,0.0005487576711666303,0.0003974335860873474,undefined,12.212120056152344,15.708366394042969
2025-12-23T22:01:49.449Z,0.00006956402986508694,0.000060666305114901394,undefined,12.203445434570312,15.708366394042969
2025-12-23T22:01:50.716Z,0.00005305044709633732,0.00005181671576851552,undefined,12.200454711914062,15.708366394042969
2025-12-23T22:01:51.782Z,0.00019764438233861625,0.00014140411094144904,undefined,12.202056884765625,15.708366394042969
2025-12-23T22:01:53.175Z,0.00021087063022781586,0.00036149250896197005,undefined,12.209815979003906,15.708366394042969
2025-12-23T22:01:54.464Z,0.00027272341062696716,0.00011835166876264612,undefined,12.216232299804688,15.708366394042969
2025-12-23T22:01:55.694Z,0,0,undefined,12.24380874633789,15.708366394042969
2025-12-23T22:01:57.031Z,0.00005470689877059108,0.00005470689877059108,undefined,12.23934555053711,15.708366394042969
2025-12-23T22:01:58.372Z,0,0.00006398453880041932,undefined,12.24398422241211,15.708366394042969
2025-12-23T22:01:59.627Z,0.00006657142143744927,0,undefined,12.304191589355469,15.708366394042969
2025-12-23T22:02:01.148Z,0.00017315128334469563,0.00011878983392252374,undefined,12.30960464477539,15.708366394042969
2025-12-23T22:02:02.573Z,0.00048324524649518287,0.00046062846428792,undefined,12.308097839355469,15.708366394042969
2025-12-23T22:02:03.703Z,0.00009480607985202747,0.0002532320290784418,undefined,12.330032348632812,15.708366394042969
2025-12-23T22:02:06.105Z,0.00412401486894072,0.006243730811492371,undefined,12.338325500488281,15.708366394042969
2025-12-23T22:02:07.099Z,0.003227125411914988,0.009327929166820943,undefined,12.390094757080078,15.708366394042969
2025-12-23T22:02:09.346Z,0.012772508480036016,0.02151523368369272,undefined,12.427284240722656,15.708366394042969
2025-12-23T22:02:10.876Z,0.011445439746438826,0.020516466336199756,undefined,12.015247344970703,15.708366394042969
2025-12-23T22:02:11.830Z,0.005209221030181309,0.00228072112461306,undefined,11.994789123535156,15.708366394042969
2025-12-23T22:02:14.360Z,0.0005999156828088775,0.00026649817064335393,undefined,12.055580139160156,15.708366394042969
2025-12-23T22:02:15.357Z,0.0018830697551035832,0.0009905782105238035,undefined,12.101398468017578,15.708366394042969
2025-12-23T22:02:16.431Z,0.01666047618385012,0.0970919515184788,undefined,12.120052337646484,15.708366394042969
2025-12-23T22:02:17.469Z,0.0004556114875998803,0.0003820620708584045,undefined,12.10125732421875,15.708366394042969
2025-12-23T22:02:17.470Z,0.000680347097996982,0.0003372026009723033,undefined,12.009662628173828,15.708366394042969
2025-12-23T22:02:19.036Z,0.045140584309895836,0.09274482727050781,undefined,12.09920883178711,15.708366394042969
2025-12-23T22:02:23.350Z,0.00037100225501719215,0.002167488504468057,undefined,12.099693298339844,15.708366394042969
2025-12-23T22:02:24.618Z,0.000048075024156469817,0.00004695700033887749,undefined,12.066017150878906,15.708366394042969
2025-12-23T22:02:24.626Z,0,0,undefined,12.033634185791016,15.708366394042969
2025-12-23T22:02:24.626Z,0,0,undefined,12.03365707397461,15.708366394042969
2025-12-23T22:02:27.037Z,0.00011301463698857335,0.00007735761248415715,undefined,11.96408462524414,15.708366394042969
2025-12-23T22:02:27.038Z,0.0006088387354350942,0.00014238372375583204,undefined,12.071117401123047,15.708366394042969
2025-12-23T22:02:29.528Z,0.00015215316728988605,0.00022473643842052047,undefined,12.033775329589844,15.708366394042969
2025-12-23T22:02:31.806Z,0,0,undefined,11.995098114013672,15.708366394042969
2025-12-23T22:02:32.430Z,0.0005934146809363502,0.00035753039580724906,undefined,11.99508285522461,15.708366394042969
2025-12-23T22:02:34.183Z,0.0009137404734907292,0.0005516285080703292,undefined,12.060443878173828,15.708366394042969
2025-12-23T22:02:35.689Z,0.01129737267127404,0.003961416391225962,undefined,11.960769653320312,15.708366394042969
2025-12-23T22:02:35.690Z,0.0002494926661090121,0.00016350563758057976,undefined,11.96078109741211,15.708366394042969
2025-12-23T22:02:37.236Z,0.00013639382958818103,0.000040052156307640464,undefined,11.956729888916016,15.708366394042969
2025-12-23T22:02:40.156Z,0.0021328922984036984,0.00472307670558515,undefined,11.960708618164062,15.708366394042969
2025-12-23T22:02:41.577Z,0.007455999200994319,0.004421580921519887,undefined,12.022319793701172,15.708366394042969
2025-12-23T22:02:42.685Z,0.00026431423001521535,0.000564346599221676,undefined,12.014362335205078,15.708366394042969
2025-12-23T22:02:42.687Z,0,0,undefined,12.021869659423828,15.708366394042969
2025-12-23T22:02:44.966Z,0.00011810208252708978,0.0000199297264264464,undefined,12.12454605102539,15.708366394042969
2025-12-23T22:02:44.968Z,0.0006751127021257268,0.00016234641851380814,undefined,12.109611511230469,15.708366394042969
2025-12-23T22:02:47.254Z,0.0009648211590655438,0.003925340000169102,undefined,12.090919494628906,15.708366394042969
2025-12-23T22:02:49.624Z,0,0,undefined,12.138450622558594,15.708366394042969
2025-12-23T22:02:50.376Z,0.00003848709113605702,0.000033564323665166004,undefined,12.138450622558594,15.708366394042969
2025-12-23T22:02:51.809Z,0.0006519108811748999,0.00016297772029372497,undefined,12.19671630859375,15.708366394042969
2025-12-23T22:02:51.811Z,0.0005756818628407748,0.00037799245356547517,undefined,12.195335388183594,15.708366394042969
2025-12-23T22:02:54.163Z,0.000286102294921875,0.00008040783452052696,undefined,12.176891326904297,15.708366394042969
2025-12-23T22:02:54.166Z,0.0000579618312444788,0.000056613881680653706,undefined,12.177711486816406,15.708366394042969
2025-12-23T22:02:56.449Z,0.00045090040901216003,0.00011970807318906904,undefined,12.18625259399414,15.708366394042969
2025-12-23T22:02:59.133Z,0.055207146538628474,0.026173061794704862,undefined,12.133796691894531,15.708366394042969
2025-12-23T22:03:00.274Z,0.0005947189500974387,0.0038512300011309853,undefined,12.133964538574219,15.708366394042969
2025-12-23T22:03:00.276Z,0,0,undefined,12.134262084960938,15.708366394042969
2025-12-23T22:03:02.791Z,0.005371044643306118,0.00991620398042075,undefined,12.203598022460938,15.708366394042969
2025-12-23T22:03:02.829Z,0.00010382564120424685,0.000129334527189773,undefined,12.24761962890625,15.708366394042969
2025-12-23T22:03:05.624Z,0.0000658498524375251,0.000028713598446595242,undefined,12.242713928222656,15.708366394042969
2025-12-23T22:03:08.471Z,0,0,undefined,12.27203369140625,15.708366394042969
2025-12-23T22:03:09.823Z,0.013163165779619481,0.024609307754172173,undefined,12.27203369140625,15.708366394042969
2025-12-23T22:03:09.831Z,0.5214691162109375,0.363616943359375,undefined,12.271888732910156,15.708366394042969
2025-12-23T22:03:12.054Z,0.0006941807122878087,0.00027880256558641974,undefined,12.357795715332031,15.708366394042969
2025-12-23T22:03:12.072Z,0.0031752162558802786,0.0018141557028705211,undefined,12.37845230102539,15.708366394042969
2025-12-23T22:03:14.862Z,0.0005514095466620587,0.00022073426983844393,undefined,12.364849090576172,15.708366394042969
2025-12-23T22:03:17.655Z,0,0,undefined,12.404071807861328,15.708366394042969
2025-12-23T22:03:18.685Z,0,0,undefined,12.40408706665039,15.708366394042969
2025-12-23T22:03:18.693Z,0.006835866171608122,0.027466917672375045,undefined,12.40203857421875,15.708366394042969
2025-12-23T22:03:21.403Z,0.0002658522708843046,0.0002952657136204404,undefined,12.490348815917969,15.708366394042969
2025-12-23T22:03:21.420Z,0.007543369592912677,0.037583185560372594,undefined,12.478107452392578,15.708366394042969
2025-12-23T22:03:24.272Z,0.00013354237128562592,0.00011326630444121151,undefined,12.463478088378906,15.708366394042969
2025-12-23T22:03:26.939Z,0,0,undefined,12.52010726928711,15.708366394042969
2025-12-23T22:03:28.067Z,0.008779413559857537,0.06919748642865349,undefined,12.528877258300781,15.708366394042969
2025-12-23T22:03:29.646Z,0.06525751222600591,0.20510668581631517,undefined,12.577198028564453,15.708366394042969
2025-12-23T22:03:29.648Z,0.0013363254702017378,0.004068047772254602,undefined,12.58926773071289,15.708366394042969
2025-12-23T22:03:32.261Z,0.00032080944876948904,0.0001580874811753341,undefined,12.577838897705078,15.708366394042969
2025-12-23T22:03:32.263Z,0.0008334074032472869,0.0005203508152254634,undefined,12.541336059570312,15.708366394042969
2025-12-23T22:03:35.034Z,0.0023239043334683717,0.0006219458164905256,undefined,12.570453643798828,15.708366394042969
2025-12-23T22:03:39.982Z,0,0,undefined,12.616363525390625,15.708366394042969
2025-12-23T22:03:42.998Z,0.00013051107710093776,0.00009434535694043693,undefined,12.632682800292969,15.708366394042969
2025-12-23T22:03:45.210Z,0.00009647162493810938,0.00007235371870358204,undefined,12.252044677734375,15.708366394042969
2025-12-23T22:03:45.211Z,0.12174466761147103,0.038751741734946644,undefined,12.249519348144531,15.708366394042969
2025-12-23T22:03:47.627Z,0.0008014966082829301,0.00023626512096774192,undefined,12.318344116210938,15.708366394042969
2025-12-23T22:03:48.750Z,0.02230979579357025,0.09222816422628637,undefined,12.274234771728516,15.708366394042969
2025-12-23T22:03:50.684Z,0.012929418915134425,0.0233872220699906,undefined,12.367053985595703,15.708366394042969
2025-12-23T22:03:53.303Z,0.0010717568640898215,0.004193733229754327,undefined,12.455188751220703,15.708366394042969
2025-12-23T22:03:55.252Z,0.0021572770743534483,0.008676243924546516,undefined,12.44354248046875,15.708366394042969
2025-12-23T22:03:57.103Z,0.00007224805427320075,0.00013606716888119475,undefined,12.434200286865234,15.708366394042969
2025-12-23T22:03:57.138Z,0.0015647417738354557,0.007166108241349698,undefined,12.43487548828125,15.708366394042969
2025-12-23T22:04:00.268Z,0.0003781811944369612,0.0001042934474099446,undefined,12.416717529296875,15.708366394042969
2025-12-23T22:04:00.270Z,0.05638046769906353,0.03813749907032543,undefined,12.456298828125,15.708366394042969
2025-12-23T22:04:02.297Z,0.0008385809003306145,0.003058282793568855,undefined,12.6541748046875,15.708366394042969
2025-12-23T22:04:05.276Z,0,0,undefined,12.632709503173828,15.708366394042969
2025-12-23T22:04:07.019Z,0.0008992148268903552,0.000634516377847983,undefined,12.62655258178711,15.708366394042969
2025-12-23T22:04:07.020Z,0.010522777686813872,0.006248851022320593,undefined,12.637584686279297,15.708366394042969
2025-12-23T22:04:10.168Z,0.0003383766790354474,0.0001517882258255289,undefined,12.604938507080078,15.708366394042969
2025-12-23T22:04:11.496Z,0,0,undefined,12.468029022216797,15.708366394042969
2025-12-23T22:04:12.874Z,0.05134537669261524,0.005070201775593572,undefined,12.470954895019531,15.708366394042969
2025-12-23T22:04:14.215Z,1.751318473040923,0.13425997812286905,undefined,12.478988647460938,15.708366394042969
2025-12-23T22:04:16.791Z,0.00014857969422271285,0.00014685202335965806,undefined,12.539421081542969,15.708366394042969
2025-12-23T22:04:18.589Z,0.0012077174140411673,0.0007916422723566445,undefined,12.517875671386719,15.708366394042969
2025-12-23T22:04:20.334Z,0.26086206346469987,0.022355291910679736,undefined,12.693130493164062,15.708366394042969
2025-12-23T22:04:20.336Z,0,0,undefined,12.693164825439453,15.708366394042969
2025-12-23T22:04:23.348Z,0.5946440334303781,0.04928620357714316,undefined,12.68508529663086,15.708366394042969
2025-12-23T22:04:25.164Z,0,0,undefined,12.70187759399414,15.708366394042969
2025-12-23T22:04:26.585Z,0.009787876347746822,0.006863359348313545,undefined,12.759681701660156,15.708366394042969
2025-12-23T22:04:27.832Z,0.006193009362642602,0.008320888506471776,undefined,12.766948699951172,15.708366394042969
2025-12-23T22:04:29.364Z,0,0,undefined,12.75643539428711,15.708366394042969
2025-12-23T22:04:30.685Z,0.005565065504778666,0.006973467064788205,undefined,12.781990051269531,15.708366394042969
2025-12-23T22:04:32.079Z,0.00215412150174781,0.00039843536130180254,undefined,12.783935546875,15.708366394042969
2025-12-23T22:04:34.708Z,0.00525142041202706,0.013175321264741979,undefined,12.760383605957031,15.708366394042969
2025-12-23T22:04:35.982Z,0.00005849928046429209,0.00005713883208140157,undefined,12.686531066894531,15.708366394042969
2025-12-23T22:04:38.315Z,0.008067223854226353,0.009671925489589762,undefined,12.705188751220703,15.708366394042969
2025-12-23T22:04:39.458Z,0.01343964152253432,0.00913733253338684,undefined,12.684154510498047,15.708366394042969
2025-12-23T22:04:39.459Z,0.0006048923667665084,0.0004987413386152828,undefined,12.700862884521484,15.708366394042969
2025-12-23T22:04:41.659Z,0.005647974106871966,0.005340794030085487,undefined,12.696842193603516,15.708366394042969
2025-12-23T22:04:44.192Z,0.00705718994140625,0.006866455078125,undefined,12.754947662353516,15.708366394042969
2025-12-23T22:04:45.291Z,0.007898426283515439,0.011680803321710918,undefined,12.755088806152344,15.708366394042969
2025-12-23T22:04:46.437Z,0.0001594528850660099,0.0001551926934802768,undefined,12.791885375976562,15.708366394042969
2025-12-23T22:04:47.895Z,0.00197976668250752,0.0022500594032002002,undefined,12.62664794921875,15.708366394042969
2025-12-23T22:04:48.911Z,0,0,undefined,12.477508544921875,15.708366394042969
2025-12-23T22:04:48.913Z,0.0019268944770428585,0.0013144580244916204,undefined,12.482242584228516,15.708366394042969
2025-12-23T22:04:50.842Z,0.007484395929159927,0.009375933544191329,undefined,12.456573486328125,15.708366394042969
2025-12-23T22:04:54.221Z,0.000032064444667759804,0.000026720370556466505,undefined,12.45718002319336,15.708366394042969
2025-12-23T22:04:55.513Z,0,0,undefined,12.457534790039062,15.708366394042969
2025-12-23T22:04:56.557Z,0.00014952206014801547,0.00014135488879539278,undefined,12.52170181274414,15.708366394042969
2025-12-23T22:04:57.714Z,0.0015472110949064555,0.0018069618626644736,undefined,12.516605377197266,15.708366394042969
2025-12-23T22:04:59.230Z,0.003532326301303093,0.0024502404273123567,undefined,12.492881774902344,15.708366394042969
2025-12-23T22:05:03.257Z,0.000553840780605701,0.0003972728452693469,undefined,12.587596893310547,15.708366394042969
2025-12-23T22:05:04.029Z,0.011292778126631002,0.03348412244952049,undefined,12.590656280517578,15.708366394042969
2025-12-23T22:05:04.030Z,0.01697278404672304,0.014800065169345324,undefined,12.54465103149414,15.708366394042969
2025-12-23T22:05:04.032Z,0.006072861807686941,0.0012823513575962611,undefined,12.577922821044922,15.708366394042969
2025-12-23T22:05:07.117Z,0.00043606669486233736,0.0003970688603624535,undefined,12.483123779296875,15.708366394042969
2025-12-23T22:05:07.227Z,0.0001420120350096474,0.00036773035081766423,undefined,12.50833511352539,15.708366394042969
2025-12-23T22:05:10.992Z,0.0007972898076495853,0.0012800026843898104,undefined,12.553245544433594,15.708366394042969
2025-12-23T22:05:11.921Z,0.058121151394314244,0.09671847025553386,undefined,12.574172973632812,15.708366394042969
2025-12-23T22:05:11.933Z,0.0001882179947468445,0.00015101211206432875,undefined,12.574043273925781,15.708366394042969
2025-12-23T22:05:14.154Z,0.0005023820059640066,0.0002582867940266927,undefined,12.586223602294922,15.708366394042969
2025-12-23T22:05:15.192Z,0.000037010826358726306,0.000036150109466662905,undefined,12.549022674560547,15.708366394042969
2025-12-23T22:05:15.253Z,0,0,undefined,12.550479888916016,15.708366394042969
2025-12-23T22:05:17.251Z,0.0008059056019311262,0.000602687330550799,undefined,12.55466079711914,15.708366394042969
2025-12-23T22:05:20.093Z,0,0,undefined,12.57342529296875,15.708366394042969
2025-12-23T22:05:20.768Z,0.00019561347267162138,0.00022000651962347825,undefined,12.573421478271484,15.708366394042969
2025-12-23T22:05:20.774Z,0,0,undefined,12.57342529296875,15.708366394042969
2025-12-23T22:05:23.416Z,0.00019454293780856664,0.00014156103134155273,undefined,12.682437896728516,15.708366394042969
2025-12-23T22:05:24.573Z,0.0001168408930696399,0.00004263113666054429,undefined,12.648979187011719,15.708366394042969
2025-12-23T22:05:26.152Z,0.000038335031300365,0.000019529166888865187,undefined,12.633586883544922,15.708366394042969
2025-12-23T22:05:27.430Z,0.0013778949606007545,0.00036913773109172954,undefined,12.690258026123047,15.708366394042969
2025-12-23T22:05:29.663Z,0.007248932650728616,0.006876659519291302,undefined,12.727302551269531,15.708366394042969
2025-12-23T22:05:30.186Z,0.010113599823742379,0.008490027450933689,undefined,12.717292785644531,15.708366394042969
2025-12-23T22:05:32.010Z,0.00030348192862511564,0.00023025809119521856,undefined,12.715206146240234,15.708366394042969
2025-12-23T22:05:32.958Z,0,0,undefined,12.669952392578125,15.708366394042969
2025-12-23T22:05:32.958Z,0.001057719997697147,0.0005808828394940222,undefined,12.668956756591797,15.708366394042969
2025-12-23T22:05:36.972Z,0.003828790974734452,0.0041893550327845985,undefined,12.70779800415039,15.708366394042969
2025-12-23T22:05:38.019Z,0,0,undefined,12.73068618774414,15.708366394042969
2025-12-23T22:05:38.023Z,0.00009987641544468098,0.0000892100021447636,undefined,12.730949401855469,15.708366394042969
2025-12-23T22:05:40.718Z,0.00011158638259991496,0.00011418141475340137,undefined,12.72536849975586,15.708366394042969
2025-12-23T22:05:40.719Z,0.00030986278130332764,0.00012889250146651024,undefined,12.788188934326172,15.708366394042969
2025-12-23T22:05:42.173Z,0,0,undefined,12.715339660644531,15.708366394042969
2025-12-23T22:05:45.045Z,0.00044759175511256433,0.0003237557514009718,undefined,12.770381927490234,15.708366394042969
2025-12-23T22:05:45.871Z,0,0,undefined,12.77044677734375,15.708366394042969
2025-12-23T22:05:46.911Z,0.0011780682732077205,0.0018621581831788706,undefined,12.81546401977539,15.708366394042969
2025-12-23T22:05:46.918Z,0.00009750925339141918,0.00021587308698793958,undefined,12.826457977294922,15.708366394042969
2025-12-23T22:05:49.007Z,0.00005986568701528284,0.00005220844797844434,undefined,12.82101821899414,15.708366394042969
2025-12-23T22:05:49.009Z,0.00007840916941772227,0.00006838008960847872,undefined,12.785179138183594,15.708366394042969
2025-12-23T22:05:51.003Z,0.00026717371637212134,0.00021962585159403196,undefined,12.811046600341797,15.708366394042969
2025-12-23T22:05:53.501Z,0.00034088569810297324,0.0002925474011784748,undefined,12.85091781616211,15.708366394042969
2025-12-23T22:05:54.502Z,0,0,undefined,12.8511962890625,15.708366394042969
2025-12-23T22:05:55.581Z,0,0,undefined,12.883087158203125,15.708366394042969
2025-12-23T22:05:55.582Z,0.00035436730769731903,0.0002175827993401851,undefined,12.894889831542969,15.708366394042969
2025-12-23T22:05:58.204Z,0.0003519232307212013,0.00012091479986009187,undefined,12.895503997802734,15.708366394042969
2025-12-23T22:05:58.206Z,0.00007573037046254617,0.00007396919905644045,undefined,12.855262756347656,15.708366394042969
2025-12-23T22:06:00.776Z,0.00016510733366461235,0.0003068842832244425,undefined,12.832767486572266,15.708366394042969
2025-12-23T22:06:03.278Z,0.00009733689408912083,0.0003306424456801653,undefined,12.899345397949219,15.708366394042969
2025-12-23T22:06:03.280Z,0.003658540067616959,0.0024929381253426535,undefined,12.902992248535156,15.708366394042969
2025-12-23T22:06:05.257Z,0.00005343166798201401,0.00004452638998501168,undefined,12.931949615478516,15.708366394042969
2025-12-23T22:06:05.258Z,0,0.0011398947450536243,undefined,12.916240692138672,15.708366394042969
2025-12-23T22:06:07.704Z,0.00020636886846823771,0.00017197405705686477,undefined,12.89910888671875,15.708366394042969
2025-12-23T22:06:07.705Z,0.000057042202102803745,0.000056329174576518696,undefined,12.893218994140625,15.708366394042969
2025-12-23T22:06:09.917Z,0.00021476019437905025,0.0001382808445821942,undefined,12.913734436035156,15.708366394042969
2025-12-23T22:06:12.740Z,0.00013210698995939904,0.0002119755950002122,undefined,12.947906494140625,15.708366394042969
2025-12-23T22:06:13.595Z,0,0,undefined,12.94808578491211,15.708366394042969
2025-12-23T22:06:14.752Z,0.0007039999245574034,0.0006507906279338788,undefined,12.968521118164062,15.708366394042969
2025-12-23T22:06:14.758Z,0.00025110752308736,0.00020636229955849528,undefined,12.984676361083984,15.708366394042969
2025-12-23T22:06:16.974Z,0.00037818119443696116,0.0003288532125538793,undefined,12.993888854980469,15.708366394042969
2025-12-23T22:06:18.006Z,0.0004407671819799459,0.0004859537456001922,undefined,12.969585418701172,15.708366394042969
2025-12-23T22:06:19.522Z,0.00023282391930315037,0.0001471825885428418,undefined,12.566707611083984,15.708366394042969
2025-12-23T22:06:20.659Z,0.00023635732337445967,0.00016215211719875722,undefined,12.575790405273438,15.708366394042969
2025-12-23T22:06:21.907Z,0.00008824481447248844,0.0001159788990209848,undefined,12.591205596923828,15.708366394042969
2025-12-23T22:06:23.291Z,0.00012839547926815766,0.00024158623072824403,undefined,12.597511291503906,15.708366394042969
2025-12-23T22:06:24.432Z,0,0,undefined,12.550289154052734,15.708366394042969
2025-12-23T22:06:26.211Z,0,0,undefined,12.542572021484375,15.708366394042969
2025-12-23T22:06:27.373Z,0.0003165032665802402,0.00031317165324781657,undefined,12.549285888671875,15.708366394042969
2025-12-23T22:06:28.780Z,0.00004749044077066445,0.000041416082067439925,undefined,12.574337005615234,15.708366394042969
2025-12-23T22:06:30.276Z,0.00020924499769251053,0.000193954017091904,undefined,12.579017639160156,15.708366394042969
2025-12-23T22:06:31.255Z,0.0001687571835615998,0.00012166215559092079,undefined,12.563766479492188,15.708366394042969
2025-12-23T22:06:32.755Z,0.0005133128796233918,0.0005537677706531424,undefined,12.588542938232422,15.708366394042969
2025-12-23T22:06:33.911Z,0.0004792527466438703,0.0007449674751258549,undefined,12.594623565673828,15.708366394042969
2025-12-23T22:06:35.878Z,0.00011683189631187679,0.00010800157856737447,undefined,12.649101257324219,15.708366394042969
2025-12-23T22:06:36.971Z,0.00019652394060128793,0.0001713871575011232,undefined,12.638885498046875,15.708366394042969
2025-12-23T22:06:38.524Z,0.009825079542302457,0.0033190100294255578,undefined,12.682849884033203,15.708366394042969
2025-12-23T22:06:39.599Z,0.0008465772006600935,0.00027992579459577393,undefined,12.664012908935547,15.708366394042969
2025-12-23T22:06:40.962Z,0.00007422261648048643,0.00006472902600042421,undefined,12.703666687011719,15.708366394042969
2025-12-23T22:06:43.212Z,0.00019023751031311113,0.0002182136147709216,undefined,12.680416107177734,15.708366394042969
2025-12-23T22:06:44.020Z,0.0001819187984340609,0.00014903347717867295,undefined,12.692825317382812,15.708366394042969
2025-12-23T22:06:45.283Z,0.0006313055333956866,0.0008562920798718091,undefined,12.739906311035156,15.708366394042969
2025-12-23T22:06:45.284Z,0,0,undefined,12.750511169433594,15.708366394042969
2025-12-23T22:06:47.268Z,0.00047832727432250977,0.0005111098289489746,undefined,12.766098022460938,15.708366394042969
2025-12-23T22:06:49.561Z,0,0,undefined,12.721996307373047,15.708366394042969
2025-12-23T22:06:51.003Z,0.00007657889001954949,0.0000747979856004902,undefined,12.777591705322266,15.708366394042969
2025-12-23T22:06:51.886Z,0.00009967782403116173,0.00009967782403116173,undefined,12.796039581298828,15.708366394042969
2025-12-23T22:06:51.895Z,0.00911288791232639,0.005404154459635417,undefined,12.777587890625,15.708366394042969
2025-12-23T22:06:53.925Z,0.0028227056775774273,0.00016348702566964285,undefined,12.765289306640625,15.708366394042969
2025-12-23T22:06:53.926Z,0.00003726613669793517,0.00003105511391494597,undefined,12.818443298339844,15.708366394042969
2025-12-23T22:06:56.840Z,0.00012684338198506775,0.00007751540010198585,undefined,12.758941650390625,15.708366394042969
2025-12-23T22:06:57.959Z,0,0,undefined,12.759113311767578,15.708366394042969
2025-12-23T22:06:59.373Z,0.00005358909282578558,0.000049005815149896024,undefined,12.858917236328125,15.708366394042969
2025-12-23T22:07:01.346Z,0.00006299231275801652,0.0000549351564750144,undefined,12.870830535888672,15.708366394042969
2025-12-23T22:07:02.196Z,0.0026920339563390712,0.0031976909427852422,undefined,12.886962890625,15.708366394042969
2025-12-23T22:07:03.509Z,0.0013981439418272175,0.0003210058405818098,undefined,12.901275634765625,15.708366394042969
2025-12-23T22:07:04.830Z,0.00046281253590303305,0.0002054607166963465,undefined,12.901554107666016,15.708366394042969
2025-12-23T22:07:06.172Z,0.004653561932340867,0.00660616400371746,undefined,12.935035705566406,15.708366394042969
2025-12-23T22:07:07.389Z,0.00027125467083411305,0.0006590060845106662,undefined,12.887611389160156,15.708366394042969
2025-12-23T22:07:08.538Z,0.00015337106200545336,0.00004405339015050256,undefined,12.88150405883789,15.708366394042969
2025-12-23T22:07:10.511Z,0.00009671063490316902,0.00004835531745158451,undefined,12.930583953857422,15.708366394042969
2025-12-23T22:07:11.918Z,0.0009644851993452681,0.000701162979187753,undefined,12.960601806640625,15.708366394042969
2025-12-23T22:07:13.172Z,0.00021710520251336064,0.00024305192183812814,undefined,12.973140716552734,15.708366394042969
2025-12-23T22:07:15.150Z,0.00015420107106071205,0.00013878096395464085,undefined,12.98453140258789,15.708366394042969
2025-12-23T22:07:16.590Z,0.002748825970818015,0.0029825696758195466,undefined,12.95389175415039,15.708366394042969
2025-12-23T22:07:16.591Z,0.00016267683957477504,0.00010745626100352112,undefined,12.953849792480469,15.708366394042969
2025-12-23T22:07:18.627Z,0.0003330427393924704,0.0013538973508693047,undefined,12.97314453125,15.708366394042969
2025-12-23T22:07:21.481Z,0.011413328109248992,0.007106411841607863,undefined,12.997123718261719,15.708366394042969
2025-12-23T22:07:22.364Z,0.0011228593537072598,0.00026417440181917434,undefined,12.996501922607422,15.708366394042969
2025-12-23T22:07:23.780Z,0.00015493139065166382,0.0001562333351109215,undefined,13.052654266357422,15.708366394042969
2025-12-23T22:07:23.782Z,0.0019474564311660338,0.0016667018426912968,undefined,13.041057586669922,15.708366394042969
2025-12-23T22:07:25.807Z,0.000056329664293226305,0.00005501967210036058,undefined,13.035892486572266,15.708366394042969
2025-12-23T22:07:25.934Z,0.0000404418102618035,0.0001302602493316229,undefined,13.043838500976562,15.708366394042969
2025-12-23T22:07:28.187Z,0.00046531935244942637,0.00018105990644814312,undefined,13.062423706054688,15.708366394042969
2025-12-23T22:07:30.890Z,0.362532479422433,0.35229183378673734,undefined,13.08551025390625,15.708366394042969
2025-12-23T22:07:31.929Z,0.00028477197329480436,0.000022449177456816695,undefined,13.085704803466797,15.708366394042969
2025-12-23T22:07:33.331Z,0.0011007135564630682,0.0005742853338068181,undefined,13.10555648803711,15.708366394042969
2025-12-23T22:07:34.666Z,0.0006404807806406507,0.00034607885702098726,undefined,13.111248016357422,15.708366394042969
2025-12-23T22:07:34.668Z,0.0004175123474407644,0.00007723418759628081,undefined,12.704490661621094,15.708366394042969
2025-12-23T22:07:36.250Z,0,0,undefined,12.704803466796875,15.708366394042969
2025-12-23T22:07:39.064Z,0.027338663736979168,0.012079874674479168,undefined,12.703678131103516,15.708366394042969
2025-12-23T22:07:39.819Z,0.00012837069279990977,0.000047084060334915,undefined,12.703678131103516,15.708366394042969
2025-12-23T22:07:40.901Z,0.0037651557426948055,0.0018825778713474027,undefined,12.756359100341797,15.708366394042969
2025-12-23T22:07:40.902Z,0,0,undefined,12.773761749267578,15.708366394042969
2025-12-23T22:07:43.531Z,0.0009558114017091211,0.00007372944294905463,undefined,12.78884506225586,15.708366394042969
2025-12-23T22:07:44.910Z,0.00024201735010686908,0.00009716681714327829,undefined,12.742835998535156,15.708366394042969
2025-12-23T22:07:46.925Z,0.0003088809104913667,0.000478999684997697,undefined,12.753273010253906,15.708366394042969
2025-12-23T22:07:48.050Z,0.000511328734896416,0.0007531253550143316,undefined,12.747344970703125,15.708366394042969
2025-12-23T22:07:48.051Z,0,0,undefined,12.746578216552734,15.708366394042969
2025-12-23T22:07:49.823Z,0.0000628331510334178,0.000055281089611132006,undefined,12.789703369140625,15.708366394042969
2025-12-23T22:07:56.687Z,0.0010467424184665613,0.0019139181458991102,undefined,12.809917449951172,15.708366394042969
2025-12-23T22:07:59.603Z,0.6680132737800256,0.03511514236677938,undefined,12.82388687133789,15.708366394042969
2025-12-23T22:07:59.604Z,0.01287882306934458,0.015351624615424503,undefined,12.857650756835938,15.708366394042969
2025-12-23T22:08:03.639Z,0.000029156058020240844,0.00002542679478509376,undefined,12.869220733642578,15.708366394042969
2025-12-23T22:08:05.142Z,0.002716531206113694,0.0019478293704122214,undefined,12.898303985595703,15.708366394042969
2025-12-23T22:08:07.640Z,0.008378743655112602,0.00491626634165145,undefined,12.879768371582031,15.708366394042969
2025-12-23T22:08:08.764Z,0.004283191377991462,0.0022622489672490115,undefined,12.942298889160156,15.708366394042969
2025-12-23T22:08:10.254Z,0.008837717504174225,0.004195663733973037,undefined,12.97652816772461,15.708366394042969
2025-12-23T22:08:11.647Z,0.00537470302349857,0.005164861541023542,undefined,12.93252944946289,15.708366394042969
2025-12-23T22:08:11.648Z,0,0,undefined,12.932056427001953,15.708366394042969
2025-12-23T22:08:13.673Z,0.0032039356628502623,0.0031540033390717102,undefined,12.941020965576172,15.708366394042969
2025-12-23T22:08:16.992Z,0.0016523350699877942,0.0002531033488709627,undefined,12.958480834960938,15.708366394042969
2025-12-23T22:08:16.994Z,0,0,undefined,12.95852279663086,15.708366394042969
2025-12-23T22:08:19.159Z,0.001255909431669901,0.00030631937357802463,undefined,13.036685943603516,15.708366394042969
2025-12-23T22:08:19.161Z,0.0011976531874585909,0.0006995858236252208,undefined,13.011280059814453,15.708366394042969
2025-12-23T22:08:22.207Z,0.04953145980834961,0.03808736801147461,undefined,12.99090576171875,15.708366394042969
2025-12-23T22:08:22.209Z,0.0032875222116422746,0.0030059350734327516,undefined,12.991035461425781,15.708366394042969
2025-12-23T22:08:24.766Z,0.000510552916863952,0.0002628896942586144,undefined,13.038318634033203,15.708366394042969
2025-12-23T22:08:27.789Z,0,0,undefined,13.076805114746094,15.708366394042969
2025-12-23T22:08:29.411Z,0.006156727311211491,0.004224323848568468,undefined,13.077377319335938,15.708366394042969
2025-12-23T22:08:30.612Z,0.00013556362183626033,0.00013792810361247418,undefined,13.134700775146484,15.708366394042969
2025-12-23T22:08:30.628Z,0.008281851917488457,0.005681704345290028,undefined,13.103767395019531,15.708366394042969
2025-12-23T22:08:32.109Z,0.0022486749497705053,0.0016535006014899586,undefined,13.13360595703125,15.708366394042969
2025-12-23T22:08:32.112Z,0.06606512053990875,0.00286102294921875,undefined,13.080364227294922,15.708366394042969
2025-12-23T22:08:32.998Z,0.02160439124474159,0.0492242666391226,undefined,13.214950561523438,15.708366394042969
2025-12-23T22:08:33.000Z,0.013040431620142295,0.016569284689442555,undefined,13.213825225830078,15.708366394042969
2025-12-23T22:08:33.648Z,0.00009671697076761498,0.00011021236203751475,undefined,13.178359985351562,15.708366394042969
2025-12-23T22:08:34.305Z,0.006993611653645833,0.0072320302327473955,undefined,13.21975326538086,15.708366394042969
2025-12-23T22:08:34.515Z,0,0,undefined,13.221099853515625,15.708366394042969
2025-12-23T22:08:34.809Z,0,0,undefined,13.225761413574219,15.708366394042969
2025-12-23T22:08:34.811Z,0,0,undefined,13.224655151367188,15.708366394042969
2025-12-23T22:08:35.333Z,0.00017376269324351166,0.000339443400754767,undefined,13.221294403076172,15.708366394042969
2025-12-23T22:08:35.588Z,0.021469466677824095,0.05062898561727032,undefined,13.179107666015625,15.708366394042969
2025-12-23T22:08:36.533Z,0.007964912837595602,0.0027042046103833055,undefined,13.253856658935547,15.708366394042969
2025-12-23T22:08:39.520Z,0.005836343943849485,0.0009036689215385065,undefined,13.285381317138672,15.708366394042969
2025-12-23T22:08:41.076Z,0.0001995187056692023,0.0007679587916324014,undefined,13.3277587890625,15.708366394042969
2025-12-23T22:08:42.488Z,0.009093173714571221,0.006753344868504724,undefined,13.329002380371094,15.708366394042969
2025-12-23T22:08:48.883Z,0.038222840103480774,0.01318145633845964,undefined,13.72751235961914,15.708366394042969
2025-12-23T22:08:52.974Z,2.473823936994196,0.11715122220267749,undefined,13.702457427978516,15.708366394042969
2025-12-23T22:08:56.747Z,0,0,undefined,13.966903686523438,15.708366394042969
2025-12-23T22:09:00.791Z,0.79098191930484,0.07868098192353006,undefined,13.96822738647461,15.708366394042969
2025-12-23T22:09:03.336Z,0,0,undefined,13.884777069091797,15.708366394042969
2025-12-23T22:09:03.341Z,0.3739554263881482,0.04691072726849918,undefined,13.88510513305664,15.708366394042969
2025-12-23T22:09:07.842Z,0.02366214650665399,0.005529280397828541,undefined,13.766273498535156,15.708366394042969
2025-12-23T22:09:09.790Z,0,0,undefined,13.766754150390625,15.708366394042969
2025-12-23T22:09:11.975Z,0.0006109143028208119,0.0006853068679584474,undefined,13.808032989501953,15.708366394042969
2025-12-23T22:09:13.119Z,0.0010316048019144216,0.004620303659565724,undefined,13.81722640991211,15.708366394042969
2025-12-23T22:09:14.169Z,0.00016720263988940747,0.00038837015297063423,undefined,13.852409362792969,15.708366394042969
2025-12-23T22:09:14.703Z,0.011191076161910075,0.022902085551715103,undefined,13.862537384033203,15.708366394042969
2025-12-23T22:09:15.219Z,0.005234728802691449,0.03461785368866973,undefined,13.85092544555664,15.708366394042969
2025-12-23T22:09:15.223Z,0.0013455516245954552,0.0016450350958945226,undefined,13.867572784423828,15.708366394042969
2025-12-23T22:09:16.418Z,0.0008942923539899206,0.008904919083952755,undefined,13.957141876220703,15.708366394042969
2025-12-23T22:09:16.807Z,0.0006402965491490238,0.0005764603373003296,undefined,13.917251586914062,15.708366394042969
2025-12-23T22:09:18.506Z,0.00020608813400977167,0.00021081221731085526,undefined,13.947624206542969,15.708366394042969
2025-12-23T22:09:19.068Z,0,0,undefined,13.94790267944336,15.708366394042969
2025-12-23T22:09:19.865Z,0.00042385525173611107,0.0007982607241030092,undefined,13.993743896484375,15.708366394042969
2025-12-23T22:09:19.866Z,0.0003801436440831402,0.0002784773206655562,undefined,14.005023956298828,15.708366394042969
2025-12-23T22:09:23.824Z,0.00025601475971651967,0.0002652962615793542,undefined,13.996021270751953,15.708366394042969
2025-12-23T22:09:25.583Z,0.0006251723489392107,0.0004545550480067173,undefined,13.961475372314453,15.708366394042969
2025-12-23T22:09:28.311Z,0.00016863315602367852,0.0013031396227191497,undefined,14.058391571044922,15.708366394042969
2025-12-23T22:09:29.774Z,0.001292127708605377,0.0037180742810778294,undefined,14.20645523071289,15.708366394042969
2025-12-23T22:09:31.834Z,0,0,undefined,14.093536376953125,15.708366394042969
2025-12-23T22:09:31.835Z,0.03718703561175352,0.010253825530393503,undefined,14.093467712402344,15.708366394042969
2025-12-23T22:09:34.291Z,0.017054486725566385,0.006637265605311239,undefined,14.14535903930664,15.708366394042969
2025-12-23T22:09:38.332Z,0.14006906118950158,0.0455458658289739,undefined,14.135147094726562,15.708366394042969
2025-12-23T22:09:38.338Z,0,0,undefined,14.134819030761719,15.708366394042969
2025-12-23T22:09:41.615Z,0.018207843487079326,0.005552145150991587,undefined,14.340839385986328,15.708366394042969
2025-12-23T22:09:44.185Z,0.5348066403630466,0.09442876507454846,undefined,14.406116485595703,15.708366394042969
2025-12-23T22:09:46.084Z,17.55111867731268,9.052926843816584,undefined,14.586658477783203,15.708366394042969
2025-12-23T22:09:47.687Z,0.23823536795616435,0.10878750445863562,undefined,14.586673736572266,15.708366394042969
2025-12-23T22:09:49.028Z,0.23769061002877612,0.0638216407391344,undefined,14.775226593017578,15.708366394042969
2025-12-23T22:09:50.649Z,0.20196422046383483,0.08649869774047415,undefined,14.650150299072266,15.708366394042969
2025-12-23T22:09:54.317Z,0.006745896249447229,0.010043450121609671,undefined,14.701580047607422,15.708366394042969
2025-12-23T22:09:55.116Z,0.09466785048118512,0.07630186509921064,undefined,14.659706115722656,15.708366394042969
2025-12-23T22:09:55.130Z,0.01615285873413086,0.00718235969543457,undefined,14.702342987060547,15.708366394042969
2025-12-23T22:09:57.744Z,0.005236003389689913,0.0042933754939370175,undefined,14.769405364990234,15.708366394042969
2025-12-23T22:09:59.478Z,0.0007957169536549605,0.0016189281922939338,undefined,14.664558410644531,15.708366394042969
2025-12-23T22:10:01.041Z,0.0035502115885416665,0.007564726329985119,undefined,14.831462860107422,15.708366394042969
2025-12-23T22:10:03.946Z,0.09657325999096279,0.06370099115689788,undefined,14.729217529296875,15.708366394042969
2025-12-23T22:10:04.949Z,0,0,undefined,14.728355407714844,15.708366394042969
2025-12-23T22:10:06.166Z,0.0013608611031864465,0.010704726315616222,undefined,14.651573181152344,15.708366394042969
2025-12-23T22:10:06.166Z,0.008914180724366927,0.0054426139153695065,undefined,14.664497375488281,15.708366394042969
2025-12-23T22:10:07.951Z,0.0003202461902006173,0.0003018791292920525,undefined,14.553352355957031,15.708366394042969
2025-12-23T22:10:11.986Z,0,0,undefined,14.549522399902344,15.708366394042969
2025-12-23T22:10:13.087Z,0.010566385847067258,0.007090154786198103,undefined,14.556873321533203,15.708366394042969
2025-12-23T22:10:14.257Z,0.0903783831270706,0.0429022202797986,undefined,14.73788070678711,15.708366394042969
2025-12-23T22:10:14.271Z,0.025003939010083867,0.058089429958940696,undefined,14.592926025390625,15.708366394042969
2025-12-23T22:10:16.860Z,0.5210362044461254,0.1552104949951172,undefined,14.658134460449219,15.708366394042969
2025-12-23T22:10:16.862Z,0.24034924692086387,0.08445726880335687,undefined,14.631664276123047,15.708366394042969
2025-12-23T22:10:19.295Z,0.0024204878475614314,0.0026902103739742324,undefined,14.645587921142578,15.708366394042969
2025-12-23T22:10:22.220Z,0.01743565434994905,0.013273805517713634,undefined,14.687103271484375,15.708366394042969
2025-12-23T22:10:23.279Z,0,0,undefined,14.6871337890625,15.708366394042969
2025-12-23T22:10:24.922Z,0.009631117184956869,0.040914242466290794,undefined,14.69698715209961,15.708366394042969
2025-12-23T22:10:26.437Z,0.0019048273523990004,0.005522234425667651,undefined,14.709861755371094,15.708366394042969
2025-12-23T22:10:27.426Z,0,0,undefined,14.633617401123047,15.708366394042969
2025-12-23T22:10:27.427Z,0.10258468996636486,0.0930878309512227,undefined,14.633777618408203,15.708366394042969
2025-12-23T22:10:30.061Z,0.04171978595644928,0.03183858339176621,undefined,14.643074035644531,15.708366394042969
2025-12-23T22:10:34.125Z,0,0,undefined,14.635692596435547,15.708366394042969
2025-12-23T22:10:36.481Z,0.01299798579339386,0.0231948254496721,undefined,14.634994506835938,15.708366394042969
2025-12-23T22:10:36.511Z,0,0,undefined,14.636058807373047,15.708366394042969
2025-12-23T22:10:40.313Z,0.3856870596680915,2.0271356433339554,undefined,14.554618835449219,15.708366394042969
2025-12-23T22:10:41.422Z,1.3913936572064158,19.061095000923082,undefined,14.622669219970703,15.708366394042969
2025-12-23T22:10:41.423Z,0,0,undefined,14.554000854492188,15.708366394042969
2025-12-23T22:10:47.392Z,0.2305015557537384,10.804223331364645,undefined,14.543079376220703,15.708366394042969
2025-12-23T22:10:48.019Z,0.16802760867907302,6.819872124696717,undefined,14.547149658203125,15.708366394042969
2025-12-23T22:10:48.020Z,0.8360668293480734,39.109373555600065,undefined,14.488037109375,15.708366394042969
2025-12-23T22:10:48.029Z,0,0,undefined,14.53665542602539,15.708366394042969
2025-12-23T22:10:52.487Z,0.15990725675657025,7.352299650067317,undefined,14.406932830810547,15.708366394042969
2025-12-23T22:10:52.488Z,0,0,undefined,14.406848907470703,15.708366394042969
2025-12-23T22:10:54.966Z,0.1702251824631379,7.866292635671257,undefined,14.50357437133789,15.708366394042969
2025-12-23T22:10:57.872Z,0.00911288791232639,0.01170900132921007,undefined,14.511650085449219,15.708366394042969
2025-12-23T22:10:58.889Z,0.0023202316837800654,0.0006500380990751122,undefined,14.511898040771484,15.708366394042969
2025-12-23T22:11:00.290Z,0.0036911372720760146,0.01036163664212192,undefined,14.55001449584961,15.708366394042969
2025-12-23T22:11:00.291Z,0.00019383624317200203,0.00014433344876192152,undefined,14.549907684326172,15.708366394042969
2025-12-23T22:11:02.323Z,0.0035045678819324013,0.002006844066488624,undefined,14.535541534423828,15.708366394042969
2025-12-23T22:11:02.324Z,0.00046544278729747466,0.00008701155964314808,undefined,14.496810913085938,15.708366394042969
2025-12-23T22:11:05.327Z,0.0003846285114390526,0.00018906256540542803,undefined,14.498455047607422,15.708366394042969
2025-12-23T22:11:07.576Z,0,0,undefined,14.500350952148438,15.708366394042969
2025-12-23T22:11:08.633Z,0.0002691155676049658,0.00013551209432590477,undefined,14.500617980957031,15.708366394042969
2025-12-23T22:11:09.696Z,0.004642888119346217,0.003882062071908544,undefined,14.5400390625,15.708366394042969
2025-12-23T22:11:09.701Z,0.0017578865482205898,0.0026516242926331295,undefined,14.530349731445312,15.708366394042969
2025-12-23T22:11:11.944Z,0.00031271194489084777,0.00007186547801839359,undefined,14.484550476074219,15.708366394042969
2025-12-23T22:11:11.960Z,0.0003534854609073359,0.0005184453426640927,undefined,14.519054412841797,15.708366394042969
2025-12-23T22:11:13.835Z,0,0,undefined,14.503364562988281,15.708366394042969
2025-12-23T22:11:16.110Z,0.007123789301035688,0.0072128939488579485,undefined,14.466522216796875,15.708366394042969
2025-12-23T22:11:16.705Z,0,0,undefined,14.465648651123047,15.708366394042969
2025-12-23T22:11:16.706Z,1.5104611714680989,1.850446065266927,undefined,14.466365814208984,15.708366394042969
2025-12-23T22:11:18.729Z,0.00019131755634626402,0.0001315915171823288,undefined,14.55731201171875,15.708366394042969
2025-12-23T22:11:18.732Z,0,0,undefined,14.477546691894531,15.708366394042969
2025-12-23T22:11:20.209Z,0.004131487100431234,0.002301093375328744,undefined,14.499671936035156,15.708366394042969
2025-12-23T22:11:22.884Z,0.08050857051726311,0.06368083338583669,undefined,14.477996826171875,15.708366394042969
2025-12-23T22:11:23.386Z,0.003738062722342355,0.0019191385625482915,undefined,14.503528594970703,15.708366394042969
2025-12-23T22:11:23.393Z,0,0,undefined,14.48486328125,15.708366394042969
2025-12-23T22:11:24.818Z,0.0010367080781707454,0.0018791851346701566,undefined,14.54793930053711,15.708366394042969
2025-12-23T22:11:24.819Z,0.0008341662567062186,0.0006612779303401733,undefined,14.48098373413086,15.708366394042969
2025-12-23T22:11:26.821Z,0.0004158930832080627,0.00019220823652288887,undefined,14.462486267089844,15.708366394042969
2025-12-23T22:11:29.261Z,0,0,undefined,14.475566864013672,15.708366394042969
2025-12-23T22:11:29.891Z,0.00017387432288069752,0.00009100859875298217,undefined,14.47561264038086,15.708366394042969
2025-12-23T22:11:29.905Z,0.00021315264104648362,0.00029859744974184126,undefined,14.483631134033203,15.708366394042969
2025-12-23T22:11:32.076Z,0.00129843300039118,0.003337182781913064,undefined,14.431541442871094,15.708366394042969
2025-12-23T22:11:32.077Z,0,0,undefined,14.431621551513672,15.708366394042969
2025-12-23T22:11:32.078Z,0.0012822640247834034,0.0008145968119303385,undefined,14.498268127441406,15.708366394042969
2025-12-23T22:11:38.780Z,0.0002423865535516598,0.00007391769547038456,undefined,14.477611541748047,15.708366394042969
2025-12-23T22:11:40.110Z,0,0,undefined,14.483177185058594,15.708366394042969
2025-12-23T22:11:40.111Z,0.0015457489858597784,0.0009599396568237478,undefined,14.609622955322266,15.708366394042969
2025-12-23T22:11:40.127Z,5.4630480314555925,4.870565314041941,undefined,14.478092193603516,15.708366394042969
2025-12-23T22:11:43.046Z,6.047883177427083,0.27060766258044566,undefined,14.511314392089844,15.708366394042969
2025-12-23T22:11:43.047Z,1.8750501856106874,0.0798709164053519,undefined,14.623046875,15.708366394042969
2025-12-23T22:11:45.269Z,3.4014923949413602,0.23662597995677057,undefined,14.475227355957031,15.708366394042969
2025-12-23T22:11:47.478Z,0,0,undefined,14.506031036376953,15.708366394042969
2025-12-23T22:11:47.479Z,0.08753249634346462,0.060398066969222675,undefined,14.506080627441406,15.708366394042969
2025-12-23T22:11:49.289Z,0.0006660360892031936,0.0004510055698378019,undefined,14.53982162475586,15.708366394042969
2025-12-23T22:11:49.315Z,0.12194668805157696,0.07680698677345559,undefined,14.53676986694336,15.708366394042969
2025-12-23T22:11:51.236Z,0.00013390190176178047,0.00008266612584650113,undefined,14.400222778320312,15.708366394042969
2025-12-23T22:11:52.458Z,0.971684089073768,0.8139610290527344,undefined,14.400333404541016,15.708366394042969
2025-12-23T22:11:53.520Z,0.06297071424245711,0.04820385682007532,undefined,14.445892333984375,15.708366394042969
2025-12-23T22:11:54.163Z,0,0,undefined,14.445816040039062,15.708366394042969
2025-12-23T22:11:55.509Z,0.004581728666342286,0.0028814826871801803,undefined,14.448741912841797,15.708366394042969
2025-12-23T22:11:56.457Z,0.00010857215294471153,0.00010857215294471153,undefined,14.35976791381836,15.708366394042969
2025-12-23T22:11:58.299Z,0,0.0005646175416281221,undefined,14.391559600830078,15.708366394042969
2025-12-23T22:11:59.052Z,0.0002183013890520572,0.0001824489711420478,undefined,14.32904052734375,15.708366394042969
2025-12-23T22:11:59.052Z,0,0,undefined,14.329044342041016,15.708366394042969
2025-12-23T22:12:01.247Z,0,0,undefined,14.2979736328125,15.708366394042969
2025-12-23T22:12:01.249Z,0.00023740481629904329,0.00012460066445508792,undefined,14.297805786132812,15.708366394042969
2025-12-23T22:12:03.290Z,0,0,undefined,14.266075134277344,15.708366394042969
2025-12-23T22:12:04.196Z,0.002556407380508906,0.006442881877841399,undefined,14.266315460205078,15.708366394042969
2025-12-23T22:12:05.701Z,0.007660376844067259,0.011483303786534343,undefined,14.31399917602539,15.708366394042969
2025-12-23T22:12:07.029Z,0.0002982685104809671,0.00018151208697032536,undefined,14.280719757080078,15.708366394042969
2025-12-23T22:12:08.558Z,0.000734927237230559,0.0005492282779303321,undefined,14.29520034790039,15.708366394042969
2025-12-23T22:12:10.666Z,0,0,undefined,14.262413024902344,15.708366394042969
2025-12-23T22:12:12.280Z,0.00041450550353604984,0.0004176220862694036,undefined,14.323394775390625,15.708366394042969
2025-12-23T22:12:12.281Z,0.0007004287112411575,0.0015230321172458022,undefined,14.262435913085938,15.708366394042969
2025-12-23T22:12:13.955Z,0.003482937475101806,0.00279294194986057,undefined,14.371829986572266,15.708366394042969
2025-12-23T22:12:14.879Z,0.002207286617298818,0.0034001207104618686,undefined,14.28750228881836,15.708366394042969
2025-12-23T22:12:16.986Z,0.008609119333733855,0.004813110460294963,undefined,14.26516342163086,15.708366394042969
2025-12-23T22:12:17.910Z,0.0005830323331741266,0.00039354682489253545,undefined,14.259033203125,15.708366394042969
2025-12-23T22:12:19.200Z,0.006806309420924418,0.00411542555162791,undefined,14.289974212646484,15.708366394042969
2025-12-23T22:12:20.083Z,0.01610997575440558,0.01253369706788214,undefined,14.278602600097656,15.708366394042969
2025-12-23T22:12:21.590Z,0.00008046966865913626,0.00008155709661398945,undefined,14.189628601074219,15.708366394042969
2025-12-23T22:12:22.231Z,0.0002499164723612375,0.0001770241679225432,undefined,14.211029052734375,15.708366394042969
2025-12-23T22:12:23.777Z,0.0057606190121596325,0.005303619455299318,undefined,14.182525634765625,15.708366394042969
2025-12-23T22:12:24.645Z,0.01242671149988144,0.017926334953917482,undefined,14.183601379394531,15.708366394042969
2025-12-23T22:12:25.616Z,0.0005584942614049287,0.0004677641467362579,undefined,14.15878677368164,15.708366394042969
2025-12-23T22:12:26.923Z,0.00013839810763526897,0.00013919349905846016,undefined,14.164203643798828,15.708366394042969
2025-12-23T22:12:28.149Z,0.0001236951475242694,0.00012674934869770816,undefined,14.158615112304688,15.708366394042969
2025-12-23T22:12:29.297Z,0.0014508259933554415,0.0010829485266084916,undefined,14.014816284179688,15.708366394042969
2025-12-23T22:12:30.835Z,0,0,undefined,14.014568328857422,15.708366394042969
2025-12-23T22:12:33.949Z,0.00339870939675174,0.0045476546143711025,undefined,14.047676086425781,15.708366394042969
2025-12-23T22:12:34.702Z,0,0,undefined,14.030380249023438,15.708366394042969
2025-12-23T22:12:34.702Z,0.005866254928622551,0.003196808939211679,undefined,13.99569320678711,15.708366394042969
2025-12-23T22:12:36.393Z,0.028292338053385418,0.03860363404202141,undefined,14.030452728271484,15.708366394042969
2025-12-23T22:12:39.433Z,0,0,undefined,13.87575912475586,15.708366394042969
2025-12-23T22:12:40.943Z,0.002747476404716966,0.003832584734964322,undefined,13.874763488769531,15.708366394042969
2025-12-23T22:12:40.944Z,0.000684157661769701,0.00012784764386605525,undefined,13.90781021118164,15.708366394042969
2025-12-23T22:12:40.945Z,0.0010628255954666865,0.0010642249708392563,undefined,13.907188415527344,15.708366394042969
2025-12-23T22:12:43.758Z,0.0007945481818867054,0.00029227249197467367,undefined,13.949443817138672,15.708366394042969
2025-12-23T22:12:47.623Z,0.25316385122445917,0.12764563927283654,undefined,13.995849609375,15.708366394042969
2025-12-23T22:12:48.627Z,0.00017707202754631537,0.00010812919078567897,undefined,13.996147155761719,15.708366394042969
2025-12-23T22:12:49.683Z,0.0001529435733537296,0.00015872341769558566,undefined,14.09368896484375,15.708366394042969
2025-12-23T22:12:49.698Z,0.013253508103797372,0.00845948757927109,undefined,14.110393524169922,15.708366394042969
2025-12-23T22:12:51.940Z,0.00017956210978360357,0.00020549885897456853,undefined,13.802970886230469,15.708366394042969
2025-12-23T22:12:53.304Z,0.000668105794422662,0.0006841189825712744,undefined,13.823516845703125,15.708366394042969
2025-12-23T22:12:54.468Z,0.003307621653487043,0.0027087733909454685,undefined,13.93191146850586,15.708366394042969
2025-12-23T22:12:55.775Z,0.0036475881709072885,0.0029222482640937734,undefined,14.024120330810547,15.708366394042969
2025-12-23T22:12:57.408Z,0.0006392324508132044,0.000507087261728532,undefined,14.05911636352539,15.708366394042969
2025-12-23T22:12:58.546Z,0.00006059446920126354,0.0000626601897422157,undefined,14.119110107421875,15.708366394042969
2025-12-23T22:12:59.871Z,0.00037288359123794214,0.000332406096136455,undefined,14.171318054199219,15.708366394042969
2025-12-23T22:13:01.157Z,0.008842707928562664,0.010196659161366303,undefined,14.202281951904297,15.708366394042969
2025-12-23T22:13:02.242Z,0.005709660517704952,0.003987364044072885,undefined,14.21187973022461,15.708366394042969
2025-12-23T22:13:03.284Z,0.00012784231976478236,0.00012857704574044203,undefined,14.21712875366211,15.708366394042969
2025-12-23T22:13:04.077Z,0.0001909861608613307,0.00016334342705245388,undefined,14.210025787353516,15.708366394042969
2025-12-23T22:13:04.079Z,0,0,undefined,14.201152801513672,15.708366394042969
2025-12-23T22:13:06.437Z,0.00009957681519191978,0.00012266053144095574,undefined,14.123252868652344,15.708366394042969
2025-12-23T22:13:07.851Z,0.005345190725018901,0.005502854624102192,undefined,14.131660461425781,15.708366394042969
2025-12-23T22:13:08.617Z,0,0,undefined,14.153186798095703,15.708366394042969
2025-12-23T22:13:11.867Z,0.0032259204615404076,0.0031641606569161496,undefined,14.164047241210938,15.708366394042969
2025-12-23T22:13:12.373Z,0.0006323965506928262,0.0004952503107835386,undefined,14.148006439208984,15.708366394042969
2025-12-23T22:13:13.290Z,0.005418929024257402,0.005437516379749578,undefined,14.15695571899414,15.708366394042969
2025-12-23T22:13:13.309Z,0.0025431315104166665,0.000906227833002954,undefined,14.131294250488281,15.708366394042969
2025-12-23T22:13:14.640Z,0.0005716526493547179,0.00044115814801926154,undefined,13.62960433959961,15.708366394042969
2025-12-23T22:13:15.008Z,0.0036301151398689517,0.0048553585608358246,undefined,13.530387878417969,15.708366394042969
2025-12-23T22:13:23.500Z,0.005866617146267116,0.006756361000359449,undefined,13.51107406616211,15.708366394042969
2025-12-23T22:13:28.013Z,0.01835751889356926,0.014746367041744401,undefined,13.243724822998047,15.708366394042969
2025-12-23T22:13:31.992Z,0.0028280952608914023,0.0017869414143020486,undefined,13.12432861328125,15.708366394042969
2025-12-23T22:13:55.766Z,0.23171006676772427,0.03206246453585991,undefined,11.63216781616211,15.708366394042969
2025-12-23T22:14:57.781Z,0.592783892224335,2.470726041468728,undefined,11.651443481445312,15.708366394042969
2025-12-23T22:15:54.702Z,0.0013446748924979446,0.0009883962452564255,undefined,11.698371887207031,15.708366394042969
2025-12-23T22:16:25.347Z,0.008802364772335322,0.674684995429553,undefined,11.341850280761719,15.708366394042969
2025-12-23T22:16:27.722Z,0.0001997969269213094,0.00014110927668092477,undefined,10.907386779785156,15.708366394042969
2025-12-23T22:16:31.167Z,0.0002743446663634418,0.00010416846354401361,undefined,10.078071594238281,15.708366394042969
2025-12-23T22:16:33.471Z,0.00026421217818895464,0.00013225916683386836,undefined,9.916412353515625,15.708366394042969
2025-12-23T22:16:35.804Z,0.000030366566012935672,0,undefined,9.704586029052734,15.708366394042969
2025-12-23T22:16:37.906Z,0.00046931474904654633,0.00039074736452228035,undefined,9.75741958618164,15.708366394042969
2025-12-23T22:16:40.145Z,0.00017526987436655405,0.0003205470429591523,undefined,9.762752532958984,15.708366394042969
2025-12-23T22:16:42.324Z,0,0.0001645108556055188,undefined,9.856605529785156,15.708366394042969
2025-12-23T22:16:44.133Z,0.00034539810734091644,0.0004560836238564605,undefined,9.830528259277344,15.708366394042969
2025-12-23T22:16:46.533Z,0.000388150622118972,0.0004596644337093765,undefined,9.92202377319336,15.708366394042969
2025-12-23T22:16:48.515Z,0.008736463154063505,0.006579739205977496,undefined,10.002716064453125,15.708366394042969
2026-05-03T14:54:25.787Z,0,0,undefined,14.190364837646484,15.708366394042969
2026-05-03T14:54:42.853Z,0.0032159030368081073,0.004523624779875537,undefined,14.897071838378906,15.708366394042969
2026-05-03T14:54:44.026Z,0.00867556568770903,0.00760228338847591,undefined,14.842910766601562,15.708366394042969
2026-05-03T14:54:45.249Z,0.008604779814387252,0.0008628099000876108,undefined,14.642036437988281,15.708366394042969
2026-05-03T14:54:46.463Z,0.000826889854609767,0.001125909811676944,undefined,14.352741241455078,15.708366394042969
2026-05-03T14:54:47.742Z,0.0007646973781322004,0.0013990153182303667,undefined,14.384899139404297,15.708366394042969
2026-05-03T14:54:48.138Z,0,0,undefined,14.345146179199219,15.708366394042969
2026-05-03T14:54:49.402Z,0.0016356532405358427,0.0017319602527837645,undefined,14.16878890991211,15.708366394042969
2026-05-03T14:54:50.744Z,0.0007887106076292224,0.0006591468363579947,undefined,14.176532745361328,15.708366394042969
2026-05-03T14:54:52.061Z,0.0008942073266996248,0.0009478010334722624,undefined,14.17049789428711,15.708366394042969
2026-05-03T14:54:53.429Z,0.0006332452826645275,0.00025052982767711357,undefined,14.17428970336914,15.708366394042969
2026-05-03T14:54:54.789Z,0.001729568305043127,0.005766146444860911,undefined,14.13888168334961,15.708366394042969
2026-05-03T14:54:55.984Z,0.00026910611898592205,0.0001723223393506343,undefined,14.15652847290039,15.708366394042969
2026-05-03T14:54:57.261Z,0,0,undefined,14.144824981689453,15.708366394042969
2026-05-03T14:54:58.512Z,0.0011327253416026503,0.0018163057386448391,undefined,14.155784606933594,15.708366394042969
2026-05-03T14:54:59.815Z,0.0005713222388956487,0.0004544107382722148,undefined,14.138988494873047,15.708366394042969
2026-05-03T14:55:01.203Z,0.0009612159537034957,0.0007246827839262446,undefined,14.134620666503906,15.708366394042969
2026-05-03T14:55:02.464Z,0.00142060910550931,0.0003960947640025958,undefined,14.027275085449219,15.708366394042969
2026-05-03T14:55:03.745Z,0.0006830473121502798,0.00047874298217675864,undefined,14.025794982910156,15.708366394042969
2026-05-03T14:55:05.066Z,0.0007367658289749574,0.0006521715188767532,undefined,13.994953155517578,15.708366394042969
2026-05-03T14:55:06.401Z,0.009012746286916208,0.014642568734975962,undefined,14.099056243896484,15.708366394042969
2026-05-03T14:55:07.739Z,0.007219672993693004,0.023221301962192565,undefined,14.166515350341797,15.708366394042969
2026-05-03T14:55:09.012Z,0.011556288775275736,0.007727945931196592,undefined,14.208961486816406,15.708366394042969
2026-05-03T14:55:10.282Z,0.005360715877935753,0.0021694609837502425,undefined,14.210742950439453,15.708366394042969
2026-05-03T14:55:11.560Z,0.00009147955073441248,0.00013340767815435154,undefined,14.10195541381836,15.708366394042969
2026-05-03T14:55:12.811Z,0.0006191709734387372,0.0020311828275002474,undefined,14.09951400756836,15.708366394042969
2026-05-03T14:55:14.047Z,0.002082622644415254,0.000840396789256872,undefined,14.008415222167969,15.708366394042969
2026-05-03T14:55:15.298Z,0.011884131232258592,0.015074033829176924,undefined,13.96884536743164,15.708366394042969
2026-05-03T14:55:16.544Z,0.0010866385239821214,0.0008069551908052885,undefined,13.948543548583984,15.708366394042969
2026-05-03T14:55:17.864Z,0.006059465660463039,0.007788093056686187,undefined,13.96481704711914,15.708366394042969
2026-05-03T14:55:19.275Z,0.0018767054925517975,0.0011517336376034727,undefined,13.912105560302734,15.708366394042969
2026-05-03T14:55:20.317Z,0.0006887217443421253,0.00043074160838495125,undefined,13.963565826416016,15.708366394042969
2026-05-03T14:55:20.460Z,0,0,undefined,13.941055297851562,15.708366394042969
2026-05-03T14:55:21.752Z,0.006253589353879551,0.015994414165797905,undefined,13.935150146484375,15.708366394042969
2026-05-03T14:55:22.312Z,0.0055901547695728065,0.0007592194469262523,undefined,13.897674560546875,15.708366394042969
2026-05-03T14:55:22.843Z,0.011918423681042033,0.012322607892198446,undefined,13.953968048095703,15.708366394042969
2026-05-03T14:55:23.079Z,0.008504530962775734,0.003096636603860294,undefined,13.939006805419922,15.708366394042969
2026-05-03T14:55:23.824Z,0.0014775715033024301,0.0008346067739298454,undefined,13.96285629272461,15.708366394042969
2026-05-03T14:55:24.106Z,0.0003770340320675872,0.0002735344938529554,undefined,13.978775024414062,15.708366394042969
2026-05-03T14:55:24.280Z,0.0010206892683699324,0,undefined,13.978912353515625,15.708366394042969
2026-05-03T14:55:25.481Z,0.0014352719121288738,0.0006252041275608361,undefined,13.969558715820312,15.708366394042969
2026-05-03T14:55:25.704Z,0.0003460590346453059,0.0003661787459618935,undefined,13.970829010009766,15.708366394042969
2026-05-03T14:55:26.630Z,0.0013610790832650228,0.0008015356941958311,undefined,13.945667266845703,15.708366394042969
2026-05-03T14:55:27.085Z,0.0016286177335729922,0.0007601751797441124,undefined,13.966377258300781,15.708366394042969
2026-05-03T14:55:27.815Z,0.0017594526158297126,0.0010097728056066176,undefined,13.973834991455078,15.708366394042969
2026-05-03T14:55:28.069Z,0,0.0005671472260446259,undefined,13.987014770507812,15.708366394042969
2026-05-03T14:55:29.273Z,0.0027926780423098126,0.0011271652339443219,undefined,13.985187530517578,15.708366394042969
2026-05-03T14:55:29.275Z,0.0027252940202920177,0.0016287471471207865,undefined,13.982624053955078,15.708366394042969
2026-05-03T14:55:30.118Z,0.001132075285526126,0.001433815196259743,undefined,14.025405883789062,15.708366394042969
2026-05-03T14:55:30.312Z,0,0,undefined,14.032123565673828,15.708366394042969
2026-05-03T14:55:30.608Z,0,0.0007169709788809577,undefined,14.04058837890625,15.708366394042969
2026-05-03T14:55:31.093Z,0.002894814558855192,0.0013216273991141733,undefined,14.02756118774414,15.708366394042969
2026-05-03T14:55:31.787Z,0.000522123368758729,0.00042622315817039105,undefined,14.023326873779297,15.708366394042969
2026-05-03T14:55:32.160Z,0,0.00022122852480897334,undefined,14.034881591796875,15.708366394042969
2026-05-03T14:55:33.091Z,0.0007276590159862717,0.00030539628398211705,undefined,14.053749084472656,15.708366394042969
2026-05-03T14:55:33.271Z,0,0,undefined,14.036815643310547,15.708366394042969
2026-05-03T14:55:34.115Z,0.0020231591358607776,0.0011107737814108698,undefined,14.070232391357422,15.708366394042969
2026-05-03T14:55:34.276Z,0.002315169886538857,0.032104943927965666,undefined,14.051101684570312,15.708366394042969
2026-05-03T14:55:35.081Z,0.0017442201313219573,0.0007643083636270186,undefined,14.06106948852539,15.708366394042969
2026-05-03T14:55:35.604Z,0.00048349955362712074,0.00010279124368450599,undefined,14.033523559570312,15.708366394042969
2026-05-03T14:55:36.106Z,0.0018275513940927933,0.0009419966717155613,undefined,14.065216064453125,15.708366394042969
2026-05-03T14:55:36.820Z,0.0017038285324576779,0.001149366720593579,undefined,14.071430206298828,15.708366394042969
2026-05-03T14:55:37.175Z,0.0014438495769367352,0.0001800643814193619,undefined,14.081924438476562,15.708366394042969
2026-05-03T14:55:38.075Z,0.0019504584971704452,0.001496227731252584,undefined,14.096057891845703,15.708366394042969
2026-05-03T14:55:38.265Z,0,0,undefined,14.062637329101562,15.708366394042969
2026-05-03T14:55:39.126Z,0.002047077554171203,0.001150076506567783,undefined,14.112480163574219,15.708366394042969
2026-05-03T14:55:39.287Z,0.001254834626850329,0.0008030941611842106,undefined,14.090896606445312,15.708366394042969
2026-05-03T14:55:40.083Z,0.0031324983374472776,0.011174956713717408,undefined,14.098503112792969,15.708366394042969
2026-05-03T14:55:40.626Z,0.0004345370877173639,0,undefined,14.058906555175781,15.708366394042969
2026-05-03T14:55:41.123Z,0.02320098876953125,0.021373748779296875,undefined,14.130504608154297,15.708366394042969
2026-05-03T14:55:41.834Z,0.010715715037096268,0.011568261472970848,undefined,14.12540054321289,15.708366394042969
2026-05-03T14:55:42.066Z,0.0017399690589126277,0.00021019760443239795,undefined,14.140262603759766,15.708366394042969
2026-05-03T14:55:43.075Z,0.0006499563812450239,0.000533531172766554,undefined,14.114879608154297,15.708366394042969
2026-05-03T14:55:43.662Z,0.008220740971172154,0.027266881799185145,undefined,14.11502456665039,15.708366394042969
2026-05-03T14:55:44.195Z,0.00196279481399891,0.0009901103783287479,undefined,14.1337890625,15.708366394042969
2026-05-03T14:55:44.428Z,0.021437524070202465,0.03227269705472418,undefined,14.124641418457031,15.708366394042969
2026-05-03T14:55:45.203Z,0.0009487521263860886,0.0006054293724798387,undefined,14.125858306884766,15.708366394042969
2026-05-03T14:55:45.690Z,0.0009739652593085107,0.0010896236338513964,undefined,14.09964370727539,15.708366394042969
2026-05-03T14:55:45.692Z,0,0,undefined,14.099960327148438,15.708366394042969
2026-05-03T14:55:46.319Z,0.0028242015470409023,0.00238050365079784,undefined,14.065910339355469,15.708366394042969
2026-05-03T14:55:46.896Z,0.007764882054822199,0.009206574538658405,undefined,14.143856048583984,15.708366394042969
2026-05-03T14:55:47.368Z,0.00019161585572134815,0.00020042578012232967,undefined,14.17449951171875,15.708366394042969
2026-05-03T14:55:48.110Z,0.0004098222062394426,0.0006430857890361065,undefined,14.196014404296875,15.708366394042969
2026-05-03T14:55:48.408Z,0.00044878791360294115,0.0004640875015666778,undefined,14.188346862792969,15.708366394042969
2026-05-03T14:55:49.169Z,0.0007900991100323624,0.000742775465421049,undefined,14.208465576171875,15.708366394042969
2026-05-03T14:55:49.619Z,0,0.00016477095519060864,undefined,14.228584289550781,15.708366394042969
2026-05-03T14:55:49.663Z,0.004280938042534722,0.004429287380642361,undefined,14.208938598632812,15.708366394042969
2026-05-03T14:55:50.122Z,0.0009419727910515721,0.0011701525354677915,undefined,14.27596664428711,15.708366394042969
2026-05-03T14:55:50.873Z,0.002112321104935851,0.0020730449426128138,undefined,14.286357879638672,15.708366394042969
2026-05-03T14:55:51.064Z,0,0,undefined,14.276508331298828,15.708366394042969
2026-05-03T14:55:52.089Z,0.023787615834248967,0.022358583688982518,undefined,14.31020736694336,15.708366394042969
2026-05-03T14:55:52.326Z,0.00021839869841364502,0.0008335550322787451,undefined,14.313774108886719,15.708366394042969
2026-05-03T14:55:53.268Z,0,0,undefined,14.305057525634766,15.708366394042969
2026-05-03T14:55:53.270Z,0.0013344453804658883,0.0010386782542544262,undefined,14.32717514038086,15.708366394042969
2026-05-03T14:55:54.129Z,0.0005214013785959404,0.00052028727308612,undefined,14.351005554199219,15.708366394042969
2026-05-03T14:55:54.309Z,0.00042770848129734844,0.0009941332267992423,undefined,14.349212646484375,15.708366394042969
2026-05-03T14:55:54.595Z,0.0003158272086799919,0.00022912954355215097,undefined,14.322807312011719,15.708366394042969
2026-05-03T14:55:55.317Z,0.0011474991406537646,0.000962101482677881,undefined,14.294742584228516,15.708366394042969
2026-05-03T14:55:55.804Z,0.0015803256625547015,0.010546918831350987,undefined,14.320762634277344,15.708366394042969
2026-05-03T14:55:56.182Z,0.0010424646837957974,0.00017758073477909485,undefined,14.324695587158203,15.708366394042969
2026-05-03T14:55:57.089Z,0.0004283360072544643,0.00021689278738839285,undefined,14.341075897216797,15.708366394042969
2026-05-03T14:55:57.284Z,0,0,undefined,14.29568099975586,15.708366394042969
2026-05-03T14:55:58.255Z,0.0019228713073420015,0.0009895705012557222,undefined,14.303070068359375,15.708366394042969
2026-05-03T14:55:58.266Z,0,0,undefined,14.276485443115234,15.708366394042969
2026-05-03T14:55:59.176Z,0.00018789459613044102,0.00011142586514712199,undefined,14.324447631835938,15.708366394042969
2026-05-03T14:55:59.321Z,0.0015482490445360726,0.0003178914388020833,undefined,14.323867797851562,15.708366394042969
2026-05-03T14:55:59.613Z,0.003524305086234862,0.0010394720057715183,undefined,14.353889465332031,15.708366394042969
2026-05-03T14:56:00.104Z,0.0006139037097513917,0.000540544146950911,undefined,14.332744598388672,15.708366394042969
2026-05-03T14:56:00.891Z,0.0005783920395693759,0.0002501881845579161,undefined,14.346675872802734,15.708366394042969
2026-05-03T14:56:01.272Z,0,0.0003292816857949919,undefined,14.341861724853516,15.708366394042969
2026-05-03T14:56:02.084Z,0.0015624026034740692,0.0011343603317739996,undefined,14.368324279785156,15.708366394042969
2026-05-03T14:56:02.288Z,0.0011116076426900875,0.0003280153699741242,undefined,14.344650268554688,15.708366394042969
2026-05-03T14:56:03.258Z,0.0005092218832333139,0.0006074927729800937,undefined,14.374153137207031,15.708366394042969
2026-05-03T14:56:03.339Z,0,0,undefined,14.347354888916016,15.708366394042969
2026-05-03T14:56:04.315Z,0.0014136819278492648,0.001102896297679228,undefined,14.373939514160156,15.708366394042969
2026-05-03T14:56:04.327Z,0,0,undefined,14.383331298828125,15.708366394042969
2026-05-03T14:56:04.597Z,0.00028228759765625,0.002643585205078125,undefined,14.415206909179688,15.708366394042969
2026-05-03T14:56:05.584Z,0.0010728836059570312,0.0003807304441466812,undefined,14.554012298583984,15.708366394042969
2026-05-03T14:56:05.777Z,0.0017750206176173745,0.0011042544716282894,undefined,14.580192565917969,15.708366394042969
2026-05-03T14:56:06.027Z,0.0005907087183710354,0.001024844041511194,undefined,14.58651351928711,15.708366394042969
2026-05-03T14:56:07.095Z,0.0023067598246780513,0.008170842323431377,undefined,14.548179626464844,15.708366394042969
2026-05-03T14:56:07.335Z,0.0002204730946530578,0.00023329129783056116,undefined,14.574024200439453,15.708366394042969
2026-05-03T14:56:07.837Z,0.0016928206679767382,0.0019327019377476356,undefined,14.597660064697266,15.708366394042969
2026-05-03T14:56:08.219Z,0.0012405314986498185,0.00041518802693148085,undefined,14.69744873046875,15.708366394042969
2026-05-03T14:56:08.366Z,0.0020250862027391976,0.0015070408950617284,undefined,14.66400146484375,15.708366394042969
2026-05-03T14:56:09.042Z,0.0007573296042049632,0.0024028852874157475,undefined,14.4219970703125,15.708366394042969
2026-05-03T14:56:09.714Z,0.0006091837980309312,0.00031140385841836734,undefined,14.391311645507812,15.708366394042969
2026-05-03T14:56:10.293Z,0.0014638121379608562,0.0010854599203078566,undefined,14.38686752319336,15.708366394042969
2026-05-03T14:56:10.869Z,0.002005615749874631,0.0016737628627467801,undefined,14.473915100097656,15.708366394042969
2026-05-03T14:56:11.342Z,0.001049041748046875,0,undefined,14.546222686767578,15.708366394042969
2026-05-03T14:56:11.533Z,0,0,undefined,14.54208755493164,15.708366394042969
2026-05-03T14:56:12.250Z,0.0004889023448243261,0.001548540474164604,undefined,14.538631439208984,15.708366394042969
2026-05-03T14:56:12.389Z,0,0,undefined,14.529067993164062,15.708366394042969
2026-05-03T14:56:12.538Z,0.0025337264382627586,0.04392544898761094,undefined,14.534732818603516,15.708366394042969
2026-05-03T14:56:13.260Z,0.0008968419806901799,0.0006639680197072584,undefined,14.4859619140625,15.708366394042969
2026-05-03T14:56:13.774Z,0.008316110291314169,0.016951868327722143,undefined,14.55511474609375,15.708366394042969
2026-05-03T14:56:14.376Z,0.0006867228850389833,0.0009091824111783722,undefined,14.537151336669922,15.708366394042969
2026-05-03T14:56:15.042Z,0.0017163704852668606,0.0013587426166145168,undefined,14.673934936523438,15.708366394042969
2026-05-03T14:56:15.412Z,0.03556353214494777,1.7876034167726722,undefined,14.756072998046875,15.708366394042969
2026-05-03T14:56:16.410Z,0.0024127520723826327,0.0010097081760107648,undefined,14.697242736816406,15.708366394042969
2026-05-03T14:56:16.625Z,0.0030631261156094784,0.0023241864134933773,undefined,14.691024780273438,15.708366394042969
2026-05-03T14:56:17.284Z,0.0016562070204874202,0.005273973858826675,undefined,14.735572814941406,15.708366394042969
2026-05-03T14:56:17.496Z,0.009596038976481541,0.0019814683983363016,undefined,14.756935119628906,15.708366394042969
2026-05-03T14:56:17.771Z,0.035161557404891304,0.11867371158323425,undefined,14.761043548583984,15.708366394042969
2026-05-03T14:56:18.478Z,0.024175383354145322,0.016783104568231302,undefined,14.647567749023438,15.708366394042969
2026-05-03T14:56:19.251Z,0.02790509964048172,0.01690286466974089,undefined,14.751789093017578,15.708366394042969
2026-05-03T14:56:19.441Z,0.00018884639928836634,0,undefined,14.766593933105469,15.708366394042969
2026-05-03T14:56:20.099Z,0.02785502928089721,0.03131272281027589,undefined,14.771903991699219,15.708366394042969
2026-05-03T14:56:20.348Z,0.06980987256793884,0.005142540452582984,undefined,14.783519744873047,15.708366394042969
2026-05-03T14:56:20.605Z,0.005313328334263393,0.0003784421890500992,undefined,14.827259063720703,15.708366394042969
2026-05-03T14:56:21.342Z,0.0011387993307674634,0.001452950870289522,undefined,14.844718933105469,15.708366394042969
2026-05-03T14:56:21.775Z,0.004435645209418403,0.003441704644097222,undefined,14.829994201660156,15.708366394042969
2026-05-03T14:56:22.218Z,0.0016401102254678915,0.0026854839953747425,undefined,14.821163177490234,15.708366394042969
2026-05-03T14:56:23.319Z,0.014288451081962996,0.0012228565831338206,undefined,14.80447769165039,15.708366394042969
2026-05-03T14:56:23.322Z,0,0,undefined,14.834735870361328,15.708366394042969
2026-05-03T14:56:24.053Z,0.0007384316215302025,0.001573829011544169,undefined,14.896610260009766,15.708366394042969
2026-05-03T14:56:24.291Z,0,0,undefined,14.666790008544922,15.708366394042969
2026-05-03T14:56:24.468Z,0,0.0006398068198674842,undefined,14.643730163574219,15.708366394042969
2026-05-03T14:56:25.264Z,0.0009708797808774968,0.0003121562839783344,undefined,14.613216400146484,15.708366394042969
2026-05-03T14:56:25.771Z,0.0008314083784054487,0.0011398947450536243,undefined,14.615211486816406,15.708366394042969
2026-05-03T14:56:26.285Z,0.002968240771773299,0.003086744680912537,undefined,14.604377746582031,15.708366394042969
2026-05-03T14:56:27.303Z,0.000647223700594473,0.0007281266631687821,undefined,14.610591888427734,15.708366394042969
2026-05-03T14:56:27.904Z,0.00028004721989707343,0.0005083740072906333,undefined,14.635494232177734,15.708366394042969
2026-05-03T14:56:28.201Z,0.0011614301386154856,0.0005556842473548228,undefined,14.680702209472656,15.708366394042969
2026-05-03T14:56:28.354Z,0,0,undefined,14.694049835205078,15.708366394042969
2026-05-03T14:56:28.565Z,0.0038938038909490207,0.030297837499099943,undefined,14.647422790527344,15.708366394042969
2026-05-03T14:56:29.700Z,0.0016129496389733395,0.000709233939703432,undefined,14.785221099853516,15.708366394042969
2026-05-03T14:56:29.896Z,0.0003917583291461359,0.0009220170776873703,undefined,14.79196548461914,15.708366394042969
2026-05-03T14:56:30.394Z,0.000348263232318206,0,undefined,14.80410385131836,15.708366394042969
2026-05-03T14:56:31.119Z,0.00034078666708145777,0.00029719767478034105,undefined,14.80251693725586,15.708366394042969
2026-05-03T14:56:31.681Z,0.00019718117078777335,0.00010238253098595925,undefined,14.889236450195312,15.708366394042969
2026-05-03T14:56:32.295Z,0.0007088979085286459,0.0006532669067382812,undefined,14.791854858398438,15.708366394042969
2026-05-03T14:56:32.357Z,0,0,undefined,14.620922088623047,15.708366394042969
2026-05-03T14:56:33.113Z,0.0004376277367063163,0.0005666393816312998,undefined,14.647590637207031,15.708366394042969
2026-05-03T14:56:33.346Z,0,0,undefined,14.649890899658203,15.708366394042969
2026-05-03T14:56:33.576Z,0.0021955702039930555,0.0031195746527777775,undefined,14.649688720703125,15.708366394042969
2026-05-03T14:56:35.280Z,0.0054948237719456795,0.011984814596439594,undefined,14.775707244873047,15.708366394042969
2026-05-03T14:56:35.885Z,0.045973896036676495,0.7249812022991734,undefined,14.8685302734375,15.708366394042969
2026-05-03T14:56:36.266Z,0.00416566877800801,0.0018056879188808692,undefined,14.914405822753906,15.708366394042969
2026-05-03T14:56:36.452Z,0.0003977409471267773,0.0004113002975970083,undefined,14.901180267333984,15.708366394042969
2026-05-03T14:56:36.841Z,0.001434266097902313,0.017263757900928888,undefined,14.902301788330078,15.708366394042969
2026-05-03T14:56:37.415Z,0.011305591377479902,0.011412434558156121,undefined,14.901237487792969,15.708366394042969
2026-05-03T14:56:37.997Z,0.016608049455074766,0.011232346552784801,undefined,14.947826385498047,15.708366394042969
2026-05-03T14:56:38.434Z,0.0011372454289539319,0.007190614798818956,undefined,14.949665069580078,15.708366394042969
2026-05-03T14:56:38.439Z,0.0012464690626713267,0.0007696319044682017,undefined,14.969772338867188,15.708366394042969
2026-05-03T14:56:39.311Z,0.0013558760933254075,0.0005317770916482676,undefined,14.96927261352539,15.708366394042969
2026-05-03T14:56:39.486Z,0,0.004247716955236487,undefined,14.96078109741211,15.708366394042969
2026-05-03T14:56:39.765Z,0.002130472435141509,0,undefined,15.012897491455078,15.708366394042969
2026-05-03T14:56:40.273Z,0.011192142613480002,1.0698676809172807,undefined,15.019989013671875,15.708366394042969
2026-05-03T14:56:41.321Z,0.0017038449083910828,0.015680427498065943,undefined,15.05025863647461,15.708366394042969
2026-05-03T14:56:41.324Z,0.0016539739066824262,0.0010064607176833486,undefined,15.053897857666016,15.708366394042969
2026-05-03T14:56:42.207Z,0.16214626139235033,0.03152995593604464,undefined,15.086994171142578,15.708366394042969
2026-05-03T14:56:42.441Z,0.49522274830302254,0.03105955697148224,undefined,15.075206756591797,15.708366394042969
2026-05-03T14:56:42.546Z,0.0007882410166214923,0.00185869177993463,undefined,15.018486022949219,15.708366394042969
2026-05-03T14:56:43.468Z,0.004747388648776987,0.006458546855662129,undefined,15.017829895019531,15.708366394042969
2026-05-03T14:56:43.770Z,0.0004452485767448738,0.0006197378838475946,undefined,15.032588958740234,15.708366394042969
2026-05-03T14:56:44.263Z,0.0021562198009769705,0.0014175701738648227,undefined,14.999584197998047,15.708366394042969
2026-05-03T14:56:44.971Z,0.010969260966125745,0.003755844993644811,undefined,14.972782135009766,15.708366394042969
2026-05-03T14:56:45.326Z,0,0,undefined,14.98919677734375,15.708366394042969
2026-05-03T14:56:46.438Z,0.00129045039513717,0.0007637787704551705,undefined,14.91259765625,15.708366394042969
2026-05-03T14:56:46.441Z,0.0020839549877025463,0.0009042245370370369,undefined,14.887107849121094,15.708366394042969
2026-05-03T14:56:47.421Z,0.0007780947426492854,0.0006062115809714147,undefined,14.960430145263672,15.708366394042969
2026-05-03T14:56:47.580Z,0.003407715232508957,0.036178880436405256,undefined,14.943241119384766,15.708366394042969
2026-05-03T14:56:47.795Z,0.0006136686905570651,0.000389762546705163,undefined,14.93288803100586,15.708366394042969
2026-05-03T14:56:48.356Z,0.0016412484958377223,0.0033789359674918067,undefined,14.826457977294922,15.708366394042969
2026-05-03T14:56:49.305Z,0.0011900434521344466,0.01081832842020729,undefined,14.834468841552734,15.708366394042969
2026-05-03T14:56:49.480Z,0.0007394241960081336,0.0003788569202161815,undefined,14.865543365478516,15.708366394042969
2026-05-03T14:56:50.180Z,0.0035783570552080086,0.009360972555310165,undefined,14.954898834228516,15.708366394042969
2026-05-03T14:56:50.501Z,0.00028740869809503426,0,undefined,14.963748931884766,15.708366394042969
2026-05-03T14:56:50.517Z,0.002973219927619485,0.019544713637408086,undefined,14.95574951171875,15.708366394042969
2026-05-03T14:56:51.587Z,0.009181843468205846,0.008149407989350125,undefined,14.968730926513672,15.708366394042969
2026-05-03T14:56:51.783Z,0,0.0021304559270176318,undefined,14.940597534179688,15.708366394042969
2026-05-03T14:56:52.248Z,0.0021287373134068082,0.0006811959402901786,undefined,14.957122802734375,15.708366394042969
2026-05-03T14:56:53.293Z,0.0017497614238336896,0.00044151588722511577,undefined,14.959537506103516,15.708366394042969
2026-05-03T14:56:53.295Z,0,0,undefined,14.9583740234375,15.708366394042969
2026-05-03T14:56:54.174Z,0.0014808414031683556,0.0020111216813877173,undefined,14.943134307861328,15.708366394042969
2026-05-03T14:56:54.319Z,0,0,undefined,14.947235107421875,15.708366394042969
2026-05-03T14:56:54.558Z,0.0016449840828841429,0.001628326016222025,undefined,14.95907211303711,15.708366394042969
2026-05-03T14:56:55.860Z,0.0036446390803742392,0.009150179183492488,undefined,14.970592498779297,15.708366394042969
2026-05-03T14:56:56.238Z,0.005238049023144238,0.0019474430485172671,undefined,14.977386474609375,15.708366394042969
2026-05-03T14:56:57.126Z,0.0018673931487734289,0.002459365188615456,undefined,14.962600708007812,15.708366394042969
2026-05-03T14:56:57.310Z,0.0035599892183860635,0.002541157029430318,undefined,14.927993774414062,15.708366394042969
2026-05-03T14:56:58.137Z,0.002330375117296613,0.00933535272182699,undefined,14.928192138671875,15.708366394042969
2026-05-03T14:56:58.284Z,0,0,undefined,14.922115325927734,15.708366394042969
2026-05-03T14:56:59.105Z,0.0039726305919088375,0.0012173014841261943,undefined,14.900772094726562,15.708366394042969
2026-05-03T14:56:59.599Z,0.0013871626420454545,0.012886103982164597,undefined,14.871517181396484,15.708366394042969
2026-05-03T14:57:00.338Z,0.0013214590303566422,0.0010392056452319227,undefined,14.84072494506836,15.708366394042969
2026-05-03T14:57:00.894Z,0.001644498467866608,0.011899024774665968,undefined,14.847358703613281,15.708366394042969
2026-05-03T14:57:01.452Z,0.0006363942072941706,0.000286102294921875,undefined,14.901592254638672,15.708366394042969
2026-05-03T14:57:02.167Z,0.0008668605901470465,0.0009792077653060158,undefined,14.870857238769531,15.708366394042969
2026-05-03T14:57:02.304Z,0.0004225862240363024,0.0006053262128087575,undefined,14.874317169189453,15.708366394042969
2026-05-03T14:57:02.479Z,0,0,undefined,14.866073608398438,15.708366394042969
2026-05-03T14:57:03.147Z,0.0008154804771565639,0.0011206015281731976,undefined,14.717849731445312,15.708366394042969
2026-05-03T14:57:03.650Z,0.0013428875523754673,0.0009312588944394364,undefined,14.708106994628906,15.708366394042969
2026-05-03T14:57:04.395Z,0.0003556073722192797,0.00029716839846296444,undefined,14.709915161132812,15.708366394042969
2026-05-03T14:57:04.829Z,0.0007682376437717014,0.00048125231707537615,undefined,14.764183044433594,15.708366394042969
2026-05-03T14:57:06.287Z,0.0015541070421894163,0.0014574139798555039,undefined,14.713233947753906,15.708366394042969
2026-05-03T14:57:06.290Z,0.0005937972158755896,0.00044384842398781447,undefined,14.679134368896484,15.708366394042969
2026-05-03T14:57:07.186Z,0.02402575927991636,0.037655564078038564,undefined,14.705066680908203,15.708366394042969
2026-05-03T14:57:07.404Z,0.0021399521246189025,0,undefined,14.67331314086914,15.708366394042969
2026-05-03T14:57:07.610Z,0.0018771929232028162,0.0015002465530817688,undefined,14.681278228759766,15.708366394042969
2026-05-03T14:57:08.281Z,0.0005482545238038956,0.00035780821553517395,undefined,14.593132019042969,15.708366394042969
2026-05-03T14:57:08.768Z,0.002963268733628777,0.0006525140059621711,undefined,14.61663818359375,15.708366394042969
2026-05-03T14:57:09.336Z,0,0.00012290790712634247,undefined,14.659183502197266,15.708366394042969
2026-05-03T14:57:09.974Z,0.0026869494103701516,0.0015057361110403765,undefined,14.677654266357422,15.708366394042969
2026-05-03T14:57:10.155Z,0,0.0006089727562594126,undefined,14.670265197753906,15.708366394042969
2026-05-03T14:57:10.342Z,0.0028055180948247356,0.001655053840112434,undefined,14.677288055419922,15.708366394042969
2026-05-03T14:57:11.240Z,0.0013748517822559417,0.00039822501539466757,undefined,14.625202178955078,15.708366394042969
2026-05-03T14:57:12.245Z,0.001591807592818565,0.0009765907047856977,undefined,14.680217742919922,15.708366394042969
2026-05-03T14:57:12.376Z,0.0009409586588541667,0,undefined,14.653846740722656,15.708366394042969
2026-05-03T14:57:13.634Z,0.001136920007946298,0.000987933293520259,undefined,14.654964447021484,15.708366394042969
2026-05-03T14:57:14.910Z,0.004723690988098238,0.0035392890144969277,undefined,14.640060424804688,15.708366394042969
2026-05-03T14:57:16.156Z,0.0008741371062120445,0.0008123606322747975,undefined,14.626686096191406,15.708366394042969
2026-05-03T14:57:17.435Z,0.0017579597762868375,0.006051757667638078,undefined,14.631385803222656,15.708366394042969
2026-05-03T14:57:18.743Z,0.004450480143229167,0.007245244689512588,undefined,14.577587127685547,15.708366394042969
2026-05-03T14:57:20.091Z,0.014062321514164635,0.005423840397359399,undefined,14.560478210449219,15.708366394042969
2026-05-03T14:57:21.140Z,0.002656603830910236,0.0027976699166851198,undefined,14.60983657836914,15.708366394042969
2026-05-03T14:57:21.292Z,0.0009781275040064103,0,undefined,14.580211639404297,15.708366394042969
2026-05-03T14:57:22.529Z,0.0028594697337197173,0.002458740134969208,undefined,14.533233642578125,15.708366394042969
2026-05-03T14:57:23.757Z,0.001259599301701872,0.0007929076149498773,undefined,14.637260437011719,15.708366394042969
2026-05-03T14:57:25.070Z,0.012301249676440135,0.013192877712019954,undefined,14.624759674072266,15.708366394042969
2026-05-03T14:57:26.144Z,0.012529191195754198,0.002237596275949647,undefined,14.62131118774414,15.708366394042969
2026-05-03T14:57:26.257Z,0.0004103017407794332,0,undefined,14.585838317871094,15.708366394042969
2026-05-03T14:57:27.528Z,0.0011893067017620515,0.0005317649777624165,undefined,14.587982177734375,15.708366394042969
2026-05-03T14:57:28.819Z,0.0015721176609848485,0.0015497207641601562,undefined,14.57425308227539,15.708366394042969
2026-05-03T14:57:30.065Z,0.0009567042586347052,0.0008355065694965003,undefined,14.564743041992188,15.708366394042969
2026-05-03T14:57:31.362Z,0.0752236775843701,0.005162995437095905,undefined,14.584785461425781,15.708366394042969
2026-05-03T14:57:32.630Z,0.00212667103706136,0.004473420762524162,undefined,14.56430435180664,15.708366394042969
2026-05-03T14:57:33.923Z,0.0007699049065626215,0.0007402646791684879,undefined,14.562763214111328,15.708366394042969
2026-05-03T14:57:35.172Z,0.0005190012156005074,0.0008463476248492765,undefined,14.596729278564453,15.708366394042969
2026-05-03T14:57:36.479Z,0.0009182459301258055,0.0006030055950589936,undefined,14.67855453491211,15.708366394042969
2026-05-03T14:57:37.779Z,0.008230310344840322,0.0029497536155712223,undefined,14.705368041992188,15.708366394042969
2026-05-03T14:57:38.208Z,0.0006868431605205634,0.0006917844782221502,undefined,14.71950912475586,15.708366394042969
2026-05-03T14:57:39.063Z,0.0017059448102837828,0.0007446498087007705,undefined,14.627937316894531,15.708366394042969
2026-05-03T14:57:40.398Z,0.0005315086926668091,0.00033454634334068907,undefined,14.616035461425781,15.708366394042969
2026-05-03T14:57:41.732Z,0.0007166299077894228,0.0004665308795676108,undefined,14.486087799072266,15.708366394042969
2026-05-03T14:57:42.922Z,0.01057042371506659,0.019172694059026323,undefined,14.347591400146484,15.708366394042969
2026-05-03T14:57:44.150Z,0.014408553538012915,0.014249477214076623,undefined,14.113521575927734,15.708366394042969
2026-05-03T14:57:45.420Z,0.0027000230040419276,0.000497636194182906,undefined,14.00323486328125,15.708366394042969
2026-05-03T14:57:46.685Z,0.0005328039608091256,0.0005611604741294992,undefined,13.99911117553711,15.708366394042969
2026-05-03T14:57:47.920Z,0.00041305639181926754,0.0003910368415200786,undefined,13.933910369873047,15.708366394042969
2026-05-03T14:57:49.185Z,0.004895169537073176,0.008999580918157609,undefined,13.940032958984375,15.708366394042969
2026-05-03T14:57:50.434Z,0.00040060300438381663,0.00018610102255889988,undefined,13.912639617919922,15.708366394042969
2026-05-03T14:57:51.694Z,0.014205726253294054,0.011966829747554322,undefined,13.875694274902344,15.708366394042969
2026-05-03T14:57:52.929Z,0.007289886474609375,0.006494903564453125,undefined,13.87472915649414,15.708366394042969
2026-05-03T14:57:54.184Z,0.0006265239036584749,0.0005779142904435932,undefined,13.867717742919922,15.708366394042969
2026-05-03T14:57:55.415Z,0.0007939644348927033,0.00431369512509077,undefined,13.860076904296875,15.708366394042969
2026-05-03T14:57:56.683Z,0.0011042129894918648,0.0006045191741186726,undefined,13.85305404663086,15.708366394042969
2026-05-03T14:57:57.937Z,0.0015613784549364156,0.006208660474711036,undefined,13.8621826171875,15.708366394042969
2026-05-03T14:57:59.153Z,0.0008215570146111167,0.000570230423265202,undefined,13.855644226074219,15.708366394042969
2026-05-03T14:58:00.411Z,0.000657080815191403,0.0002098241258594396,undefined,13.871822357177734,15.708366394042969
2026-05-03T14:58:01.662Z,0.001815849458929529,0.0034501883615383677,undefined,13.879142761230469,15.708366394042969
2026-05-03T14:58:02.968Z,0.0010843770912443975,0.0004680983098854582,undefined,13.870155334472656,15.708366394042969
2026-05-03T14:58:04.155Z,0.002044014568523028,0.007818337054390785,undefined,13.899280548095703,15.708366394042969
2026-05-03T14:58:05.383Z,0.0057083413647275195,0.009137699388389554,undefined,13.892875671386719,15.708366394042969
2026-05-03T14:58:06.621Z,0.005128393211517947,0.004855695977268449,undefined,13.907726287841797,15.708366394042969
2026-05-03T14:58:07.883Z,0.0023557293799615674,0.0011090309389175908,undefined,13.906494140625,15.708366394042969
2026-05-03T14:58:09.157Z,0.00022885182258371856,0.00017332711808799666,undefined,13.904613494873047,15.708366394042969
2026-05-03T14:58:10.472Z,0.0004606980543870192,0.0004680340106670673,undefined,13.912307739257812,15.708366394042969
2026-05-03T14:58:11.679Z,0.0020321711291338288,0.008659180125900964,undefined,13.92618179321289,15.708366394042969
2026-05-03T14:58:12.944Z,0.005741043394780255,0.006579972833276271,undefined,13.926025390625,15.708366394042969
2026-05-03T14:58:14.179Z,0.0012842915934309948,0.0011346357359324959,undefined,13.9349365234375,15.708366394042969
2026-05-03T14:58:15.434Z,0.000737139568236715,0.0004507301318280747,undefined,13.949893951416016,15.708366394042969
2026-05-03T14:58:18.182Z,0.006198883056640625,0.012045839939861283,undefined,13.934089660644531,15.708366394042969
2026-05-03T14:58:19.480Z,0.0032829113552391483,0.003313151608118233,undefined,13.93380355834961,15.708366394042969
2026-05-03T14:59:18.299Z,0.017790633334807994,0.005151326812919547,undefined,14.353485107421875,15.708366394042969
2026-05-03T14:59:19.622Z,0.0008480214757772377,0.004521381828772698,undefined,14.396331787109375,15.708366394042969
2026-05-03T15:00:18.437Z,0.07436632785225435,0.1080659981969267,undefined,13.720527648925781,15.708366394042969
2026-05-03T15:00:19.879Z,0.14764435437260842,0.28715462520204743,undefined,13.741195678710938,15.708366394042969
2026-05-03T15:01:18.203Z,0.13299726759244052,0.031000976813209208,undefined,13.7523193359375,15.708366394042969
2026-05-03T15:01:19.388Z,0.13542407896460557,0.010322167621395453,undefined,13.78525161743164,15.708366394042969
2026-05-03T15:02:18.204Z,0.22526955316617875,0.07023838106153124,undefined,13.800174713134766,15.708366394042969
2026-05-03T15:02:19.462Z,0.25869793865478713,0.28829204592549984,undefined,13.763042449951172,15.708366394042969
2026-05-03T15:03:18.377Z,0.2842353606121971,0.2871749921746981,undefined,13.691898345947266,15.708366394042969
2026-05-03T15:03:19.727Z,0.2670014605802648,0.30181828667135796,undefined,13.761554718017578,15.708366394042969
2026-05-03T15:04:18.326Z,0.28289199671010434,0.2878923448856308,undefined,13.758842468261719,15.708366394042969
2026-05-03T15:04:19.724Z,0.31707256655149824,0.2921019928364814,undefined,13.770431518554688,15.708366394042969
2026-05-03T15:05:18.375Z,0.28098220211864344,0.26933073673985003,undefined,13.427932739257812,15.708366394042969
2026-05-03T15:05:19.761Z,0.3030988461801697,0.28182605652962106,undefined,13.461189270019531,15.708366394042969
2026-05-03T15:06:19.386Z,0.27738442918021006,0.279711344838344,undefined,13.536994934082031,15.708366394042969
2026-05-03T15:06:21.819Z,0.2689585421356485,0.29221723456944304,undefined,13.550411224365234,15.708366394042969
2026-05-03T15:07:18.381Z,0.2816688533446807,0.28725639834266997,undefined,13.61069107055664,15.708366394042969
2026-05-03T15:07:19.729Z,0.2663698938463195,0.29269350365190755,undefined,13.630672454833984,15.708366394042969
2026-05-03T15:08:18.331Z,0.28089699629893183,0.2839274459190666,undefined,13.496562957763672,15.708366394042969
2026-05-03T15:08:19.672Z,0.26104155170120524,0.14154873735365456,undefined,13.474273681640625,15.708366394042969
2026-05-03T15:09:18.329Z,0.036495605747872605,0.02575988194101258,undefined,13.740650177001953,15.708366394042969
2026-05-03T15:09:19.713Z,0.01585997456796599,0.015341687960675242,undefined,13.749565124511719,15.708366394042969
2026-05-03T15:10:18.421Z,0.0027243770770172576,0.005533214316947628,undefined,13.134876251220703,15.708366394042969
2026-05-03T15:10:19.768Z,0.05551864930679628,0.011896806215959047,undefined,13.14846420288086,15.708366394042969
2026-05-03T15:11:20.165Z,0.003721183669513176,0.004410010792469715,undefined,13.25455093383789,15.708366394042969
2026-05-03T15:11:21.541Z,0.008753464046844656,0.008917124257922847,undefined,13.155464172363281,15.708366394042969
2026-05-03T15:39:53.116Z,0.02201750458623059,0.003023276359801303,undefined,14.78326416015625,15.708366394042969
2026-05-03T15:39:54.430Z,0.0019600676949526044,0.007000821098041061,undefined,14.721843719482422,15.708366394042969
2026-05-03T15:39:55.666Z,0.00423409364404458,0.005744077978354477,undefined,14.727752685546875,15.708366394042969
2026-05-03T15:39:57.009Z,0.0033089608857125945,0.006300030332623106,undefined,14.72536849975586,15.708366394042969
2026-05-03T15:39:58.319Z,0.005565038541468178,0.0021668469033590174,undefined,14.823345184326172,15.708366394042969
2026-05-03T15:39:59.684Z,0.0033276421683175227,0.0033426284790039062,undefined,14.827651977539062,15.708366394042969
2026-05-03T15:40:01.042Z,0.007701008736422514,0.006064517790500116,undefined,14.898643493652344,15.708366394042969
2026-05-03T15:40:02.539Z,0.0010204244174801052,0.0016659120970134494,undefined,14.881271362304688,15.708366394042969
2026-05-03T15:40:03.937Z,0.004484151539049651,0.005121607529489617,undefined,14.860584259033203,15.708366394042969
2026-05-03T15:40:05.285Z,0.002387760282456428,0.002026736646935321,undefined,14.850784301757812,15.708366394042969
2026-05-03T15:40:06.663Z,0.006929620519860999,0.005636036310017023,undefined,14.846290588378906,15.708366394042969
2026-05-03T15:40:07.977Z,0.0009934679209757196,0.0005694602033217177,undefined,14.83889389038086,15.708366394042969
2026-05-03T15:40:09.368Z,0.001182725820124282,0.0012866473357000556,undefined,14.854019165039062,15.708366394042969
2026-05-03T15:40:10.701Z,0.0006854762519456418,0.00046331763724257667,undefined,14.817680358886719,15.708366394042969
2026-05-03T15:40:11.996Z,0.004300100360801834,0.0034863363482994948,undefined,14.777999877929688,15.708366394042969
2026-05-03T15:40:13.340Z,0.0013585626726319803,0.0042788375764203496,undefined,14.772895812988281,15.708366394042969
2026-05-03T15:40:14.715Z,0.0010144547735975436,0.00045151196770675266,undefined,14.755855560302734,15.708366394042969
2026-05-03T15:40:16.032Z,0.001044767381162174,0.0006817965539039539,undefined,14.743858337402344,15.708366394042969
2026-05-03T15:40:17.473Z,0.0007113638797324121,0.0005509516632751508,undefined,14.730525970458984,15.708366394042969
2026-05-03T15:40:18.826Z,0.004872434698769151,0.005858183263485028,undefined,14.751380920410156,15.708366394042969
2026-05-03T15:40:20.177Z,0.0006906392341916741,0.0006630962936456453,undefined,14.667762756347656,15.708366394042969
2026-05-03T15:40:21.476Z,0.002263714073285032,0.0035189283777834245,undefined,14.69925308227539,15.708366394042969
2026-05-03T15:40:22.812Z,0.011585133285814776,0.020879255857504192,undefined,14.721263885498047,15.708366394042969
2026-05-03T15:40:24.114Z,0.007017313013802484,0.007759141152313726,undefined,14.78903579711914,15.708366394042969
2026-05-03T15:40:25.449Z,0.0011305655202557964,0.00014193246791090083,undefined,14.787750244140625,15.708366394042969
2026-05-03T15:40:26.769Z,0.00168682934643628,0.005480047460790869,undefined,14.805500030517578,15.708366394042969
2026-05-03T15:40:28.082Z,0.0034267117518075505,0.0039346469855456616,undefined,14.829856872558594,15.708366394042969
2026-05-03T15:40:29.400Z,0.0033455099014037433,0.006653135108802044,undefined,14.842575073242188,15.708366394042969
2026-05-03T15:40:30.827Z,0.0007033177540878711,0.005121053714779484,undefined,14.922592163085938,15.708366394042969
2026-05-03T15:40:32.095Z,0.0010442309280531343,0.0006006450256890995,undefined,14.892219543457031,15.708366394042969
2026-05-03T15:40:33.398Z,0.001259329556856957,0.0011387156016791045,undefined,14.876514434814453,15.708366394042969
2026-05-03T15:40:34.853Z,0.014545177591258082,0.0031760643268453665,undefined,14.943450927734375,15.708366394042969
2026-05-03T15:40:36.162Z,0.22362863145223477,0.03309148113902022,undefined,14.93807601928711,15.708366394042969
2026-05-03T15:40:37.802Z,0.009937272565594452,0.0061163601885663695,undefined,14.970890045166016,15.708366394042969
2026-05-03T15:40:39.213Z,0.001036809063789111,0.0008004688533721201,undefined,14.85892105102539,15.708366394042969
2026-05-03T15:40:40.517Z,0.05023572306524385,0.015250380471907146,undefined,14.852153778076172,15.708366394042969
2026-05-03T15:40:41.898Z,0.1334497960221258,0.021957683984590734,undefined,14.847122192382812,15.708366394042969
2026-05-03T15:40:43.156Z,0.00568324997580263,0.007394502854206153,undefined,14.83544921875,15.708366394042969
2026-05-03T15:40:44.427Z,0.0031276074503106804,0.0009338391600750052,undefined,14.880718231201172,15.708366394042969
2026-05-03T15:40:45.740Z,0.004465699656129344,0.007007849262487935,undefined,14.817977905273438,15.708366394042969
2026-05-03T15:40:47.034Z,0.001351748194013323,0.0056645699909755156,undefined,14.779842376708984,15.708366394042969
2026-05-03T15:40:48.380Z,0.0019519475875937745,0.006075120957122589,undefined,14.771373748779297,15.708366394042969
2026-05-03T15:40:49.757Z,0.005269050598144531,0.007581710815429688,undefined,14.738975524902344,15.708366394042969
2026-05-03T15:40:51.048Z,0.011426192504149656,0.006677152158261777,undefined,14.75759506225586,15.708366394042969
2026-05-03T15:40:52.461Z,0.0002922667296667063,0.00029661809536894013,undefined,14.73531723022461,15.708366394042969
2026-05-03T15:40:53.775Z,0.0005876245241658321,0.0015155989500352787,undefined,14.747901916503906,15.708366394042969
2026-05-03T15:40:55.133Z,0.003135034399469008,0.005875148901971587,undefined,14.767829895019531,15.708366394042969
2026-05-03T15:40:56.443Z,0.0008405507863820851,0.0003894886097034534,undefined,14.770675659179688,15.708366394042969
2026-05-03T15:40:57.869Z,0.004555105631631338,0.008270609431954052,undefined,14.784584045410156,15.708366394042969
2026-05-03T15:40:59.211Z,0.007450917346329339,0.0007745236326745675,undefined,14.803413391113281,15.708366394042969
2026-05-03T15:41:00.510Z,0.0008880776703042328,0.00041808851361725246,undefined,14.795989990234375,15.708366394042969
2026-05-03T15:41:01.842Z,0.0019536224434645094,0.006348911427113936,undefined,14.822769165039062,15.708366394042969
2026-05-03T15:41:03.294Z,0.002620250449025917,0.00253214654532407,undefined,14.813919067382812,15.708366394042969
2026-05-03T15:41:04.726Z,0.007407887422988743,0.01232547786537563,undefined,14.81744384765625,15.708366394042969
2026-05-03T15:41:05.999Z,0.00133514404296875,0.005678697065873579,undefined,14.800949096679688,15.708366394042969
2026-05-03T15:41:07.354Z,0.0038014517890082463,0.0087754768237733,undefined,14.783531188964844,15.708366394042969
2026-05-03T15:41:08.108Z,0.00286228442318225,0.0018417519867104828,undefined,14.78997802734375,15.708366394042969
2026-05-03T15:41:08.596Z,0.009671812917029909,0.012764091655420131,undefined,14.829490661621094,15.708366394042969
2026-05-03T15:41:09.979Z,0.004038035151470138,0.002988849777773202,undefined,14.780342102050781,15.708366394042969
2026-05-03T15:41:11.279Z,0.0008757230283936625,0.0005112480871456185,undefined,14.784282684326172,15.708366394042969
2026-05-03T15:41:12.086Z,0.002450316491788321,0.002168390872704722,undefined,14.809627532958984,15.708366394042969
2026-05-03T15:41:12.502Z,0.00015618487563973324,0.0005703114398359956,undefined,14.83444595336914,15.708366394042969
2026-05-03T15:41:13.889Z,0.0006656518718540269,0.00023539612135008855,undefined,14.789649963378906,15.708366394042969
2026-05-03T15:41:15.273Z,0.002065499055547489,0.0007771184565426197,undefined,14.79620361328125,15.708366394042969
2026-05-03T15:41:16.105Z,0.00038598543358494224,0.00014729806239871055,undefined,14.824966430664062,15.708366394042969
2026-05-03T15:41:16.479Z,0.006694110628658747,0.0051125350405690426,undefined,14.838302612304688,15.708366394042969
2026-05-03T15:41:17.877Z,0.01913318087432539,0.024024537605757446,undefined,14.804489135742188,15.708366394042969
2026-05-03T15:41:19.211Z,0.007970894084257238,0.005714332356172449,undefined,14.780647277832031,15.708366394042969
2026-05-03T15:42:18.413Z,0.006443594160925678,0.004480568168834274,undefined,14.528045654296875,15.708366394042969
2026-05-03T15:43:18.374Z,0.007101244104533549,0.004031102285493787,undefined,13.915416717529297,15.708366394042969
2026-05-03T15:44:18.406Z,0.003201326009705395,0.0031815080806579226,undefined,13.983222961425781,15.708366394042969
2026-05-03T15:45:18.338Z,0.007053778506318198,0.004754576273163054,undefined,13.922943115234375,15.708366394042969
2026-05-03T15:46:18.296Z,0.0077095125209269205,0.004653424521842001,undefined,14.068904876708984,15.708366394042969
2026-05-03T15:47:18.284Z,0.008334826321032468,0.0038663813278624944,undefined,14.061534881591797,15.708366394042969
2026-05-03T15:48:18.358Z,0.004630817518955349,0.0034600051955039255,undefined,13.67679214477539,15.708366394042969
2026-05-03T15:49:18.315Z,0.00492909909710569,0.0033582712132162436,undefined,13.872844696044922,15.708366394042969
2026-05-03T15:50:18.278Z,0.005934505579415788,0.003824290166233754,undefined,13.74923324584961,15.708366394042969
2026-05-03T15:51:18.307Z,0.006879997310598401,0.00411035186949539,undefined,13.86690902709961,15.708366394042969
2026-05-03T15:52:18.464Z,0.005129910519215175,0.0035753628661171575,undefined,13.886119842529297,15.708366394042969
2026-05-03T15:53:18.310Z,0.011980044025809617,0.0046552680370604655,undefined,13.73830795288086,15.708366394042969
2026-05-03T15:54:18.420Z,0.00912473093710157,0.006024387406857021,undefined,13.823036193847656,15.708366394042969
2026-05-03T15:55:20.023Z,0.0074314101905882755,0.005198469095647164,undefined,13.713645935058594,15.708366394042969
2026-05-03T15:56:18.960Z,0.0771974569035625,0.012809132824148627,undefined,14.43906021118164,15.708366394042969
2026-05-03T16:48:21.027Z,0.23800973603233028,0.07971558534833006,undefined,12.329418182373047,15.708366394042969
2026-05-03T16:48:22.424Z,0.010395305383317123,0.014497253949064487,undefined,12.218204498291016,15.708366394042969
2026-05-03T16:48:23.692Z,0.0007210880672604708,0.00016542608601857858,undefined,11.894157409667969,15.708366394042969
2026-05-03T16:48:25.032Z,0.00038439286622964563,0.00012057951126975575,undefined,11.963932037353516,15.708366394042969
2026-05-03T16:48:26.369Z,0.0007964509190420617,0.0004133572888448142,undefined,11.92950439453125,15.708366394042969
2026-05-03T16:48:27.772Z,0.014139168529303926,0.008200221974066448,undefined,11.942970275878906,15.708366394042969
2026-05-03T16:48:29.209Z,0.0009954220292995469,0.00033006785506262826,undefined,11.910881042480469,15.708366394042969
2026-05-03T16:48:30.533Z,0.0012349038228501369,0.0007580666646470119,undefined,11.89645004272461,15.708366394042969
2026-05-03T16:48:31.912Z,0.006642759120958741,0.0025760926043016754,undefined,11.911914825439453,15.708366394042969
2026-05-03T16:48:33.333Z,0.0064017067492847714,0.002290833164268816,undefined,11.9130859375,15.708366394042969
2026-05-03T16:48:34.712Z,0.0007350534475636533,0.004631648933405229,undefined,11.94857406616211,15.708366394042969
2026-05-03T16:48:36.086Z,0.0013020142561371963,0.0004812680967711312,undefined,11.95949935913086,15.708366394042969
2026-05-03T16:48:37.474Z,0.0010361505109210349,0.005369269570638968,undefined,11.979698181152344,15.708366394042969
2026-05-03T16:48:38.852Z,0.0009647796941809952,0.000714214608138305,undefined,11.998294830322266,15.708366394042969
2026-05-03T16:48:40.197Z,0.0010237570111277469,0.004863189345477981,undefined,12.02590560913086,15.708366394042969
2026-05-03T16:48:41.579Z,0.003143304887086772,0.0012960915041960311,undefined,12.065448760986328,15.708366394042969
2026-05-03T16:48:43.011Z,0.006484709523849873,0.0024845181214835275,undefined,12.158695220947266,15.708366394042969
2026-05-03T16:48:44.352Z,0.006414545090012963,0.0025326284893108708,undefined,12.251052856445312,15.708366394042969
2026-05-03T16:48:45.803Z,0.01003935530379012,0.015087181948665875,undefined,12.333011627197266,15.708366394042969
2026-05-03T16:48:47.142Z,1.589373193870445,0.08085940746550864,undefined,12.413383483886719,15.708366394042969
2026-05-03T16:48:48.502Z,2.6648787923552977,0.12651638768102869,undefined,12.394126892089844,15.708366394042969
2026-05-03T16:48:49.845Z,1.8284706741637506,0.09214622570863937,undefined,12.464485168457031,15.708366394042969
2026-05-03T16:48:51.236Z,1.9897056510183175,0.09386984929911651,undefined,12.677474975585938,15.708366394042969
2026-05-03T16:48:52.601Z,3.1984701315435884,0.15566294198939953,undefined,12.633796691894531,15.708366394042969
2026-05-03T16:48:53.900Z,2.983862733187741,0.1455770779962409,undefined,12.881210327148438,15.708366394042969
2026-05-03T16:48:55.145Z,0.00792999135809653,0.004075763550858836,undefined,12.575862884521484,15.708366394042969
2026-05-03T16:48:56.516Z,0.00032723431723858835,0.00022352836659338262,undefined,12.703392028808594,15.708366394042969
2026-05-03T16:48:57.901Z,0.0007461352520678416,0.0011906566390072007,undefined,12.710208892822266,15.708366394042969
2026-05-03T16:48:59.287Z,0.0037115061974424286,0.0036953193632177114,undefined,12.786956787109375,15.708366394042969
2026-05-03T16:49:00.722Z,0.0016086775323619013,0.000908970832824707,undefined,12.716114044189453,15.708366394042969
2026-05-03T16:49:02.066Z,0.0015131818524397633,0.0010234383483306282,undefined,12.638225555419922,15.708366394042969
2026-05-03T16:49:03.452Z,0.0009806847000953158,0.0004785685930549882,undefined,12.658073425292969,15.708366394042969
2026-05-03T16:49:04.804Z,0.006949937379395997,0.006924878369580518,undefined,12.633941650390625,15.708366394042969
2026-05-03T16:49:06.162Z,0.006642257958127741,0.0026909231442457052,undefined,12.573116302490234,15.708366394042969
2026-05-03T16:49:07.548Z,0.0004188387565862846,0.0003056203198971231,undefined,12.594352722167969,15.708366394042969
2026-05-03T16:49:08.902Z,0.0001821546076321672,0.0002250558858775811,undefined,12.576416015625,15.708366394042969
2026-05-03T16:49:10.280Z,0.0037977520929809655,0.0038228309484941362,undefined,12.57257080078125,15.708366394042969
2026-05-03T16:49:11.676Z,0.009356206552141665,0.005740650816459877,undefined,12.597694396972656,15.708366394042969
2026-05-03T16:49:12.988Z,0.002251047646691839,0.0021048851186842043,undefined,12.596847534179688,15.708366394042969
2026-05-03T16:49:14.374Z,0.010815388906771993,0.008984504138972022,undefined,12.624591827392578,15.708366394042969
2026-05-03T16:49:15.721Z,0.007705911070130151,0.006182536341516229,undefined,12.592147827148438,15.708366394042969
2026-05-03T16:49:17.153Z,0.012379161195258875,0.011982945348486047,undefined,12.62723159790039,15.708366394042969
2026-05-03T16:49:18.512Z,0.02223922151425125,0.01536854000241523,undefined,12.655017852783203,15.708366394042969
2026-05-03T16:49:19.964Z,0.00468284634084464,0.009200072373359652,undefined,12.745315551757812,15.708366394042969
2026-05-03T16:49:21.373Z,0.007984172107465827,0.17652699380651976,undefined,12.86630630493164,15.708366394042969
2026-05-03T16:49:22.791Z,0.019563755518953566,0.003441958360269036,undefined,12.906806945800781,15.708366394042969
2026-05-03T16:49:24.175Z,0.0010093732437177262,0.0005569892731147614,undefined,12.918807983398438,15.708366394042969
2026-05-03T16:49:25.615Z,0.0009369783374775692,0.00028383164178757443,undefined,12.91268539428711,15.708366394042969
2026-05-03T16:49:27.066Z,0.006469768539911451,0.0024720759962415105,undefined,12.876602172851562,15.708366394042969
2026-05-03T16:49:28.500Z,0.0064926040531792,0.0022956350924004686,undefined,12.88589096069336,15.708366394042969
2026-05-03T16:49:29.848Z,0.0003029723460063177,0.0001501090259758574,undefined,12.893848419189453,15.708366394042969
2026-05-03T16:49:31.297Z,0.0012175966082481453,0.00816908600085188,undefined,12.951263427734375,15.708366394042969
2026-05-03T16:49:32.919Z,0.00209808349609375,0.01236888512451942,undefined,12.958614349365234,15.708366394042969
2026-05-03T16:49:37.132Z,0.0034846575900208433,0.0034187854736965565,undefined,12.967601776123047,15.708366394042969
2026-05-03T16:49:39.414Z,0.008728988501125558,0.004453251646618897,undefined,13.001689910888672,15.708366394042969
2026-05-03T16:49:41.735Z,0.0016518711434515413,0.0006916981945655213,undefined,13.072769165039062,15.708366394042969
2026-05-03T16:49:44.231Z,0.003473734118274807,0.01821576934499839,undefined,13.158260345458984,15.708366394042969
2026-05-03T16:49:46.707Z,0.009316781569935281,0.016532511303925267,undefined,13.289127349853516,15.708366394042969
2026-05-03T16:49:48.965Z,0.005372742262125329,0.002107130208976655,undefined,13.288219451904297,15.708366394042969
2026-05-03T16:49:51.307Z,0.021249349167268398,0.013111491564455631,undefined,13.383514404296875,15.708366394042969
2026-05-03T16:49:53.535Z,0.2709498508371037,0.03237475594170659,undefined,13.471202850341797,15.708366394042969
2026-05-03T16:49:55.718Z,0.0029718647681264954,0.010236133307680393,undefined,13.493289947509766,15.708366394042969
2026-05-03T16:49:58.117Z,0.000997665218009416,0.001489233274455803,undefined,13.495086669921875,15.708366394042969
2026-05-03T16:50:00.743Z,0.00711099067748977,0.0036731163811946853,undefined,13.515533447265625,15.708366394042969
2026-05-03T16:50:18.354Z,0.003025839514766179,0.0027642216242796985,undefined,13.481182098388672,15.708366394042969
2026-05-03T16:51:18.351Z,0.0071074641526483635,0.003788720772717837,undefined,13.559650421142578,15.708366394042969
2026-05-03T16:52:18.376Z,0.003936364847151393,0.003448725501268682,undefined,13.349601745605469,15.708366394042969
2026-05-03T16:53:18.473Z,0.052932465627058556,0.02841134223631837,undefined,13.326675415039062,15.708366394042969
2026-05-03T16:54:18.346Z,2.2798082325040196,0.07967765315709843,undefined,14.275737762451172,15.708366394042969
2026-05-03T16:55:57.112Z,1.2965122017249464,0.04788091057845112,undefined,14.537887573242188,15.708366394042969
2026-05-03T16:55:57.303Z,0,0,undefined,14.523063659667969,15.708366394042969
2026-05-03T16:55:58.477Z,0.0018159398492777123,0.004965584233122052,undefined,14.550891876220703,15.708366394042969
2026-05-03T16:55:59.917Z,0.014281340813704706,0.004697049784864116,undefined,14.53348159790039,15.708366394042969
2026-05-03T16:56:01.194Z,0.0009180362627288864,0.0005181773004688668,undefined,14.49560546875,15.708366394042969
2026-05-03T16:56:02.451Z,0.000745573825994051,0.0005833989610521304,undefined,14.606758117675781,15.708366394042969
2026-05-03T16:56:03.735Z,0.007861809068148354,0.0030856903348871595,undefined,14.567367553710938,15.708366394042969
2026-05-03T16:56:05.165Z,0.006776182520559984,0.0027002832600727758,undefined,14.600486755371094,15.708366394042969
2026-05-03T16:56:06.451Z,0.001149209316883327,0.0003084794050847752,undefined,14.581501007080078,15.708366394042969
2026-05-03T16:56:07.811Z,0.0005257710088951311,0.0003028898203417603,undefined,14.56332778930664,15.708366394042969
2026-05-03T16:56:09.170Z,0.0013793956996105714,0.0007053976949834897,undefined,14.514114379882812,15.708366394042969
2026-05-03T16:56:10.413Z,0.0017759058805887173,0.004931246296743329,undefined,14.597457885742188,15.708366394042969
2026-05-03T16:56:11.782Z,0.001605257436146722,0.00034666202896072886,undefined,14.613243103027344,15.708366394042969
2026-05-03T16:56:13.259Z,0.0005960464477539062,0.0003504465861492846,undefined,14.626277923583984,15.708366394042969
2026-05-03T16:56:14.635Z,0.006458076698651453,0.0030371163395925185,undefined,14.665061950683594,15.708366394042969
2026-05-03T16:56:16.038Z,0.005824462805499259,0.0026502037314357785,undefined,14.655059814453125,15.708366394042969
2026-05-03T16:56:17.398Z,0,0.007471506100448079,undefined,14.69803237915039,15.708366394042969
2026-05-03T16:56:18.847Z,0.00450252154248079,0.014905158349513068,undefined,14.728595733642578,15.708366394042969
2026-05-03T16:56:20.206Z,0.0018732126393840884,0.008407410714805882,undefined,14.818462371826172,15.708366394042969
2026-05-03T16:56:21.477Z,0.0023526896346366165,0.0033334652949038738,undefined,14.860225677490234,15.708366394042969
2026-05-03T16:56:22.860Z,0.0016194996816334707,0.0024655799725990155,undefined,14.895149230957031,15.708366394042969
2026-05-03T16:56:24.130Z,0.0007582190234072893,0.00368341031410117,undefined,14.855052947998047,15.708366394042969
2026-05-03T16:56:25.418Z,0.007556944854499758,0.005880991617838541,undefined,14.741783142089844,15.708366394042969
2026-05-03T16:56:26.693Z,0.008642532360676056,0.00837833371422097,undefined,14.736640930175781,15.708366394042969
2026-05-03T16:56:28.020Z,0.00102996826171875,0.0054821601280799276,undefined,14.698402404785156,15.708366394042969
2026-05-03T16:56:29.409Z,0.0009406102846746575,0.0018340448992074532,undefined,14.693939208984375,15.708366394042969
2026-05-03T16:56:30.929Z,0.004634498342246292,0.009403559992523857,undefined,14.715362548828125,15.708366394042969
2026-05-03T16:56:32.453Z,0.0028523162451736532,0.009786915793624942,undefined,14.806636810302734,15.708366394042969
2026-05-03T16:56:32.484Z,0.0015570192920918368,0.00197222443664966,undefined,14.805156707763672,15.708366394042969
2026-05-03T16:56:33.552Z,0,0,undefined,14.853321075439453,15.708366394042969
2026-05-03T16:56:33.880Z,0,0,undefined,14.836235046386719,15.708366394042969
2026-05-03T16:56:33.902Z,0.03445046579735911,0.06598692673903245,undefined,14.836799621582031,15.708366394042969
2026-05-03T16:56:34.396Z,0.015139579772949219,0.011046248746205524,undefined,14.821063995361328,15.708366394042969
2026-05-03T16:56:35.000Z,0.026390258339448087,0.031204293885064165,undefined,14.790821075439453,15.708366394042969
2026-05-03T16:56:35.311Z,0.04024062045784884,0.04810954249182413,undefined,14.796512603759766,15.708366394042969
2026-05-03T16:56:36.168Z,0.07009398587401242,0.07694838547545146,undefined,14.90423583984375,15.708366394042969
2026-05-03T16:56:37.134Z,0,0,undefined,15.087600708007812,15.708366394042969
2026-05-03T16:56:37.137Z,0.007241200178097456,0.013658633598914513,undefined,15.08828353881836,15.708366394042969
2026-05-03T16:56:37.787Z,0.010739901900794437,0.010787183222388417,undefined,15.131431579589844,15.708366394042969
2026-05-03T16:56:38.226Z,0.03512192709732993,0.05634645279268082,undefined,15.184825897216797,15.708366394042969
2026-05-03T16:56:38.456Z,0.02648021681193213,0.03587832009739813,undefined,15.211280822753906,15.708366394042969
2026-05-03T16:56:38.887Z,0.021683308350178468,0.024922244198672422,undefined,15.02670669555664,15.708366394042969
2026-05-03T16:56:39.472Z,0.035544939054626724,0.02907694987900018,undefined,15.03653335571289,15.708366394042969
2026-05-03T16:56:40.089Z,0.057790317099626544,0.07022160427851083,undefined,15.063758850097656,15.708366394042969
2026-05-03T16:56:40.214Z,0.005447639609282871,0.006243867694206958,undefined,15.049427032470703,15.708366394042969
2026-05-03T16:56:41.095Z,0.07816763485179228,0.036507650138505925,undefined,15.085670471191406,15.708366394042969
2026-05-03T16:56:41.251Z,0.024634671498493976,0.009758884169490462,undefined,15.113128662109375,15.708366394042969
2026-05-03T16:56:41.699Z,0.03318279837640587,0.1746467922044837,undefined,15.082576751708984,15.708366394042969
2026-05-03T16:56:42.457Z,0.05256731283388898,0.020389998173652394,undefined,15.047866821289062,15.708366394042969
2026-05-03T16:56:43.101Z,0.008869815517116238,0.21813044676909576,undefined,14.993358612060547,15.708366394042969
2026-05-03T16:56:43.678Z,0.03361402067748256,0.027043264616960248,undefined,14.969039916992188,15.708366394042969
2026-05-03T16:56:44.106Z,0.1677219484417575,0.23507422257509153,undefined,15.045269012451172,15.708366394042969
2026-05-03T16:56:44.209Z,0.06146283493828528,0.13392733544418492,undefined,15.002742767333984,15.708366394042969
2026-05-03T16:56:44.464Z,0.10021325900469939,0.02115995145691228,undefined,15.01346206665039,15.708366394042969
2026-05-03T16:56:45.409Z,0.6036758422851562,0.18595168965883108,undefined,15.052848815917969,15.708366394042969
2026-05-03T16:56:45.891Z,0.06532931546552465,0.032519419258887614,undefined,15.050983428955078,15.708366394042969
2026-05-03T16:56:46.466Z,0.02515031209171022,0.07220909457157904,undefined,15.034225463867188,15.708366394042969
2026-05-03T16:56:46.996Z,0.06967825855282571,0.09268307857376208,undefined,15.038341522216797,15.708366394042969
2026-05-03T16:56:47.152Z,0.0509434500656559,0.01149797170175671,undefined,14.980602264404297,15.708366394042969
2026-05-03T16:56:48.130Z,0.01616183622383777,0.039612805401837384,undefined,14.942893981933594,15.708366394042969
2026-05-03T16:56:48.546Z,0.034909339467431334,0.017739152199650013,undefined,15.021564483642578,15.708366394042969
2026-05-03T16:56:49.166Z,0.01755098054646679,0.015409046430679764,undefined,14.941410064697266,15.708366394042969
2026-05-03T16:56:49.372Z,0.024322736061225505,0.09724649332337461,undefined,14.899131774902344,15.708366394042969
2026-05-03T16:56:49.891Z,0.014020628848318327,0.004000582937466897,undefined,14.922531127929688,15.708366394042969
2026-05-03T16:56:50.232Z,0.00042385525173611107,0.012074146900807057,undefined,14.9759521484375,15.708366394042969
2026-05-03T16:56:51.104Z,0.017295897873106217,0.013743240578171442,undefined,15.01727294921875,15.708366394042969
2026-05-03T16:56:51.139Z,0.0752730247301933,0.04627765753330328,undefined,15.002204895019531,15.708366394042969
2026-05-03T16:56:52.099Z,0.010366577419403788,0.019321166450254924,undefined,15.079498291015625,15.708366394042969
2026-05-03T16:56:52.226Z,0,0,undefined,15.079113006591797,15.708366394042969
2026-05-03T16:56:52.627Z,0,0.00034368692548292066,undefined,15.081928253173828,15.708366394042969
2026-05-03T16:56:53.393Z,0.005889453476281475,0.02010263127388714,undefined,14.967159271240234,15.708366394042969
2026-05-03T16:56:53.866Z,0.010814369241327719,0.022514647379698334,undefined,14.857807159423828,15.708366394042969
2026-05-03T16:56:55.064Z,0.0006250974510898109,0.000652345288701418,undefined,14.698692321777344,15.708366394042969
2026-05-03T16:56:55.558Z,0.0009578662914234203,0.00813662350832761,undefined,14.674945831298828,15.708366394042969
2026-05-03T16:56:56.242Z,0.010807875233815442,0.012862243236005714,undefined,14.575950622558594,15.708366394042969
2026-05-03T16:56:57.626Z,0.0030874759516912455,0.0048548094788740635,undefined,14.251228332519531,15.708366394042969
2026-05-03T16:56:58.352Z,0.013180473605457809,0.009774493904006915,undefined,14.262561798095703,15.708366394042969
2026-05-03T16:56:58.987Z,0.0007669761698082011,0.0003263012652254189,undefined,14.268974304199219,15.708366394042969
2026-05-03T16:57:00.115Z,0.009320284190930818,0.0056389131044086655,undefined,14.239044189453125,15.708366394042969
2026-05-03T16:57:00.286Z,0.0027000904083251953,0.0004410743713378906,undefined,14.229141235351562,15.708366394042969
2026-05-03T16:57:01.284Z,0.011119249912345369,0.009817687496628667,undefined,14.25506591796875,15.708366394042969
2026-05-03T16:57:01.766Z,0.0006653880345002385,0.0005634686419072042,undefined,14.252887725830078,15.708366394042969
2026-05-03T16:57:02.172Z,0.019473327118006374,0.01680141805589368,undefined,14.28836441040039,15.708366394042969
2026-05-03T16:57:02.309Z,0.02938468984309459,0.05209365947134543,undefined,14.249252319335938,15.708366394042969
2026-05-03T16:57:03.021Z,0.008333113885694934,0.005832282445764029,undefined,14.243553161621094,15.708366394042969
2026-05-03T16:57:04.083Z,0.016616881481524286,0.015193894064638036,undefined,14.273841857910156,15.708366394042969
2026-05-03T16:57:04.240Z,0.0772206796764654,0.008803976457671258,undefined,14.259105682373047,15.708366394042969
2026-05-03T16:57:05.426Z,0.013679736893010193,0.006462596609145739,undefined,14.214275360107422,15.708366394042969
2026-05-03T16:57:06.070Z,0.008884348382292904,0.014956376898033885,undefined,14.19918441772461,15.708366394042969
2026-05-03T16:57:06.352Z,0.016046725107394053,0.03321286280270656,undefined,14.245845794677734,15.708366394042969
2026-05-03T16:57:06.637Z,0.001950396431816949,0.001033147176106771,undefined,14.224418640136719,15.708366394042969
2026-05-03T16:57:07.317Z,0.004178160554045564,0.015510545743928924,undefined,14.258045196533203,15.708366394042969
2026-05-03T16:57:07.423Z,0,0.00023408369584517047,undefined,14.258991241455078,15.708366394042969
2026-05-03T16:57:08.182Z,0.0005878304629084038,0.00008184981129104356,undefined,14.272750854492188,15.708366394042969
2026-05-03T16:57:08.518Z,0.0003747902955526508,0.00020038293029547665,undefined,14.303264617919922,15.708366394042969
2026-05-03T16:57:08.736Z,0,0.00019360305671405073,undefined,14.326919555664062,15.708366394042969
2026-05-03T16:57:09.192Z,0.03132425061999488,0.06570246407981094,undefined,14.400989532470703,15.708366394042969
2026-05-03T16:57:10.340Z,0.029839816786089438,0.0034975690715739424,undefined,14.35055160522461,15.708366394042969
2026-05-03T16:57:11.087Z,0.02653554904680311,0.04224367668292274,undefined,14.565155029296875,15.708366394042969
2026-05-03T16:57:11.325Z,0.11306946430731257,0.1787111299847244,undefined,14.640056610107422,15.708366394042969
2026-05-03T16:57:11.673Z,0.060180037941976156,0.10802318259937785,undefined,14.645374298095703,15.708366394042969
2026-05-03T16:57:11.737Z,0.16666412353515625,0.2540079752604167,undefined,14.639759063720703,15.708366394042969
2026-05-03T16:57:12.293Z,0.1309660932925471,0.10802935194337926,undefined,14.672340393066406,15.708366394042969
2026-05-03T16:57:13.443Z,0.5079543149029767,0.10272573541711877,undefined,14.926708221435547,15.708366394042969
2026-05-03T16:57:13.731Z,1.5324133413809318,0.17495802891107254,undefined,14.843330383300781,15.708366394042969
2026-05-03T16:57:14.714Z,1.5697594148566925,0.14396747910832786,undefined,15.010143280029297,15.708366394042969
2026-05-03T16:57:15.395Z,4.710687813183941,0.23364344387189717,undefined,15.019607543945312,15.708366394042969
2026-05-03T16:57:15.413Z,3.60381315295823,0.1494158869204314,undefined,15.045886993408203,15.708366394042969
2026-05-03T16:57:16.175Z,4.449348685182171,0.24692040902596932,undefined,15.053180694580078,15.708366394042969
2026-05-03T16:57:16.539Z,0.4815673828125,0.15166176689995658,undefined,15.090370178222656,15.708366394042969
2026-05-03T16:57:17.554Z,0.42715133764804936,0.03435367192977514,undefined,15.111907958984375,15.708366394042969
2026-05-03T16:57:17.580Z,0.42113844668391803,0.07077847146815772,undefined,15.17510986328125,15.708366394042969
2026-05-03T16:57:18.659Z,1.8726564004196793,0.12410809261125529,undefined,15.155082702636719,15.708366394042969
2026-05-03T16:57:19.537Z,8.432402127030967,0.6296001194755813,undefined,15.15695571899414,15.708366394042969
2026-05-03T16:57:19.573Z,3.6019761278634284,0.3400734919346947,undefined,15.129100799560547,15.708366394042969
2026-05-03T16:57:20.348Z,186.76815032958984,10.058275858561199,undefined,14.74178695678711,15.708366394042969
2026-05-03T16:57:20.371Z,1.572337242585441,0.06936600476198922,undefined,14.738384246826172,15.708366394042969
2026-05-03T16:57:21.126Z,21.36791774204799,0.8146013532366071,undefined,14.674396514892578,15.708366394042969
2026-05-03T16:57:21.128Z,3.026857150821235,0.13740294248726112,undefined,14.666282653808594,15.708366394042969
2026-05-03T16:57:21.509Z,5.730821375261273,0.2955407427068342,undefined,14.859516143798828,15.708366394042969
2026-05-03T16:57:21.823Z,2.316061055885171,0.1393714041080115,undefined,14.863853454589844,15.708366394042969
2026-05-03T16:57:22.085Z,1.489213255585217,0.09059906005859375,undefined,14.95205307006836,15.708366394042969
2026-05-03T16:57:22.365Z,0.010977357120837196,0.02520165200960838,undefined,14.839946746826172,15.708366394042969
2026-05-03T16:57:23.094Z,0.030466906056417106,0.00887021056962598,undefined,14.709636688232422,15.708366394042969
2026-05-03T16:57:23.298Z,0.001063491358901515,0.001427621552438447,undefined,14.644092559814453,15.708366394042969
2026-05-03T16:57:24.165Z,0.005234037462791885,0.004802473376329377,undefined,14.472248077392578,15.708366394042969
2026-05-03T16:57:24.385Z,0.003638634314903846,0.08613146268404447,undefined,14.44826889038086,15.708366394042969
2026-05-03T16:57:24.627Z,0.0035803472629586178,0.013709475155983362,undefined,14.411914825439453,15.708366394042969
2026-05-03T16:57:25.289Z,0.21101615090321307,0.008754814002733802,undefined,14.238990783691406,15.708366394042969
2026-05-03T16:57:25.754Z,0.0003033517056344205,0.00027757672410992727,undefined,14.206172943115234,15.708366394042969
2026-05-03T16:57:26.112Z,0.002823832307353325,0.0007491257861464137,undefined,14.165164947509766,15.708366394042969
2026-05-03T16:57:27.066Z,0.0008370466293043391,0.004416058777244228,undefined,14.028812408447266,15.708366394042969
2026-05-03T16:57:27.068Z,0.0010610416235513245,0,undefined,13.988250732421875,15.708366394042969
2026-05-03T16:57:28.099Z,0.008731693416446836,0.015215916590733488,undefined,13.789390563964844,15.708366394042969
2026-05-03T16:57:28.193Z,0.0040803636823381695,0.0003678458077566964,undefined,13.75634765625,15.708366394042969
2026-05-03T16:57:29.105Z,0.003793329562780992,0.0006016695274496978,undefined,13.790771484375,15.708366394042969
2026-05-03T16:57:29.399Z,0.000383402850176837,0.0001739811252903294,undefined,13.821029663085938,15.708366394042969
2026-05-03T16:57:30.104Z,0.00013860066731770834,0.00006866455078125,undefined,13.711219787597656,15.708366394042969
2026-05-03T16:57:30.541Z,0.0007081539072888964,0.0006107573813580453,undefined,13.730365753173828,15.708366394042969
2026-05-03T16:57:31.004Z,0.0002999111538019655,0.0001812412728011878,undefined,13.74627685546875,15.708366394042969
2026-05-03T16:57:31.705Z,0.012310821446258459,0.004772447113297944,undefined,13.62308120727539,15.708366394042969
2026-05-03T16:57:32.165Z,0.01843563922039874,0.006811959402901785,undefined,13.658210754394531,15.708366394042969
2026-05-03T16:57:33.105Z,0.0021982780070376627,0.0073567297814156555,undefined,13.690189361572266,15.708366394042969
2026-05-03T16:57:34.560Z,0.05540442643580369,0.02506240669811246,undefined,13.78310775756836,15.708366394042969
2026-05-03T16:57:35.751Z,0.01480615878662306,0.010671008507346645,undefined,13.870830535888672,15.708366394042969
2026-05-03T16:57:35.967Z,0.0013832573418144708,0.017561354078688064,undefined,13.87765121459961,15.708366394042969
2026-05-03T16:57:37.266Z,0.008140475593478524,0.0199476264158271,undefined,13.650260925292969,15.708366394042969
2026-05-03T16:57:38.242Z,0.0051124713353805475,0.024701182294192534,undefined,13.76314926147461,15.708366394042969
2026-05-03T16:57:38.577Z,0.00021729288221914556,0.00021729288221914556,undefined,13.789047241210938,15.708366394042969
2026-05-03T16:57:39.953Z,0.007571662522823875,0.07892404022801425,undefined,13.76778793334961,15.708366394042969
2026-05-03T16:57:41.310Z,0.012312917148365693,0.013528150670668657,undefined,13.779544830322266,15.708366394042969
2026-05-03T16:57:42.697Z,0.07157699044028976,0.020509632510659966,undefined,13.748817443847656,15.708366394042969
2026-05-03T16:57:43.550Z,0.009774907294306964,0.0038279286061941365,undefined,13.73208999633789,15.708366394042969
2026-05-03T16:57:44.077Z,0.001611148609834559,0.0006844015682444853,undefined,13.739372253417969,15.708366394042969
2026-05-03T16:57:45.163Z,0.0006151158550644247,0.00021863534370990161,undefined,13.522377014160156,15.708366394042969
2026-05-03T16:57:45.311Z,0.0003877576890882555,0.0010375138167496567,undefined,13.455665588378906,15.708366394042969
2026-05-03T16:57:46.519Z,0.003489509957735656,0.005654819676133453,undefined,13.38559341430664,15.708366394042969
2026-05-03T16:57:47.725Z,0.0009021678554357858,0.0012611035053237078,undefined,13.40786361694336,15.708366394042969
2026-05-03T16:57:48.920Z,0.0027524876295273275,0.010642047706508237,undefined,13.39504623413086,15.708366394042969
2026-05-03T16:57:50.233Z,0.015459405009750293,0.020581100200371613,undefined,13.555828094482422,15.708366394042969
2026-05-03T16:57:50.398Z,0.0005778144387637868,0,undefined,13.52972412109375,15.708366394042969
2026-05-03T16:57:51.648Z,0.12268469883845402,0.01947467143719013,undefined,13.488086700439453,15.708366394042969
2026-05-03T16:58:14.609Z,0.4454129679408099,0.07592771674747002,undefined,13.821983337402344,15.708366394042969
2026-05-03T16:58:15.923Z,0.011844390662163834,0.004403287518177162,undefined,13.832279205322266,15.708366394042969
2026-05-03T16:58:17.214Z,1.0366596772005565,0.06285281764302508,undefined,13.833133697509766,15.708366394042969
2026-05-03T16:58:18.527Z,0.014815490909308103,0.024385773078381832,undefined,13.870811462402344,15.708366394042969
2026-05-03T16:58:19.834Z,0.0009565189825252843,0.006303068953250257,undefined,13.820621490478516,15.708366394042969
2026-05-03T16:58:21.097Z,0.9917705375301734,0.060393565983124634,undefined,13.784175872802734,15.708366394042969
2026-05-03T16:58:22.573Z,0.007147060691107935,0.00384080650483497,undefined,13.70438003540039,15.708366394042969
2026-05-03T16:58:23.882Z,0.6987741304181994,0.04922373849252216,undefined,13.756462097167969,15.708366394042969
2026-05-03T16:58:25.249Z,0.004128196022727273,0.016956676136363636,undefined,13.681221008300781,15.708366394042969
2026-05-03T16:58:26.574Z,0.11835467907809472,0.02737341001052265,undefined,13.601646423339844,15.708366394042969
2026-05-03T16:58:27.944Z,1.4001656548216799,0.09329248011415214,undefined,13.641815185546875,15.708366394042969
2026-05-03T16:58:29.312Z,0.006258708951025427,0.01836902757175958,undefined,13.632091522216797,15.708366394042969
2026-05-03T16:58:30.629Z,0.00479253322641114,0.01578181759966468,undefined,13.631427764892578,15.708366394042969
2026-05-03T16:58:31.893Z,0.0015571250678589625,0.0005220034107658434,undefined,13.613418579101562,15.708366394042969
2026-05-03T16:58:33.136Z,0.005375735367400737,0.003475177137157585,undefined,13.580337524414062,15.708366394042969
2026-05-03T16:58:34.388Z,0.5017020485617898,0.03138681645449914,undefined,13.478229522705078,15.708366394042969
2026-05-03T16:58:35.690Z,0.5131199955940247,0.02990514039993286,undefined,13.32956314086914,15.708366394042969
2026-05-03T16:58:36.910Z,0.001465053383654897,0.0014332907086705088,undefined,13.208259582519531,15.708366394042969
2026-05-03T16:58:38.321Z,1.2252931892027599,0.07323975603573721,undefined,13.098064422607422,15.708366394042969
2026-05-03T16:58:39.659Z,0.0011924648433691255,0.0015911929506965434,undefined,13.109249114990234,15.708366394042969
2026-05-03T16:58:40.943Z,0.02213468079802872,0.00783171074679945,undefined,13.098819732666016,15.708366394042969
2026-05-03T16:58:42.289Z,0.0011439799189299279,0.0006789474315600384,undefined,13.156139373779297,15.708366394042969
2026-05-03T16:58:43.662Z,0.05622579580050144,0.014595452557320582,undefined,13.176769256591797,15.708366394042969
2026-05-03T16:58:45.054Z,0.007318398269504955,0.0028503235365440354,undefined,13.240863800048828,15.708366394042969
2026-05-03T16:58:46.406Z,2.299261026820155,0.13654188917475715,undefined,13.256401062011719,15.708366394042969
2026-05-03T16:58:47.778Z,0.0028903893638886884,0.004461492548730394,undefined,13.412281036376953,15.708366394042969
2026-05-03T16:58:49.132Z,0.012663487184665048,0.013878708943061634,undefined,13.425617218017578,15.708366394042969
2026-05-03T16:58:50.513Z,0.007261358808264169,0.0017919001645754998,undefined,13.488719940185547,15.708366394042969
2026-05-03T16:58:51.833Z,0.005448580996701892,0.0027408641287591643,undefined,13.499637603759766,15.708366394042969
2026-05-03T16:58:53.242Z,0.004811882526908424,0.011433392384200285,undefined,13.591094970703125,15.708366394042969
2026-05-03T16:58:54.635Z,0.0023337939418022107,0.0004634678920852804,undefined,13.720069885253906,15.708366394042969
2026-05-03T16:58:55.991Z,1.5129248301188152,0.08838889242588789,undefined,13.724510192871094,15.708366394042969
2026-05-03T16:58:57.354Z,0.0011717792049117152,0.0002216686938732016,undefined,13.741439819335938,15.708366394042969
2026-05-03T16:58:58.680Z,0.8025782847265053,0.049674022964566765,undefined,13.86859130859375,15.708366394042969
2026-05-03T16:59:00.091Z,0.010073401082504306,0.006742110885166448,undefined,14.03109359741211,15.708366394042969
2026-05-03T16:59:01.482Z,0.004432034294858586,0.006685781586682249,undefined,13.979316711425781,15.708366394042969
2026-05-03T16:59:02.855Z,0.8274734187192944,0.06064246682559743,undefined,13.303138732910156,15.708366394042969
2026-05-03T16:59:04.242Z,0.14626814380364317,0.03732356648971078,undefined,13.137405395507812,15.708366394042969
2026-05-03T16:59:05.618Z,1.8094013306508838,0.12106119967661927,undefined,13.293472290039062,15.708366394042969
2026-05-03T16:59:06.930Z,0.3480831962233678,0.06652797430821288,undefined,13.323638916015625,15.708366394042969
2026-05-03T16:59:08.217Z,0.22416698310120628,0.048925053395057976,undefined,13.396873474121094,15.708366394042969
2026-05-03T16:59:09.452Z,0.008140588127613447,0.0200694454914978,undefined,13.463459014892578,15.708366394042969
2026-05-03T16:59:10.648Z,0.0164318718387439,0.030859760271750417,undefined,13.39352798461914,15.708366394042969
2026-05-03T16:59:11.935Z,0.018883839601798083,0.011439428352784994,undefined,13.266517639160156,15.708366394042969
2026-05-03T16:59:13.251Z,0.7031468525985999,0.04182783372563087,undefined,13.252601623535156,15.708366394042969
2026-05-03T16:59:14.598Z,1.2317144165479432,0.0759877511777231,undefined,13.26422119140625,15.708366394042969
2026-05-03T16:59:15.880Z,0.0026541570246733067,0.001359191273186668,undefined,13.244865417480469,15.708366394042969
2026-05-03T16:59:17.202Z,0.00705154175638881,0.0068980269841199225,undefined,13.199535369873047,15.708366394042969
2026-05-03T16:59:18.511Z,0.012112093401384782,0.010494713310722832,undefined,13.236465454101562,15.708366394042969
2026-05-03T16:59:19.750Z,1.9800453186035156,0.1193817138671875,undefined,13.221359252929688,15.708366394042969
2026-05-03T16:59:20.961Z,0.0005368952618145076,0.005747036518732169,undefined,13.240795135498047,15.708366394042969
2026-05-03T16:59:22.292Z,0.6290872891743977,0.042119143921651954,undefined,13.282264709472656,15.708366394042969
2026-05-03T16:59:23.658Z,0.0017780368610963984,0.0012439230213994565,undefined,13.266395568847656,15.708366394042969
2026-05-03T16:59:25.021Z,0.0008020006233830338,0.0006018467545076479,undefined,13.289863586425781,15.708366394042969
2026-05-03T16:59:26.325Z,0.0020806791181428807,0.0005007325131766549,undefined,13.358722686767578,15.708366394042969
2026-05-03T16:59:27.705Z,0.8514627011236316,0.049000014801939086,undefined,13.387401580810547,15.708366394042969
2026-05-03T16:59:29.007Z,0.009088211407944491,0.003993964812164074,undefined,13.476924896240234,15.708366394042969
2026-05-03T16:59:30.263Z,0.0008631309182727384,0.0006508734439597519,undefined,13.464775085449219,15.708366394042969
2026-05-03T16:59:31.626Z,0.0006701695779882053,0.0005143161877583901,undefined,13.487598419189453,15.708366394042969
2026-05-03T16:59:32.890Z,1.5562882608615618,0.09412104540532179,undefined,13.519947052001953,15.708366394042969
2026-05-03T16:59:34.213Z,0.0007936522151582487,0.00026837787384193944,undefined,13.507606506347656,15.708366394042969
2026-05-03T16:59:35.426Z,0.001689803648186496,0.0008249857339514306,undefined,13.545391082763672,15.708366394042969
2026-05-03T16:59:36.793Z,0.002165410163631425,0.007775725511016038,undefined,13.56637191772461,15.708366394042969
2026-05-03T16:59:38.194Z,0.00034361805066854327,0.0002328817648085635,undefined,13.550403594970703,15.708366394042969
2026-05-03T16:59:42.683Z,0.005230317622510216,0.009314983353350195,undefined,13.690902709960938,15.708366394042969
2026-05-03T16:59:44.875Z,0.03667073707058005,0.008350866219136655,undefined,13.741813659667969,15.708366394042969
2026-05-03T16:59:47.294Z,2.028076633779888,0.12540916809209454,undefined,13.801746368408203,15.708366394042969
2026-05-03T16:59:49.807Z,0.010314606975600741,0.02250140048304038,undefined,13.786079406738281,15.708366394042969
2026-05-03T16:59:51.998Z,0.03468894788652048,0.00673856251173962,undefined,13.853195190429688,15.708366394042969
2026-05-03T16:59:54.314Z,0.0025899087443370427,0.0057780955426320335,undefined,13.87445068359375,15.708366394042969
2026-05-03T16:59:56.873Z,0.006906845990349265,0.0038954790900735297,undefined,13.85647201538086,15.708366394042969
2026-05-03T16:59:59.225Z,0.0015858402244159555,0.010720295992472277,undefined,13.899478912353516,15.708366394042969
2026-05-03T17:00:01.598Z,0.03008691217744092,0.0033537812145405105,undefined,13.94384765625,15.708366394042969
2026-05-03T17:00:03.982Z,0.002509583121765739,0.005672541568842839,undefined,13.90872573852539,15.708366394042969
2026-05-03T17:00:18.303Z,0.45280012788132196,0.059030221411364096,undefined,14.22262954711914,15.708366394042969
2026-05-03T17:00:19.611Z,0.009598595344462904,0.006409611996842006,undefined,14.308128356933594,15.708366394042969
2026-05-03T17:01:18.417Z,0.019568290839703743,0.011385034169918715,undefined,13.974479675292969,15.708366394042969
2026-05-03T17:01:19.741Z,0.0055871969061759745,0.006334427146800405,undefined,14.032421112060547,15.708366394042969
2026-05-03T17:01:53.532Z,0.005357131329273693,0.005076151634284609,undefined,14.033424377441406,15.708366394042969
2026-05-03T17:01:54.878Z,0.0025679425495426828,0.001078615620576546,undefined,14.118690490722656,15.708366394042969
2026-05-03T17:01:56.222Z,0.0071988417924661405,0.004126130413345325,undefined,14.157215118408203,15.708366394042969
2026-05-03T17:01:57.501Z,0.0019185070686518868,0.004381545806265845,undefined,13.924217224121094,15.708366394042969
2026-05-03T17:01:58.886Z,0.5717607803675003,0.06387897728153466,undefined,14.06613540649414,15.708366394042969
2026-05-03T17:02:00.227Z,0.09951880375841436,0.01242415799787888,undefined,14.135673522949219,15.708366394042969
2026-05-03T17:02:01.585Z,0.002219207095403741,0.0012390804986884122,undefined,14.130470275878906,15.708366394042969
2026-05-03T17:02:02.944Z,0.007221896109698337,0.0039932000645944024,undefined,13.999446868896484,15.708366394042969
2026-05-03T17:02:04.270Z,0.006445741231462596,0.009628172117700267,undefined,14.077606201171875,15.708366394042969
2026-05-03T17:02:05.538Z,0.8116277252755514,0.04830447638907084,undefined,14.183700561523438,15.708366394042969
2026-05-03T17:02:06.855Z,0.014028709539897542,0.010895099135949384,undefined,14.199726104736328,15.708366394042969
2026-05-03T17:02:08.128Z,0.6527231450666461,0.026435943311481386,undefined,14.229991912841797,15.708366394042969
2026-05-03T17:02:09.544Z,0.0055833164281910465,0.008424728405176005,undefined,14.215740203857422,15.708366394042969
2026-05-03T17:02:10.887Z,0.03801556596326633,0.014166552243096117,undefined,14.363178253173828,15.708366394042969
2026-05-03T17:02:12.176Z,1.2896179412462696,0.07145375198459032,undefined,14.395347595214844,15.708366394042969
2026-05-03T17:02:13.447Z,0.013714708513322599,0.013368265477771651,undefined,14.32998275756836,15.708366394042969
2026-05-03T17:02:14.740Z,0.011836824241591376,0.00541341816720787,undefined,14.276897430419922,15.708366394042969
2026-05-03T17:02:15.951Z,0.001288079596185065,0.0057127568628880885,undefined,14.189800262451172,15.708366394042969
2026-05-03T17:02:17.241Z,0.0006751743187185527,0.00039742702372730864,undefined,14.175285339355469,15.708366394042969
2026-05-03T17:02:18.469Z,0.031309005932305185,0.030439120892899487,undefined,13.995471954345703,15.708366394042969
2026-05-03T17:02:19.679Z,0.6908240567249466,0.02897944316327811,undefined,14.02337646484375,15.708366394042969
2026-05-03T17:02:20.976Z,0.0003356245133209854,0.000042246442236207955,undefined,13.98211669921875,15.708366394042969
2026-05-03T17:02:22.289Z,0.00019356056495949074,0.0005524246780960648,undefined,13.988346099853516,15.708366394042969
2026-05-03T17:02:23.493Z,0.13015416833575102,0.01783741330637515,undefined,14.000930786132812,15.708366394042969
2026-05-03T17:02:24.709Z,1.090059798612695,0.05060506853163967,undefined,14.041946411132812,15.708366394042969
2026-05-03T17:02:25.931Z,0.000911553700764974,0.0005483627319335938,undefined,14.056804656982422,15.708366394042969
2026-05-03T17:02:27.163Z,0.0016887013505144817,0.006036835957348831,undefined,14.04977035522461,15.708366394042969
2026-05-03T17:02:28.363Z,0.0009759452762556036,0.002264479381825349,undefined,14.06093978881836,15.708366394042969
2026-05-03T17:02:29.577Z,0.008329118113564358,0.002360110950780614,undefined,14.094047546386719,15.708366394042969
2026-05-03T17:02:30.786Z,0.0005798086375493148,0.00025346825685215946,undefined,14.071952819824219,15.708366394042969
2026-05-03T17:02:32.103Z,0.8855401715145835,0.04028444048724597,undefined,14.091323852539062,15.708366394042969
2026-05-03T17:02:33.263Z,0.0007342601167982903,0.0005709952202396116,undefined,14.103694915771484,15.708366394042969
2026-05-03T17:02:33.388Z,0.0011340991870777027,0.0007680944494298987,undefined,14.113162994384766,15.708366394042969
2026-05-03T17:02:34.148Z,0.0014126223703559589,0.0008154964076902086,undefined,14.122955322265625,15.708366394042969
2026-05-03T17:02:34.408Z,0.003747337369670655,0.0031198267599907062,undefined,14.139411926269531,15.708366394042969
2026-05-03T17:02:34.677Z,0.0009971879734285885,0.0005801820936311787,undefined,14.140419006347656,15.708366394042969
2026-05-03T17:02:36.268Z,0.007217903107334696,0.0027400399897372996,undefined,14.127334594726562,15.708366394042969
2026-05-03T17:02:37.154Z,0.9202066314926338,0.04250571765533778,undefined,14.191551208496094,15.708366394042969
2026-05-03T17:02:37.306Z,0,0,undefined,14.205730438232422,15.708366394042969
2026-05-03T17:02:37.490Z,0.0018836548609763198,0.008731154921632376,undefined,14.23779296875,15.708366394042969
2026-05-03T17:02:38.791Z,0.0010916406231794137,0.0017864503227535422,undefined,14.3353271484375,15.708366394042969
2026-05-03T17:02:39.308Z,0.00046975040638269644,0.0004717751926171046,undefined,14.359222412109375,15.708366394042969
2026-05-03T17:02:39.999Z,0.012706851695052805,0.005045756078492902,undefined,14.348018646240234,15.708366394042969
2026-05-03T17:02:41.277Z,0.0010535231525015457,0.012087998857993481,undefined,14.413993835449219,15.708366394042969
2026-05-03T17:02:41.387Z,0.0019279315317277427,0,undefined,14.307079315185547,15.708366394042969
2026-05-03T17:02:42.272Z,1.5321428125554863,0.2168681886461046,undefined,14.41231918334961,15.708366394042969
2026-05-03T17:02:42.454Z,0.016041851918631736,0.0016711173801247133,undefined,14.419532775878906,15.708366394042969
2026-05-03T17:02:42.705Z,0.0037495393930755045,0.0007463538128396739,undefined,14.466659545898438,15.708366394042969
2026-05-03T17:02:44.126Z,0.00923224857875279,0.01052652086530413,undefined,14.435855865478516,15.708366394042969
2026-05-03T17:02:44.846Z,0.008029911651820067,0.006493073970935576,undefined,14.400764465332031,15.708366394042969
2026-05-03T17:02:45.384Z,0.0011027943004261363,0.00009363347833806817,undefined,14.41659927368164,15.708366394042969
2026-05-03T17:02:46.133Z,0.0012641424661154275,0.009270814748910757,undefined,14.397270202636719,15.708366394042969
2026-05-03T17:02:46.615Z,0.6749615922189649,0.03323245844812899,undefined,14.474910736083984,15.708366394042969
2026-05-03T17:02:47.352Z,0.6275733311971029,0.024677647484673396,undefined,14.422786712646484,15.708366394042969
2026-05-03T17:02:47.875Z,0.002400819645371548,0.00187038451202156,undefined,14.411727905273438,15.708366394042969
2026-05-03T17:02:48.980Z,0.6121016930842744,0.03052016963129458,undefined,14.489032745361328,15.708366394042969
2026-05-03T17:02:49.229Z,0.1744388305034834,0.03797000216454575,undefined,14.50384521484375,15.708366394042969
2026-05-03T17:02:50.486Z,0.021386458884160072,0.012152892533348116,undefined,14.450141906738281,15.708366394042969
2026-05-03T17:02:50.656Z,0.027409306278935185,0.009339532734435281,undefined,14.445976257324219,15.708366394042969
2026-05-03T17:02:51.464Z,0.41073093692936585,0.026244407947636536,undefined,14.471099853515625,15.708366394042969
2026-05-03T17:02:51.650Z,0.004142078001107742,0.0011956513817630596,undefined,14.47208023071289,15.708366394042969
2026-05-03T17:02:52.092Z,0.004318159848905457,0.003211994461601761,undefined,14.500450134277344,15.708366394042969
2026-05-03T17:02:53.242Z,0.24140045760996837,0.02150609181432778,undefined,14.492374420166016,15.708366394042969
2026-05-03T17:02:53.419Z,0.009115872808465375,0.006416034250751907,undefined,14.48602294921875,15.708366394042969
2026-05-03T17:02:54.273Z,0.00106954128942757,0.0006718056224216925,undefined,14.47659683227539,15.708366394042969
2026-05-03T17:02:54.637Z,0,0,undefined,14.531856536865234,15.708366394042969
2026-05-03T17:02:55.909Z,0.0020741654661135932,0.0012172296786079773,undefined,14.513641357421875,15.708366394042969
2026-05-03T17:02:57.015Z,0.6581736719885538,0.031036554380904798,undefined,14.525489807128906,15.708366394042969
2026-05-03T17:02:57.143Z,0,0,undefined,14.548789978027344,15.708366394042969
2026-05-03T17:02:57.329Z,0,0,undefined,14.527389526367188,15.708366394042969
2026-05-03T17:02:58.569Z,0.007347082182922115,0.0027898647682703514,undefined,14.492958068847656,15.708366394042969
2026-05-03T17:02:59.859Z,0.6934850683475043,0.032812115438946646,undefined,14.499217987060547,15.708366394042969
2026-05-03T17:03:01.115Z,0.00021610353967826357,0.000102414286195351,undefined,14.553546905517578,15.708366394042969
2026-05-03T17:03:01.199Z,0.0003336383831390286,0.0001594378114115712,undefined,14.594085693359375,15.708366394042969
2026-05-03T17:03:01.634Z,0.007306479977162105,0.013583938908630784,undefined,14.509540557861328,15.708366394042969
2026-05-03T17:03:02.208Z,0.025503926997562106,0.010989552779163386,undefined,14.515403747558594,15.708366394042969
2026-05-03T17:03:02.560Z,0.005814222598164498,0.011061203967239776,undefined,14.518184661865234,15.708366394042969
2026-05-03T17:03:03.574Z,0.0009908085375760509,0.0005679847919835454,undefined,14.548408508300781,15.708366394042969
2026-05-03T17:03:03.719Z,0.0005158238440939465,0.00044384842398781447,undefined,14.553237915039062,15.708366394042969
2026-05-03T17:03:05.148Z,0.0005260283459046121,0.0003387844701376612,undefined,14.502887725830078,15.708366394042969
2026-05-03T17:03:06.242Z,0.005210157923092338,0.0037526281102693098,undefined,14.574447631835938,15.708366394042969
2026-05-03T17:03:06.416Z,0.0021192762586805555,0,undefined,14.554374694824219,15.708366394042969
2026-05-03T17:03:07.741Z,0.019975711443724346,0.010999690004397968,undefined,14.298393249511719,15.708366394042969
2026-05-03T17:03:08.270Z,2.0055883734889286,0.0827495868389423,undefined,14.273345947265625,15.708366394042969
2026-05-03T17:03:09.143Z,0.025848289588829138,0.0314475137950022,undefined,14.2557373046875,15.708366394042969
2026-05-03T17:03:09.872Z,0.0025798748065898945,0.0018528529575892857,undefined,14.484527587890625,15.708366394042969
2026-05-03T17:03:10.243Z,0.00043668245014391447,0.00022837990208675985,undefined,14.490962982177734,15.708366394042969
2026-05-03T17:03:10.379Z,0.0006406361820133588,0.0006624760518547233,undefined,14.446395874023438,15.708366394042969
2026-05-03T17:03:11.614Z,0.015943930787802315,0.005717442482590003,undefined,14.518180847167969,15.708366394042969
2026-05-03T17:03:12.644Z,0.6323039414144361,0.035458062527447765,undefined,14.583152770996094,15.708366394042969
2026-05-03T17:03:12.766Z,0.0036081690697153663,0.001779787100044785,undefined,14.554039001464844,15.708366394042969
2026-05-03T17:03:14.135Z,0.0017390969579430134,0.005739168856499439,undefined,14.584632873535156,15.708366394042969
2026-05-03T17:03:15.625Z,0.000999752284841691,0.0005138391631588579,undefined,14.567981719970703,15.708366394042969
2026-05-03T17:03:16.145Z,1.0003534402338115,0.04456948064278387,undefined,14.585830688476562,15.708366394042969
2026-05-03T17:03:16.642Z,0.00014911998401988635,0.0003832036798650568,undefined,14.671150207519531,15.708366394042969
2026-05-03T17:03:17.089Z,0.0005338176991204795,0.00044384842398781447,undefined,14.658061981201172,15.708366394042969
2026-05-03T17:03:17.986Z,0.40151026037886517,0.024108485523594982,undefined,14.788589477539062,15.708366394042969
2026-05-03T17:03:18.106Z,0,0,undefined,14.678844451904297,15.708366394042969
2026-05-03T17:03:18.308Z,0.0011000052961722883,0.00047936010613012565,undefined,14.724193572998047,15.708366394042969
2026-05-03T17:03:19.554Z,0.006439815375830038,0.004656993559677235,undefined,14.726837158203125,15.708366394042969
2026-05-03T17:03:20.460Z,0.009223206402504281,0.0033031901770572644,undefined,14.754528045654297,15.708366394042969
2026-05-03T17:03:20.684Z,0.0003376645904979067,0,undefined,14.767257690429688,15.708366394042969
2026-05-03T17:03:21.960Z,0.0003813144050125967,0.00036345242677371744,undefined,14.708366394042969,15.708366394042969
2026-05-03T17:03:23.350Z,0.764693853990087,0.042848905388952516,undefined,14.923507690429688,15.708366394042969
2026-05-03T17:03:24.639Z,0.008540994980755974,0.0033725525941642074,undefined,14.910839080810547,15.708366394042969
2026-05-03T17:03:25.877Z,0.0016922454352634561,0.0012259378042130816,undefined,14.555721282958984,15.708366394042969
2026-05-03T17:03:27.070Z,0.001153354868417609,0.0011365817020486547,undefined,14.487503051757812,15.708366394042969
2026-05-03T17:03:28.335Z,0.0005496396339959283,0.00047340667505058455,undefined,14.390010833740234,15.708366394042969
2026-05-03T17:03:29.609Z,0.9165019123393792,0.03768132885856808,undefined,14.359024047851562,15.708366394042969
2026-05-03T17:03:30.823Z,0.00861368061583719,0.008271456745916924,undefined,14.084896087646484,15.708366394042969
2026-05-03T17:03:32.044Z,0.003409210230031173,0.0035409935165991667,undefined,14.116455078125,15.708366394042969
2026-05-03T17:03:33.393Z,0.5640757881009785,0.026414843988454405,undefined,14.052448272705078,15.708366394042969
2026-05-03T17:03:34.606Z,0.009030744063952737,0.0034883987805074896,undefined,13.711631774902344,15.708366394042969
2026-05-03T17:03:35.884Z,0.0011450094467631295,0.0017707878731068058,undefined,13.396919250488281,15.708366394042969
2026-05-03T17:03:37.085Z,1.2369884000279596,0.05494826067532741,undefined,13.166397094726562,15.708366394042969
2026-05-03T17:03:38.390Z,0.001613513843433277,0.015196929106841218,undefined,13.12249755859375,15.708366394042969
2026-05-03T17:03:39.708Z,0.012097977831586348,0.013586781472080842,undefined,13.184635162353516,15.708366394042969
2026-05-03T17:03:41.002Z,0.0026293756003158866,0.0037669422736973327,undefined,13.139945983886719,15.708366394042969
2026-05-03T17:03:42.258Z,0.008040184589077511,0.008040948139370872,undefined,13.17642593383789,15.708366394042969
2026-05-03T17:03:43.551Z,0.7516788173687421,0.037861018908729435,undefined,13.192054748535156,15.708366394042969
2026-05-03T17:03:44.829Z,0.0551608240180336,0.005235031188241107,undefined,13.204463958740234,15.708366394042969
2026-05-03T17:03:46.097Z,0.0077478633904309,0.0029254403913983647,undefined,13.192440032958984,15.708366394042969
2026-05-03T17:03:47.355Z,0.00046273406079823647,0.0005702225329111711,undefined,13.230072021484375,15.708366394042969
2026-05-03T17:03:48.647Z,0.01319788907961104,0.009959009376772765,undefined,13.20711898803711,15.708366394042969
2026-05-03T17:03:49.999Z,0.0009027146201097328,0.0001645270194716126,undefined,13.192264556884766,15.708366394042969
2026-05-03T17:03:51.305Z,0.008657786920878962,0.008940357088703036,undefined,13.28570556640625,15.708366394042969
2026-05-03T17:03:52.540Z,0.009082202739261818,0.004023582452237362,undefined,13.315288543701172,15.708366394042969
2026-05-03T17:03:53.829Z,0.007468552084887133,0.0054565041237818225,undefined,13.321765899658203,15.708366394042969
2026-05-03T17:03:55.134Z,0.0019311162170220016,0.003326719052323671,undefined,13.350868225097656,15.708366394042969
2026-05-03T17:03:58.557Z,0.292553178685261,0.022063226056245208,undefined,13.40291976928711,15.708366394042969
2026-05-03T17:04:01.010Z,0.0011925816584826003,0.0009102721642450799,undefined,13.467475891113281,15.708366394042969
2026-05-03T17:04:03.420Z,0.0013175865352782212,0.0013763693804095067,undefined,13.575271606445312,15.708366394042969
2026-05-03T17:04:05.921Z,0.0038454485535381402,0.0015963762337908732,undefined,13.552623748779297,15.708366394042969
2026-05-03T17:04:08.669Z,0.003881426663857507,0.0015827379143272821,undefined,13.551597595214844,15.708366394042969
2026-05-03T17:04:11.398Z,0.29525023240309495,0.02331751170175853,undefined,13.57822036743164,15.708366394042969
2026-05-03T17:04:18.397Z,0.00868164809978222,0.008484211515834578,undefined,13.559429168701172,15.708366394042969
2026-05-03T17:04:19.698Z,0.013541242929810253,0.012136038455217244,undefined,13.750038146972656,15.708366394042969
2026-05-03T17:05:18.327Z,0.12726342158212456,0.016962831877672835,undefined,13.859142303466797,15.708366394042969
2026-05-03T17:05:19.662Z,1.793907374939508,0.08344084289731894,undefined,13.885116577148438,15.708366394042969
2026-05-03T17:06:18.351Z,0.035156602348260055,0.007894339328793408,undefined,14.132450103759766,15.708366394042969
2026-05-03T17:06:19.659Z,0.013330945995953842,0.014331757509947507,undefined,14.200199127197266,15.708366394042969
2026-05-03T17:07:18.201Z,0.005997723743103184,0.0036371721354027677,undefined,14.591819763183594,15.708366394042969
2026-05-03T17:07:19.483Z,0.0006719735952524039,0.0014063028188852163,undefined,14.59775161743164,15.708366394042969
2026-05-03T17:08:18.325Z,0.007533911884314807,0.007475492861716796,undefined,14.837272644042969,15.708366394042969
2026-05-03T17:08:19.651Z,0.0017615905495189683,0.0005302817887440866,undefined,14.919788360595703,15.708366394042969
2026-05-03T17:09:18.373Z,0.1971908210073173,0.023210499744300575,undefined,13.59683609008789,15.708366394042969
2026-05-03T17:09:19.606Z,0.39327384889587874,0.02762033033740613,undefined,13.608543395996094,15.708366394042969
2026-05-03T17:09:54.260Z,0.28964623491814795,0.027562544149562898,undefined,13.8187255859375,15.708366394042969
2026-05-03T17:10:03.165Z,0.31850339843368825,0.026542286656433833,undefined,14.036251068115234,15.708366394042969
2026-05-03T17:10:04.494Z,0.10639465659673959,0.008950204205659269,undefined,14.067981719970703,15.708366394042969
2026-05-03T17:10:06.383Z,0.8856103970454289,0.06046203466562124,undefined,13.236736297607422,15.708366394042969
2026-05-03T17:10:07.698Z,0.007344512135754679,0.00405078368405815,undefined,13.233009338378906,15.708366394042969
2026-05-03T17:10:08.981Z,0.00020104485589104732,0.00009426278957528958,undefined,13.24310302734375,15.708366394042969
2026-05-03T17:10:10.312Z,0.6732244828512775,0.046517625565536194,undefined,13.253623962402344,15.708366394042969
2026-05-03T17:10:11.616Z,0.014081264217280062,0.013195100377817622,undefined,13.272285461425781,15.708366394042969
2026-05-03T17:10:12.910Z,0.0015031865002764142,0.0020096869342620042,undefined,13.266986846923828,15.708366394042969
2026-05-03T17:10:14.298Z,0.39981590522514593,0.028664725167410716,undefined,13.263885498046875,15.708366394042969
2026-05-03T17:10:15.658Z,0.007925506235906751,0.009522841206097393,undefined,13.219715118408203,15.708366394042969
2026-05-03T17:10:16.951Z,0.3016664698591015,0.024321321236815255,undefined,13.204975128173828,15.708366394042969
2026-05-03T17:10:18.295Z,0.023133454291189782,0.019816326234124562,undefined,13.131175994873047,15.708366394042969
2026-05-03T17:10:19.727Z,0.8073654609528023,0.05691819041542858,undefined,13.12759017944336,15.708366394042969
2026-05-03T17:10:21.098Z,0.0011970492674031137,0.002522622385332661,undefined,13.120155334472656,15.708366394042969
2026-05-03T17:10:22.463Z,0.01244138949862003,0.011768247106392396,undefined,13.250591278076172,15.708366394042969
2026-05-03T17:10:23.734Z,0.001224710420987505,0.0004294640854826191,undefined,13.260425567626953,15.708366394042969
2026-05-03T17:10:25.046Z,0.0007163856831772067,0.00031035846631862163,undefined,13.254096984863281,15.708366394042969
2026-05-03T17:10:26.348Z,0.001163357274213614,0.0009529776952839664,undefined,13.262088775634766,15.708366394042969
2026-05-03T17:10:27.599Z,1.5075883200002271,0.10427356690399406,undefined,13.256237030029297,15.708366394042969
2026-05-03T17:10:28.825Z,0.0026747274676265065,0.00562136706370467,undefined,13.247230529785156,15.708366394042969
2026-05-03T17:10:30.053Z,0.007209463865178112,0.0026710730030703443,undefined,13.248710632324219,15.708366394042969
2026-05-03T17:10:31.283Z,0.001710377621688721,0.000438051360645933,undefined,13.2225341796875,15.708366394042969
2026-05-03T17:10:32.547Z,0.0015920208346459172,0.0008598450691469254,undefined,13.234027862548828,15.708366394042969
2026-05-03T17:10:33.810Z,0.00870340630083054,0.0182815154644217,undefined,13.209480285644531,15.708366394042969
2026-05-03T17:10:35.051Z,0.0016529829811203292,0.0011017261508276992,undefined,13.094715118408203,15.708366394042969
2026-05-03T17:10:36.361Z,0.005408695765904018,0.007599119156125992,undefined,13.078086853027344,15.708366394042969
2026-05-03T17:10:37.629Z,0.0005799955751820159,0.0006319354774371218,undefined,13.089210510253906,15.708366394042969
2026-05-03T17:10:38.977Z,1.0213939288190304,0.07010525419511868,undefined,13.111766815185547,15.708366394042969
2026-05-03T17:10:40.316Z,0.017097230591525923,0.13344756440620203,undefined,13.130508422851562,15.708366394042969
2026-05-03T17:10:41.662Z,0.007048215858966579,0.006907906792251097,undefined,13.177623748779297,15.708366394042969
2026-05-03T17:10:42.965Z,0.015427729834808161,0.09216194503877792,undefined,13.180389404296875,15.708366394042969
2026-05-03T17:10:44.252Z,0.007473176429498586,0.004252107950528958,undefined,13.187129974365234,15.708366394042969
2026-05-03T17:10:45.580Z,0.4883213203494289,0.039323583825842126,undefined,13.174552917480469,15.708366394042969
2026-05-03T17:10:46.919Z,0.003575391052200647,0.0014876751249970914,undefined,13.214630126953125,15.708366394042969
2026-05-03T17:10:48.198Z,0.005639369950095057,0.004878606179821174,undefined,13.198345184326172,15.708366394042969
2026-05-03T17:10:49.473Z,0.007025250138076373,0.0070870205124407585,undefined,13.211990356445312,15.708366394042969
2026-05-03T17:10:50.754Z,0.0035219414289607556,0.001638989115870276,undefined,13.19366455078125,15.708366394042969
2026-05-03T17:10:52.020Z,0.007760809236897975,0.0029939059756002215,undefined,13.21405029296875,15.708366394042969
2026-05-03T17:10:53.226Z,0.001330891490277921,0.006059100074673565,undefined,13.215354919433594,15.708366394042969
2026-05-03T17:10:54.480Z,0.007272062467286368,0.008770806223425222,undefined,13.256385803222656,15.708366394042969
2026-05-03T17:10:55.768Z,0.8015654012226737,0.07273940583871975,undefined,13.267440795898438,15.708366394042969
2026-05-03T17:10:57.078Z,0.0014223769658179325,0.0005562454583100629,undefined,13.276023864746094,15.708366394042969
2026-05-03T17:10:58.420Z,0.00022962812735139202,0.0000731939655932562,undefined,13.269294738769531,15.708366394042969
2026-05-03T17:10:59.726Z,0.001850876430508651,0.0022108867201956883,undefined,13.300708770751953,15.708366394042969
2026-05-03T17:11:01.022Z,0.0007545555030906594,0.0004783342921378287,undefined,13.392330169677734,15.708366394042969
2026-05-03T17:11:02.277Z,0.008172749725628797,0.0029544471573306474,undefined,13.319839477539062,15.708366394042969
2026-05-03T17:11:03.614Z,0.0017049635586182214,0.0011919061934098473,undefined,13.28158187866211,15.708366394042969
2026-05-03T17:11:04.861Z,0.0030093076752453316,0.01386389499757348,undefined,13.298744201660156,15.708366394042969
2026-05-03T17:11:06.133Z,0.00783961718828565,0.004263530310755857,undefined,13.286605834960938,15.708366394042969
2026-05-03T17:11:07.387Z,0.8092392049872995,0.05641632314648288,undefined,13.314090728759766,15.708366394042969
2026-05-03T17:11:08.663Z,0.002278643808547099,0.007316565058033937,undefined,13.306114196777344,15.708366394042969
2026-05-03T17:11:09.951Z,0.0004909272141997959,0.0002773516285660478,undefined,13.353824615478516,15.708366394042969
2026-05-03T17:11:11.249Z,0.001044706864790483,0.0010866107362689393,undefined,13.351818084716797,15.708366394042969
2026-05-03T17:11:12.518Z,0.0007445553699171687,0.00027576124811746984,undefined,13.374343872070312,15.708366394042969
2026-05-03T17:11:13.788Z,0.009942814279362132,0.01836582589909006,undefined,13.371356964111328,15.708366394042969
2026-05-03T17:11:15.037Z,0.0005391986366284141,0.0002867106995894388,undefined,13.39230728149414,15.708366394042969
2026-05-03T17:11:16.412Z,0.0007199447562582734,0.00010676535463549546,undefined,13.386962890625,15.708366394042969
2026-05-03T17:11:18.174Z,0.6684259479060382,0.05399949918745893,undefined,13.433216094970703,15.708366394042969
2026-05-03T17:11:19.514Z,0.0158726727520978,0.025761215775101272,undefined,13.47119140625,15.708366394042969
2026-05-03T17:18:00.059Z,0.15965930626583996,0.01240260008881698,25.027081243731192,13.615497589111328,15.708366394042969
2026-05-03T17:18:01.350Z,0.0080952965774165,0.007858037782924883,36.83806894436136,13.694927215576172,15.708366394042969
2026-05-03T17:18:02.727Z,0.0012626212812648528,0.0010145934362375238,27.420370137227746,13.669120788574219,15.708366394042969
2026-05-03T17:18:04.034Z,0.001058716704879982,0.000624725784080616,25.721837331304314,13.673675537109375,15.708366394042969
2026-05-03T17:18:05.267Z,0.00799280563617163,0.00759133710547792,33.30122591943958,13.752182006835938,15.708366394042969
2026-05-03T17:18:06.061Z,0.001250780545748197,0.0009402250632261619,34.98912509647092,13.783905029296875,15.708366394042969
2026-05-03T17:18:06.513Z,0.000640423628535584,0.00025060055029653286,36.627830867914646,13.810657501220703,15.708366394042969
2026-05-03T17:18:07.874Z,0.31874960313463424,0.017121233747679022,27.011852776044915,13.833026885986328,15.708366394042969
2026-05-03T17:18:09.347Z,0.0010727043438674812,0.0017008387056508458,26.16187556954685,13.868316650390625,15.708366394042969
2026-05-03T17:18:10.266Z,0.0017574339201956084,0.001156871969049627,37.03857751897681,13.92138671875,15.708366394042969
2026-05-03T17:18:10.394Z,0.0005482199663173653,0.0006167474621070359,37.03857751897681,13.897945404052734,15.708366394042969
2026-05-03T17:18:11.332Z,0.018774871657938258,0.017390098697952557,28.13564571074636,13.787174224853516,15.708366394042969
2026-05-03T17:18:12.631Z,0.015639686011695287,0.009417891860366226,25.953274926992076,13.835334777832031,15.708366394042969
2026-05-03T17:18:13.879Z,0.1864785668235155,0.012067878771128145,36.37574091572889,13.783523559570312,15.708366394042969
2026-05-03T17:18:15.157Z,0.002361704634673542,0.005872709086554616,22.794384057971016,13.785160064697266,15.708366394042969
2026-05-03T17:18:16.384Z,0.00018742297141685578,0.00023032702511469023,20.877392292231058,13.774890899658203,15.708366394042969
2026-05-03T17:18:17.599Z,0.0032030088491525315,0.002225240071614583,26.387874360847334,13.799209594726562,15.708366394042969
2026-05-03T17:18:18.876Z,0.012559592232869132,0.010704090803419738,36.44685308315876,13.795616149902344,15.708366394042969
2026-05-03T17:18:20.187Z,0.0011028886652317178,0.0006228077168367347,28.15244407622204,13.901893615722656,15.708366394042969
2026-05-03T17:18:21.457Z,0.1772439880609699,0.013132967736406006,34.055500409995254,13.906272888183594,15.708366394042969
2026-05-03T17:18:22.763Z,0.00742908610340251,0.002936875037705116,22.68939879502628,13.918743133544922,15.708366394042969
2026-05-03T17:18:24.044Z,0.007467098667880319,0.007017434899645053,28.87700534759358,13.972808837890625,15.708366394042969
2026-05-03T17:18:25.389Z,0.001331155561884452,0.0012221845608313107,23.279011534830264,13.99032974243164,15.708366394042969
2026-05-03T17:18:26.722Z,0.0010611610585730662,0.00044726026941896744,26.85630621208952,14.00882339477539,15.708366394042969
2026-05-03T17:18:28.101Z,0.27457279945487406,0.01712208024643801,27.4447212706322,13.98556900024414,15.708366394042969
2026-05-03T17:18:29.423Z,0.0004656809680866745,0.0003361252118956368,37.89368438593568,13.983943939208984,15.708366394042969
2026-05-03T17:18:30.745Z,0.006699069547762649,0.0036074719359697784,27.807486631016044,13.951202392578125,15.708366394042969
2026-05-03T17:18:32.058Z,0.17371561169081645,0.010739327924204524,30.412717053938426,13.970638275146484,15.708366394042969
2026-05-03T17:18:33.382Z,0.001366383862799939,0.0006849832054728588,23.652123424021234,14.008296966552734,15.708366394042969
2026-05-03T17:18:34.695Z,0.008269749655135196,0.0033403868751034965,29.35020174848689,14.055194854736328,15.708366394042969
2026-05-03T17:18:35.978Z,0.0005752082884781004,0.00035293458953617124,27.80985456913393,14.067798614501953,15.708366394042969
2026-05-03T17:18:37.301Z,0.0012844823373718492,0.0007520321170758089,22.174255946203978,14.080917358398438,15.708366394042969
2026-05-03T17:18:38.609Z,0.013741579922762783,0.0036824833263050423,28.49374660141381,14.103950500488281,15.708366394042969
2026-05-03T17:18:39.906Z,0.008083839798267297,0.011400776335236841,36.73677935791535,14.101600646972656,15.708366394042969
2026-05-03T17:18:41.192Z,0.00751824911377152,0.0026534996872134777,41.92602616147948,13.875247955322266,15.708366394042969
2026-05-03T17:18:42.549Z,0.0045046635413571005,0.010387864353539914,32.42883101150817,13.815196990966797,15.708366394042969
2026-05-03T17:18:43.952Z,0.001790979709005528,0.013069125289090704,32.66417554460169,13.824047088623047,15.708366394042969
2026-05-03T17:18:45.347Z,0.011675901758645389,0.01830824233152041,38.02221874511031,13.921703338623047,15.708366394042969
2026-05-03T17:18:46.656Z,0.1367804901077566,0.008656975053994737,24.72557060602295,13.927570343017578,15.708366394042969
2026-05-03T17:18:48.346Z,0.009783971980595331,0.0027672278061043206,45.66126013724267,14.168399810791016,15.708366394042969
2026-05-03T17:18:49.528Z,0.002689410604364155,0.004854177754458547,32.94386952167485,13.983383178710938,15.708366394042969
2026-05-03T17:18:50.788Z,0.0014110568361814372,0.0005884035540857878,28.138209887888255,13.914741516113281,15.708366394042969
2026-05-03T17:18:52.111Z,0.006644452204469774,0.002540525842885502,29.78380389401017,13.840007781982422,15.708366394042969
2026-05-03T17:18:53.360Z,0.0011877511478282116,0.0006018039827203335,27.406539012635143,13.819351196289062,15.708366394042969
2026-05-03T17:18:54.689Z,0.005158923921130952,0.012499945504324777,25.26721570001752,13.784286499023438,15.708366394042969
2026-05-03T17:18:56.038Z,0.012169460184191903,0.010547322561893422,30.709595759829128,13.824142456054688,15.708366394042969
2026-05-03T17:18:57.409Z,0.14473221259202784,0.011546883040559505,26.953787596706796,13.870491027832031,15.708366394042969
2026-05-03T17:18:58.827Z,0.0013222884607118294,0.0006152314365811984,34.06614125721181,13.861331939697266,15.708366394042969
2026-05-03T17:19:00.121Z,0.006157927717899252,0.005673045761014786,32.790032854034216,13.838539123535156,15.708366394042969
2026-05-03T17:19:01.444Z,0.14830204977918027,0.0115707739075618,32.27748907036212,13.85744857788086,15.708366394042969
2026-05-03T17:19:02.726Z,0.010213592173060556,0.00665865055781858,26.254144598027818,13.844215393066406,15.708366394042969
2026-05-03T17:19:03.962Z,0.0013030943323354253,0.000726199540935579,35.410918630422,14.105987548828125,15.708366394042969
2026-05-03T17:19:05.194Z,0.006749434171667422,0.00964808195301492,22.282971062808375,14.101234436035156,15.708366394042969
2026-05-03T17:19:06.423Z,0.0064868431586723825,0.1517549737707361,24.288152339890416,14.112991333007812,15.708366394042969
2026-05-03T17:19:07.714Z,0.017013762069241233,0.017811270321116728,22.86722540802823,14.08184814453125,15.708366394042969
2026-05-03T17:19:08.942Z,0.0031904467272833694,0.0011251551871796135,22.849277357192015,14.073848724365234,15.708366394042969
2026-05-03T17:19:10.172Z,0.019728945765847945,0.003221333985160018,29.50607936578631,14.08133316040039,15.708366394042969
2026-05-03T17:19:11.439Z,0.0007892745772218393,0.00020803189745136337,26.196541091299103,14.094627380371094,15.708366394042969
2026-05-03T17:19:12.671Z,0.006773552114177516,0.007685405160639561,23.646673936750272,14.069023132324219,15.708366394042969
2026-05-03T17:19:13.876Z,0.008171742206608424,0.005338511598001015,23.56853277456384,14.08248519897461,15.708366394042969
2026-05-03T17:19:15.119Z,0.004574872445369112,0.00722473562243672,26.464361326746648,14.08102798461914,15.708366394042969
2026-05-03T17:19:16.378Z,0.0027137700838722714,0.012044667619413777,27.1194124580651,14.079559326171875,15.708366394042969
2026-05-03T17:19:17.594Z,0.16681321282973713,0.029145760202446195,23.37789225918195,14.08380126953125,15.708366394042969
2026-05-03T17:19:18.839Z,0.004792707768733802,0.0041584459027985445,25.309935393748912,14.112571716308594,15.708366394042969
2026-05-03T17:19:20.109Z,0.0011678889310426659,0.001708380609965153,25.85380998846802,14.080368041992188,15.708366394042969
2026-05-03T17:19:21.347Z,0.0009396152355747082,0.0005397124919219646,22.033204457584716,14.046142578125,15.708366394042969
2026-05-03T17:19:22.627Z,0.0002615032594948199,0.00025928713017706723,23.841257635951983,14.05086898803711,15.708366394042969
2026-05-03T17:19:23.894Z,0.15274183018001045,0.009530735766793799,31.77521463879976,14.058341979980469,15.708366394042969
2026-05-03T17:19:25.206Z,0.008013226299463041,0.009468096328593628,23.624914324880056,14.052413940429688,15.708366394042969
2026-05-03T17:19:26.474Z,0.0005310745600840492,0.0003156315470570448,25.5387556482447,14.06866455078125,15.708366394042969
2026-05-03T17:19:27.723Z,0.007374881762350373,0.008139168636016606,27.870626948389333,14.062812805175781,15.708366394042969
2026-05-03T17:19:29.000Z,0.014557942183722803,0.009497551068867722,24.154976619906478,14.061752319335938,15.708366394042969
2026-05-03T17:19:30.247Z,0.004908095958621002,0.004865217578503512,29.61096639193748,14.052093505859375,15.708366394042969
2026-05-03T17:19:31.503Z,0.14894428698170692,0.00867590440058075,24.09590498138628,14.062103271484375,15.708366394042969
2026-05-03T17:19:32.766Z,0.0006975532519685525,0.0005981180151868582,22.284766767028845,14.062164306640625,15.708366394042969
2026-05-03T17:19:33.994Z,0.01337432861328125,0.00374908447265625,24.467897977132804,14.060501098632812,15.708366394042969
2026-05-03T17:19:35.253Z,0.003031349335576101,0.0005524099016995173,19.90590741644845,14.056632995605469,15.708366394042969
2026-05-03T17:19:36.540Z,0.007126654206839973,0.0029077216150565468,23.10901352661076,14.07528305053711,15.708366394042969
2026-05-03T17:19:37.758Z,0.0007824819596087346,0.00045182274990394466,27.83665265850539,14.088859558105469,15.708366394042969
2026-05-03T17:19:39.037Z,0.021150995828422798,0.004536334035460386,27.0100168424785,14.097702026367188,15.708366394042969
2026-05-03T17:19:40.302Z,0.0096421297422179,0.005624080910293045,31.28871826193177,14.151603698730469,15.708366394042969
2026-05-03T17:19:41.563Z,0.0019544049313193874,0.015568576361003676,22.780957572453893,14.16170883178711,15.708366394042969
2026-05-03T17:19:42.790Z,0.0009304493711056411,0.0007482787064039906,18.7935328633543,14.15499496459961,15.708366394042969
2026-05-03T17:19:44.036Z,0.0009432822241067686,0.0003461366127442634,18.48805508063398,14.162090301513672,15.708366394042969
2026-05-03T17:19:45.290Z,0.0013474348336813843,0.002243448650448116,22.06878353417187,14.167442321777344,15.708366394042969
2026-05-03T17:19:46.595Z,0.0027967387962492566,0.017967798897049712,22.84815175959578,14.167957305908203,15.708366394042969
2026-05-03T17:19:47.856Z,0.12685841527478448,0.017264793659078664,20.424458919941163,14.155723571777344,15.708366394042969
2026-05-03T17:19:49.074Z,0.0003339388431646885,0.0003920151637150691,22.550140745953552,14.141036987304688,15.708366394042969
2026-05-03T17:19:50.376Z,0.0165869586987033,0.005380906437083913,26.213894699363564,14.127349853515625,15.708366394042969
2026-05-03T17:19:51.669Z,0.007976116818208423,0.0030633402923680255,21.86423682260104,14.121883392333984,15.708366394042969
2026-05-03T17:20:18.122Z,0.005883959372019958,0.01058660868872458,15.49361624856243,14.12430191040039,15.708366394042969
2026-05-03T17:21:18.221Z,0.006015348610648929,0.011423281067010347,14.394769758475286,14.061233520507812,15.708366394042969
2026-05-03T17:21:40.399Z,0.01680692697366007,0.021796251913254506,17.33421601568843,14.302955627441406,15.708366394042969
2026-05-03T17:21:41.697Z,0.0217671089984001,0.016066803395929308,25.824129500042154,14.324798583984375,15.708366394042969
2026-05-03T17:21:43.017Z,0.0034197934271750436,0.0018460831775015721,28.027784880252284,14.240550994873047,15.708366394042969
2026-05-03T17:21:44.291Z,0.0033148710686904644,0.004357535212444109,31.605443918255897,14.22854232788086,15.708366394042969
2026-05-03T17:21:45.591Z,0.017476653462680663,0.014108184318808005,31.440336278630866,14.234027862548828,15.708366394042969
2026-05-03T17:21:46.916Z,0.0037564294612970083,0.0017443462941228007,21.93019882242512,14.184825897216797,15.708366394042969
2026-05-03T17:21:48.209Z,0.007635921579803351,0.005035980572718631,27.94000586534836,14.140857696533203,15.708366394042969
2026-05-03T17:21:49.493Z,0.00145503034613632,0.0005708871579408097,30.16062374845554,14.143077850341797,15.708366394042969
2026-05-03T17:21:50.757Z,0.0015844862567343874,0.001991606019641199,26.951737284464084,14.163444519042969,15.708366394042969
2026-05-03T17:21:52.090Z,0.008055427121608044,0.003337860107421875,25.649964299214584,14.11136245727539,15.708366394042969
2026-05-03T17:21:53.335Z,0.0008621452024477554,0.00045100232765032407,29.996609594846586,14.14804458618164,15.708366394042969
2026-05-03T17:21:54.624Z,0.006285891589890439,0.003627761901612301,30.877770853734532,14.156879425048828,15.708366394042969
2026-05-03T17:21:55.919Z,0.002060204954050406,0.0004615515260793345,21.12676056338028,14.175823211669922,15.708366394042969
2026-05-03T17:21:57.204Z,0.001009901668904934,0.0001723331842816807,25.394328472428896,14.242965698242188,15.708366394042969
2026-05-03T17:21:58.486Z,0.000850827086205576,0.0004689258328030731,25.633081340108234,14.260787963867188,15.708366394042969
2026-05-03T17:21:59.776Z,0.05364301728039253,0.017597229500127032,29.047553914193223,14.329334259033203,15.708366394042969
2026-05-03T17:22:01.103Z,0.26234953214591217,0.03364232267143124,35.821386024729904,14.373199462890625,15.708366394042969
2026-05-03T17:22:02.439Z,0.009006208127683346,0.01334571265601539,37.07149650580986,14.423015594482422,15.708366394042969
2026-05-03T17:22:03.805Z,0.010137204770688657,0.005241399583560276,29.591836734693878,14.434444427490234,15.708366394042969
2026-05-03T17:22:05.029Z,0.0024290690955287107,0.005556322927927644,34.67090451595815,14.394752502441406,15.708366394042969
2026-05-03T17:22:06.389Z,0.0006226171930152249,0.00009263854428946253,21.530182303616872,14.438236236572266,15.708366394042969
2026-05-03T17:22:07.745Z,0.5476158277123375,0.04080474200853556,21.253959230082028,14.45389175415039,15.708366394042969
2026-05-03T17:22:09.170Z,0.013407325454317089,0.016144240102085712,33.02013422818792,14.424480438232422,15.708366394042969
2026-05-03T17:22:10.510Z,0.030625965226795303,0.009097907581183949,25.79503941549702,14.464363098144531,15.708366394042969
2026-05-03T17:22:11.818Z,0.001914529915315559,0.008313770753791533,22.466722129783694,14.45391845703125,15.708366394042969
2026-05-03T17:22:13.102Z,0.000810372390575108,0.007559176587592741,28.184991273996506,14.45785140991211,15.708366394042969
2026-05-03T17:22:14.623Z,0.4811355241048644,0.056494956030203484,36.033038440460345,14.68935775756836,15.708366394042969
2026-05-03T17:22:15.816Z,0.0022615705217633925,0.000973034622077655,42.74961533663243,14.475959777832031,15.708366394042969
2026-05-03T17:22:17.025Z,0.0013795793307138351,0.000736310363718198,23.641061780596665,14.451522827148438,15.708366394042969
2026-05-03T17:22:18.237Z,0.5325076063764066,0.03807890830925588,26.217971851317213,14.537101745605469,15.708366394042969
2026-05-03T17:22:19.440Z,0.2370420192521741,0.021941649933623,32.40515619982568,14.488395690917969,15.708366394042969
2026-05-03T17:22:20.692Z,0.0014277276046282057,0.0017299763454408622,27.025655223329643,14.406238555908203,15.708366394042969
2026-05-03T17:22:21.986Z,0.010127534445919737,0.16759516929160323,27.77229210492423,14.442195892333984,15.708366394042969
2026-05-03T17:22:23.193Z,0.0027243449876081923,0.0007118003955785779,27.298812519313113,14.323009490966797,15.708366394042969
2026-05-03T17:22:24.494Z,0.8913231199231171,0.06424793188825889,32.91623992519037,14.275054931640625,15.708366394042969
2026-05-03T17:22:25.767Z,0.007089649114080187,0.006260302362732363,26.19497936726272,14.268768310546875,15.708366394042969
2026-05-03T17:22:27.058Z,0.000572952569699755,0.00019971062155330885,23.839689722042664,14.264480590820312,15.708366394042969
2026-05-03T17:22:28.295Z,0.0011201530082907533,0.0029220400263347897,30.561038733166647,14.25418472290039,15.708366394042969
2026-05-03T17:22:29.581Z,1.3076258294376326,0.09034886772249952,36.10490365560569,14.235309600830078,15.708366394042969
2026-05-03T17:22:30.804Z,0.0087976845898917,0.0019463696768553089,26.581760291107575,14.2388916015625,15.708366394042969
2026-05-03T17:22:32.864Z,0.0055584410301256154,0.002875229534422303,24.314369750125863,14.309669494628906,15.708366394042969
2026-05-03T17:22:35.408Z,0.0010629692639291311,0.0006975142831494977,21.493362831858406,14.256019592285156,15.708366394042969
2026-05-03T17:22:37.871Z,0.004089633846818301,0.0016125279038833825,20.04244125643803,14.302135467529297,15.708366394042969
2026-05-03T17:22:40.418Z,0.5951896045959545,0.04933885306366219,28.572674355229022,14.297935485839844,15.708366394042969
2026-05-03T17:22:42.707Z,0.010641150199171258,0.006792910762626194,24.21050122744715,14.335559844970703,15.708366394042969
2026-05-03T17:22:45.151Z,0.33284817161575897,0.03447637561942196,22.33417102805893,14.288749694824219,15.708366394042969
2026-05-03T17:22:47.738Z,0.07176848040422108,0.009080972572587519,22.66027612241003,14.23504638671875,15.708366394042969
2026-05-03T17:22:50.319Z,0.3021624972144391,0.020035330751603266,23.78164284484243,14.280452728271484,15.708366394042969
2026-05-03T17:22:52.632Z,0.0007064103571845016,0.0005087618634644856,21.741180909262404,14.274986267089844,15.708366394042969
2026-05-03T17:22:55.356Z,0.003881862514716845,0.0014382751996388087,26.71481651567653,14.288074493408203,15.708366394042969
2026-05-03T17:22:57.732Z,0.4626301580986368,0.03200931313597125,22.631172137855778,14.359233856201172,15.708366394042969
2026-05-03T17:23:00.267Z,0.256756299569385,0.024322964143734492,26.350270270270272,14.349372863769531,15.708366394042969
2026-05-03T17:23:02.825Z,0.00092926025390625,0.000667572021484375,24.552536911566726,14.375526428222656,15.708366394042969
2026-05-03T17:23:05.421Z,0.004964629655639177,0.009460891075576135,25.214564921821893,14.371421813964844,15.708366394042969
2026-05-03T17:23:07.824Z,0.5211497916549933,0.03646788049916752,22.12694523841931,14.39090347290039,15.708366394042969
2026-05-03T17:23:10.514Z,0.00607856298354949,0.00425545617443743,23.0694562052087,14.407096862792969,15.708366394042969
2026-05-03T17:23:12.883Z,0.467563207078291,0.03052520110018373,24.55313617159571,14.396991729736328,15.708366394042969
2026-05-03T17:23:15.484Z,0.46018242157387784,0.03869094703862518,25.32972678283114,14.392925262451172,15.708366394042969
2026-05-03T17:23:20.316Z,0.006378527760927261,0.003909330643808021,18.38589853032785,14.437908172607422,15.708366394042969
2026-05-03T17:24:18.269Z,0.16506522571568072,0.014622698608259236,13.190002862397195,13.885028839111328,15.708366394042969
2026-05-03T17:25:18.188Z,0.0038851313495448375,0.0037499551460490233,11.77577118709806,13.974552154541016,15.708366394042969
2026-05-03T17:26:18.267Z,0.006008630969939984,0.007632793024284552,16.13099071261623,14.774406433105469,15.708366394042969
2026-05-03T17:29:16.817Z,0.11276945633661056,0.012917034930611405,15.175406196396512,13.369388580322266,15.708366394042969
2026-05-03T17:29:18.224Z,0.002300154363688882,0.0010993287904392708,30.378096479791395,13.51971435546875,15.708366394042969
2026-05-03T17:29:19.580Z,0.007418545809659091,0.004379966042258523,28.43231546044722,13.531551361083984,15.708366394042969
2026-05-03T17:29:20.971Z,0.011796217698317308,0.0073939452677856,35.00344282879015,13.593204498291016,15.708366394042969
2026-05-03T17:29:22.320Z,0.0014604443181170162,0.0019999316138942743,25.23046092184369,13.538959503173828,15.708366394042969
2026-05-03T17:29:23.645Z,0.0806338652264324,0.00823956880340458,23.567590801633354,13.5086669921875,15.708366394042969
2026-05-03T17:29:24.916Z,0.29901927580488,0.017475957208110647,23.552664086304866,13.510635375976562,15.708366394042969
2026-05-03T17:29:26.199Z,0.00012776498018839713,0.00004106731506055622,24.018775145283865,13.553417205810547,15.708366394042969
2026-05-03T17:29:27.527Z,0.0006211809365146131,0.00022118350109422063,21.093392180538785,13.531757354736328,15.708366394042969
2026-05-03T17:29:28.844Z,0.00019336166323462607,0.00016855299700829668,21.73986415221702,13.573253631591797,15.708366394042969
2026-05-03T17:29:30.096Z,0.0003965627878927463,0.000409880194948846,33.43196516887179,13.582012176513672,15.708366394042969
2026-05-03T17:29:31.382Z,0.007426549517919147,0.0026256319076295885,30.989548587947517,13.60562515258789,15.708366394042969
2026-05-03T17:29:32.702Z,0.0004480349137479027,0.0004949719047119687,22.51112290297563,13.622016906738281,15.708366394042969
2026-05-03T17:29:33.988Z,0.14335128099875222,0.011100438896077154,24.209788985202696,13.664600372314453,15.708366394042969
2026-05-03T17:29:35.322Z,0.007303837285332871,0.002643266115856961,29.836995038979445,13.69256591796875,15.708366394042969
2026-05-03T17:29:36.666Z,0.0019317649933229008,0.0014412833983639636,21.727541543459246,13.702125549316406,15.708366394042969
2026-05-03T17:29:37.998Z,0.0009594454166568173,0.00043283251879254914,22.123893805309734,13.71335220336914,15.708366394042969
2026-05-03T17:29:39.353Z,0.0006196426941771293,0.0003221019214352235,22.446633825944172,13.730335235595703,15.708366394042969
2026-05-03T17:29:40.718Z,0.0009833902552507927,0.0011153843091881795,26.75077856743592,13.759502410888672,15.708366394042969
2026-05-03T17:29:42.072Z,0.06786911575882523,0.007892184787326388,24.16146004603749,13.805400848388672,15.708366394042969
2026-05-03T17:29:43.424Z,0.0006836580942912274,0.000428004437182323,24.703771695594128,13.8092041015625,15.708366394042969
2026-05-03T17:29:44.700Z,0.0005762844799674131,0.00016028139771533613,30.593415810442444,13.801319122314453,15.708366394042969
2026-05-03T17:29:46.018Z,0.006961242768539846,0.002473321004479127,26.20490741127785,13.825729370117188,15.708366394042969
2026-05-03T17:29:47.358Z,0.0020299845131370553,0.008758366017767232,27.749548565909375,13.814449310302734,15.708366394042969
2026-05-03T17:29:48.679Z,0.0005407726273554542,0.0003793266382110253,25.303450847176766,13.809188842773438,15.708366394042969
2026-05-03T17:29:49.991Z,0.0002494007127600297,0.00029332924739389855,18.729042283471006,13.860443115234375,15.708366394042969
2026-05-03T17:29:51.270Z,0.0008021772049834939,0.00025830257497579925,28.783831908831907,13.846546173095703,15.708366394042969
2026-05-03T17:29:52.667Z,0.02664305364311053,0.017436072397267667,23.560981605145642,13.824424743652344,15.708366394042969
2026-05-03T17:29:54.022Z,0.00038516401731471933,0.00003694290752219333,25.90022208121827,13.85116195678711,15.708366394042969
2026-05-03T17:29:55.343Z,0.00020238062559626302,0.00013634063198064036,32.8610152784623,13.915393829345703,15.708366394042969
2026-05-03T17:29:56.649Z,0.0078048414856422945,0.004403645755680463,20.22951918244262,13.930763244628906,15.708366394042969
2026-05-03T17:29:57.980Z,0.000493105294760472,0.00047864472893171915,26.138978370915783,13.944847106933594,15.708366394042969
2026-05-03T17:29:59.294Z,0.0002458296190887983,0.00016557347873922006,23.147101904164053,13.988155364990234,15.708366394042969
2026-05-03T17:30:00.607Z,0.0002489104437357739,0.00014760968175028452,26.121229722441193,14.029102325439453,15.708366394042969
2026-05-03T17:30:01.920Z,0.0017108557359227594,0.0007183146926591982,30.699100741784424,13.742252349853516,15.708366394042969
2026-05-03T17:30:03.268Z,0.0009945669364052928,0.0007265742303401368,27.725528235839906,13.717464447021484,15.708366394042969
2026-05-03T17:30:04.559Z,0.00860615324865852,0.005147821423506051,27.563004137585157,13.714080810546875,15.708366394042969
2026-05-03T17:30:05.863Z,0.005433708992494567,0.005275844536490812,27.01967350355797,13.668987274169922,15.708366394042969
2026-05-03T17:30:07.161Z,0.0018412672628567914,0.0005451713021345964,21.82888264230499,13.686447143554688,15.708366394042969
2026-05-03T17:30:08.566Z,0.006678431442466795,0.002429259950248756,22.925927382872427,13.696063995361328,15.708366394042969
2026-05-03T17:30:09.893Z,0.0008732879755597462,0.0005210496456687021,23.588334742180898,13.68118667602539,15.708366394042969
2026-05-03T17:30:11.280Z,0.0077471321011766976,0.008284569479195035,27.884538393786535,13.715572357177734,15.708366394042969
2026-05-03T17:30:12.685Z,0.0070205362666119885,0.0005409810890930827,29.106945975744214,13.689807891845703,15.708366394042969
2026-05-03T17:30:13.967Z,0.0008897531565238588,0.0005694126311362432,22.99832567724209,13.660655975341797,15.708366394042969
2026-05-03T17:30:15.377Z,0.006443270878517926,0.00250216611881846,19.81648422408242,13.662498474121094,15.708366394042969
2026-05-03T17:30:16.662Z,0.012330666273653864,0.012481283998774911,23.37455460071264,13.67633056640625,15.708366394042969
2026-05-03T17:30:18.057Z,0.0021605182894699868,0.005759095116484938,21.22973995460157,13.615623474121094,15.708366394042969
2026-05-03T17:30:19.407Z,0.006799490399943736,0.0025855806297765847,26.590720795360394,13.636581420898438,15.708366394042969
2026-05-03T17:30:20.790Z,0.007598586674653962,0.014366045840250358,24.601502563898716,13.667354583740234,15.708366394042969
2026-05-03T17:30:22.212Z,0.0007066084313269107,0.0006303709582167145,25.57609315202345,13.676986694335938,15.708366394042969
2026-05-03T17:30:23.548Z,0.0008169516677802298,0.0002226819376136666,27.28242405088295,13.67184829711914,15.708366394042969
2026-05-03T17:30:24.835Z,0.0009860632554540094,0.0007463851065005896,23.444816053511705,13.702354431152344,15.708366394042969
2026-05-03T17:30:26.140Z,0.00814840613133404,0.0027348795735028636,25.534052684461138,13.683250427246094,15.708366394042969
2026-05-03T17:30:27.629Z,0.0008792645093280244,0.0006451125476048005,17.67079393963369,13.689109802246094,15.708366394042969
2026-05-03T17:30:29.005Z,0.0005899473678234012,0.0005335506806737957,17.6911041573536,13.704689025878906,15.708366394042969
2026-05-03T17:30:30.382Z,0.0069644600369871265,0.007050526714741402,22.151288846061192,13.696006774902344,15.708366394042969
2026-05-03T17:30:31.658Z,0.004612056170043464,0.007557248956486407,20.816041238914856,13.609996795654297,15.708366394042969
2026-05-03T17:30:32.990Z,0.0012884364153418783,0.0006528945471681909,17.9556856187291,13.622364044189453,15.708366394042969
2026-05-03T17:30:34.542Z,0.0005682853803242723,0.0005385284191578672,27.74840550520309,13.646224975585938,15.708366394042969
2026-05-03T17:30:35.608Z,0.0002299640195589539,0.00015421116605718086,24.853021870345692,13.668678283691406,15.708366394042969
2026-05-03T17:30:35.697Z,0.0009166384206234831,0,24.853021870345692,13.630695343017578,15.708366394042969
2026-05-03T17:30:36.988Z,0.007613499959309896,0.004628499348958334,25.493041919235036,13.654685974121094,15.708366394042969
2026-05-03T17:30:38.598Z,0.0008575115536450436,0.0004439393709427123,18.599839547354645,13.662788391113281,15.708366394042969
2026-05-03T17:30:39.632Z,0.0016061172269221406,0.0009192285726833615,26.615438351379673,13.704864501953125,15.708366394042969
2026-05-03T17:30:39.816Z,0.007115497490284974,0.0018974659974093264,26.615438351379673,13.708377838134766,15.708366394042969
2026-05-03T17:30:41.293Z,0.007287511285745872,0.0028797991457681755,29.31095755182626,13.68142318725586,15.708366394042969
2026-05-03T17:30:42.345Z,0.0008490298972519455,0.0004148668816117461,21.174300909246867,13.728679656982422,15.708366394042969
2026-05-03T17:30:42.477Z,0.0013837627336090686,0.0021691415824142157,21.174300909246867,13.709365844726562,15.708366394042969
2026-05-03T17:30:43.771Z,0.0003120536995252504,0.00019423750684734975,30.687174398412303,13.683395385742188,15.708366394042969
2026-05-03T17:30:45.076Z,0.00007212662897190126,0.00003934179762103705,21.174639235979637,13.719856262207031,15.708366394042969
2026-05-03T17:30:46.436Z,0.0006387688521015851,0.00484692568034795,23.46926643680894,13.715019226074219,15.708366394042969
2026-05-03T17:30:47.210Z,0.00022610588252824237,0.00022386721042400235,31.546351848267857,13.728130340576172,15.708366394042969
2026-05-03T17:30:47.704Z,0.02201321055588213,0.008522885517009254,39.64457509353287,13.774250030517578,15.708366394042969
2026-05-03T17:30:49.004Z,0,0,20.702222222222222,13.73659896850586,15.708366394042969
2026-05-03T17:30:50.269Z,0.0005861429067758414,0.00036899860088641825,21.447630341789843,13.755134582519531,15.708366394042969
2026-05-03T17:30:51.316Z,0.0014495849609375,0.002477778944858285,28.121801432958033,13.79397964477539,15.708366394042969
2026-05-03T17:30:51.455Z,0.04482808086158192,0.0069074038058350995,28.121801432958033,13.77780532836914,15.708366394042969
2026-05-03T17:30:52.702Z,0.0009210087800882414,0.0005728419661621501,30.90491724054609,13.75472640991211,15.708366394042969
2026-05-03T17:30:54.011Z,0.0015422878250326807,0.0009039959384403365,24.355438826876778,13.757247924804688,15.708366394042969
2026-05-03T17:30:55.251Z,0.00046140791271427194,0.00014106738732665638,25.76592744519933,13.784969329833984,15.708366394042969
2026-05-03T17:30:56.296Z,0.000345374848496788,0.000049470137450468304,29.869023533170058,13.853935241699219,15.708366394042969
2026-05-03T17:30:56.409Z,0,0,29.869023533170058,13.826541900634766,15.708366394042969
2026-05-03T17:30:57.741Z,0.0012614655255473977,0.0004991639816641409,23.14653248386966,13.796073913574219,15.708366394042969
2026-05-03T17:30:59.278Z,0.007003680613245899,0.002652451643217383,18.573769802916335,13.786693572998047,15.708366394042969
2026-05-03T17:31:00.321Z,0.010176727250108984,0.010256550210513032,30.251623376623378,13.88998031616211,15.708366394042969
2026-05-03T17:31:00.444Z,0.0010081699916294643,0.0029563903808593746,30.251623376623378,13.873619079589844,15.708366394042969
2026-05-03T17:31:01.724Z,0.004732116194795972,0.0025363007852853823,30.93492398823578,13.876091003417969,15.708366394042969
2026-05-03T17:31:03.055Z,0.007363132792485378,0.0031685884480133412,19.782737842654672,13.878223419189453,15.708366394042969
2026-05-03T17:31:04.371Z,0.0007880619995027364,0.0006105199818053256,19.920351105331598,13.884449005126953,15.708366394042969
2026-05-03T17:31:05.327Z,0.00044560735409793505,0.00026661862609206994,31.188781244982067,13.961444854736328,15.708366394042969
2026-05-03T17:31:05.631Z,0.0004613442541459837,0.0006610305731046931,30.580000000000002,13.968017578125,15.708366394042969
2026-05-03T17:31:06.985Z,0.0008828342913057858,0.0009452953887061951,23.78502001143511,13.925514221191406,15.708366394042969
2026-05-03T17:31:08.281Z,0.00136433377448366,0.00037131055529995784,24.18077211706829,13.905391693115234,15.708366394042969
2026-05-03T17:31:09.337Z,0.008138132766938547,0.0028282823696942397,28.8630303030303,13.977569580078125,15.708366394042969
2026-05-03T17:31:09.487Z,0,0.03558514164943321,28.8630303030303,13.94488525390625,15.708366394042969
2026-05-03T17:31:10.798Z,0.001122937794092158,0.0004733108357513352,32.12888655885793,13.930316925048828,15.708366394042969
2026-05-03T17:31:12.285Z,0.013523739953023351,0.014749690059392426,23.52147239263804,13.937213897705078,15.708366394042969
2026-05-03T17:31:13.370Z,0.0012777169053399524,0.002142076521835091,26.68706442291348,13.984737396240234,15.708366394042969
2026-05-03T17:31:13.491Z,0.04960291133904309,0.04525510420710403,26.68706442291348,13.973079681396484,15.708366394042969
2026-05-03T17:31:14.879Z,0.0006808647267049484,0.0004188747807878343,32.38178425378172,13.94686508178711,15.708366394042969
2026-05-03T17:31:16.239Z,0.0002923323281446294,0.00026631680479686376,27.07000039750368,13.96646499633789,15.708366394042969
2026-05-03T17:31:17.315Z,0.005457046869638804,0.00864106255608636,28.97801378796348,14.053581237792969,15.708366394042969
2026-05-03T17:31:17.468Z,0.6641324361165365,0.07520039876302084,28.97801378796348,14.011371612548828,15.708366394042969
2026-05-03T17:31:18.750Z,0.0044314118810824515,0.000648059703917805,35.6453872323394,14.032707214355469,15.708366394042969
2026-05-03T17:31:20.087Z,0.008766294464351624,0.009248388095164862,31.03748530628238,14.05562973022461,15.708366394042969
2026-05-03T17:31:21.272Z,0.017736183022553066,0.008024539587632665,39.22807904605401,14.17978286743164,15.708366394042969
2026-05-03T17:31:21.425Z,0.0015745226968854867,0.0003456269334626678,39.22807904605401,14.1536865234375,15.708366394042969
2026-05-03T17:31:22.714Z,0.0010566679977328935,0.0005322650554056317,27.985573611054825,14.143413543701172,15.708366394042969
2026-05-03T17:31:24.011Z,0.001231214210344911,0.0005381026135140528,23.575173346862844,14.147090911865234,15.708366394042969
2026-05-03T17:31:25.296Z,0.011116799677392389,0.010028052422786966,25.424814277175305,14.169944763183594,15.708366394042969
2026-05-03T17:31:26.354Z,0.0032606259198255947,0.000852094569676359,32.96925966195513,14.170188903808594,15.708366394042969
2026-05-03T17:31:26.481Z,0,0.0007152557373046875,32.96925966195513,14.142017364501953,15.708366394042969
2026-05-03T17:31:27.754Z,0.0006233113436945691,0.000370165740508269,24.442140190792202,14.134029388427734,15.708366394042969
2026-05-03T17:31:29.256Z,0.0019465504918575998,0.0010570246720706044,23.445489031832427,14.12356948852539,15.708366394042969
2026-05-03T17:31:30.345Z,0.0002090548656413391,0.0001795064747379696,30.475623751434522,14.187911987304688,15.708366394042969
2026-05-03T17:31:30.465Z,0.0010899135044642857,0.0015894571940104167,30.475623751434522,14.164268493652344,15.708366394042969
2026-05-03T17:31:31.740Z,0.007647967358749868,0.002773811411393284,36.33165829145729,14.148353576660156,15.708366394042969
2026-05-03T17:31:33.327Z,0.0007709511607204542,0.0005481694670573876,25.274003530232747,14.150367736816406,15.708366394042969
2026-05-03T17:31:34.426Z,0.0012772914655613968,0.000660976003157646,26.6627054862349,14.203956604003906,15.708366394042969
2026-05-03T17:31:34.528Z,0.0008999461859044895,0.001249179034165933,26.6627054862349,14.17562484741211,15.708366394042969
2026-05-03T17:31:35.813Z,0.007463028741410089,0.0029180403325911137,27.95288252794082,14.182754516601562,15.708366394042969
2026-05-03T17:31:37.296Z,0.0009365424424588323,0.00047612333012198255,21.009182040266193,14.168445587158203,15.708366394042969
2026-05-03T17:31:38.394Z,0.0006582222732843138,0.00041438084022671573,25.32677623916138,14.246353149414062,15.708366394042969
2026-05-03T17:31:38.486Z,0.001509984334309896,0.0007152557373046875,25.32677623916138,14.210018157958984,15.708366394042969
2026-05-03T17:31:39.840Z,0.0007276010358989431,0.0005285330960665706,28.508736286062575,14.198234558105469,15.708366394042969
2026-05-03T17:31:41.314Z,0.0009663150658136965,0.0006987525366894099,26.45756457564576,14.095821380615234,15.708366394042969
2026-05-03T17:31:42.371Z,0.0020076554135022412,0.006737272102994274,26.21133794795409,14.168563842773438,15.708366394042969
2026-05-03T17:31:42.501Z,0.011843604010504646,0.013158128068253802,26.21133794795409,14.147804260253906,15.708366394042969
2026-05-03T17:31:43.833Z,0.006101356944251465,0.0011294526059297948,24.764663287472846,14.148384094238281,15.708366394042969
2026-05-03T17:31:45.308Z,0.000507213451244213,0.0009543807418258101,26.646547856938952,14.1763916015625,15.708366394042969
2026-05-03T17:31:46.506Z,0.0003896733765961021,0.0003896733765961021,29.913620696991615,14.244869232177734,15.708366394042969
2026-05-03T17:31:46.693Z,0.048361189378415305,0.016363592095713798,29.913620696991615,14.262931823730469,15.708366394042969
2026-05-03T17:31:47.967Z,0.022922619880783094,0.03280442869654454,35.21040715851511,14.384876251220703,15.708366394042969
2026-05-03T17:31:49.324Z,0.0023987679671074636,0.004536514982171015,32.649269487374376,14.458049774169922,15.708366394042969
2026-05-03T17:31:50.538Z,0.0101243606721512,0.014392553416906446,40.52455969928623,14.64089584350586,15.708366394042969
2026-05-03T17:31:50.671Z,0.17649827603094592,0.014465012236269647,40.52455969928623,14.622203826904297,15.708366394042969
2026-05-03T17:31:51.956Z,0.4063911563885881,0.05027327207055422,41.88801293713362,14.563724517822266,15.708366394042969
2026-05-03T17:31:53.946Z,0.14423098726538314,0.03199621619823916,52.44342966194111,14.72713851928711,15.708366394042969
2026-05-03T17:31:55.615Z,0.013137768231380301,0.015290874025185107,51.19433910629814,14.896923065185547,15.708366394042969
2026-05-03T17:31:56.369Z,0.007235095105363649,0.011399615505885651,55.44315041452823,14.780738830566406,15.708366394042969
2026-05-03T17:31:57.128Z,0.0006259900133756664,0.0004158200810870853,47.33638743455497,14.695709228515625,15.708366394042969
2026-05-03T17:31:57.828Z,0.9465056161085764,0.07291138172149658,55.344925883694415,14.642330169677734,15.708366394042969
2026-05-03T17:31:58.043Z,0,0,45.94202898550724,14.62353515625,15.708366394042969
2026-05-03T17:31:59.362Z,0.006610960343465198,0.015468065699481214,32.86821705426357,14.343704223632812,15.708366394042969
2026-05-03T17:32:00.390Z,0.03344631759372688,0.00767830090645032,36.44321209155657,14.32779312133789,15.708366394042969
2026-05-03T17:32:00.753Z,0,0,42.946954813359525,14.321552276611328,15.708366394042969
2026-05-03T17:32:02.547Z,0.014508147599343256,0.01044749053435314,46.16257719913203,14.107192993164062,15.708366394042969
2026-05-03T17:32:03.863Z,0.12229588417176018,0.05370808114865345,49.36388748395129,14.229804992675781,15.708366394042969
2026-05-03T17:32:04.402Z,0.00701689384352993,0.005767714809363997,41.8179021839434,14.235260009765625,15.708366394042969
2026-05-03T17:32:06.086Z,0.3229406173631541,0.06523121975067188,50.351127774802116,14.280227661132812,15.708366394042969
2026-05-03T17:32:06.234Z,0.019098917643229168,0.0026957194010416665,54.853050135836014,14.28704833984375,15.708366394042969
2026-05-03T17:32:07.528Z,0.008602837650498123,0.005542081624290788,38.346578104613926,14.230484008789062,15.708366394042969
2026-05-03T17:32:09.049Z,0.03898110746346683,0.04029141898960949,41.30966952264382,14.078739166259766,15.708366394042969
2026-05-03T17:32:10.600Z,0.027245283126831055,0.036673545837402344,36.06340819022457,14.024303436279297,15.708366394042969
2026-05-03T17:32:12.095Z,0.0044053956844699715,0.01169596670677969,35.00039660506068,14.085685729980469,15.708366394042969
2026-05-03T17:32:13.409Z,0.25754785139248565,0.02315781574727433,29.74420217274058,14.083335876464844,15.708366394042969
2026-05-03T17:32:14.733Z,0.0045600238147082625,0.006918434624199395,25.82649763857818,13.967815399169922,15.708366394042969
2026-05-03T17:32:16.041Z,0.3828810777873863,0.055435302132815466,34.32269488595641,14.116321563720703,15.708366394042969
2026-05-03T17:32:17.363Z,0.006934086165105205,0.004022909825541584,30.706025562994522,14.204109191894531,15.708366394042969
2026-05-03T17:32:18.750Z,0.013550474228760484,0.049808384042925535,33.07374056948162,14.27798080444336,15.708366394042969
2026-05-03T17:32:20.837Z,1.4542920358307425,0.09978079323342093,46.93494456502611,14.455390930175781,15.708366394042969
2026-05-03T17:32:23.055Z,0.21053203537803505,0.07628962221949726,50.2878454144974,14.469249725341797,15.708366394042969
2026-05-03T17:32:24.984Z,0.09107685472113061,0.06089823313027501,42.42390733419954,14.2547607421875,15.708366394042969
2026-05-03T17:32:26.668Z,0.2046831855876748,0.0164571798072671,42.45162440923818,14.192863464355469,15.708366394042969
2026-05-03T17:32:28.081Z,0.000709344532864153,0.00021017615788567493,33.633553409914896,14.16946029663086,15.708366394042969
2026-05-03T17:32:29.438Z,0.0062051298316389185,0.005811583006746383,31.814339197294792,14.143665313720703,15.708366394042969
2026-05-03T17:32:30.718Z,0.0068973692914396974,0.0036951234216719224,39.43798449612403,14.29819107055664,15.708366394042969
2026-05-03T17:32:31.996Z,0.002326521762581759,0.004317409308381783,34.132066669494044,14.156787872314453,15.708366394042969
2026-05-03T17:32:34.664Z,0.1495537905669718,0.01132974422386381,38.004937163375224,14.282417297363281,15.708366394042969
2026-05-03T17:32:37.476Z,0.12212618561863779,0.01089877015897012,37.12784913505086,14.25234603881836,15.708366394042969
2026-05-03T17:32:40.164Z,0.007382432693126328,0.010399524250460323,30.414285714285715,14.151805877685547,15.708366394042969
2026-05-03T17:32:41.527Z,0.001290601170705464,0.0032022327720048183,34.175642087821046,14.336448669433594,15.708366394042969
2026-05-03T17:32:42.739Z,0.007090523698860575,0.002637552243415091,36.431034482758626,14.33414077758789,15.708366394042969
2026-05-03T17:32:45.530Z,0.13932185902640473,0.01393028408656352,28.21433586775533,14.109790802001953,15.708366394042969
2026-05-03T17:32:48.288Z,0.0025816316957826967,0.0022086390742549187,30.82811412665275,14.320808410644531,15.708366394042969
2026-05-03T17:32:54.483Z,0.1282462429232684,0.013438386828951826,26.169218996015374,13.687690734863281,15.708366394042969
2026-05-03T17:32:55.779Z,0.0005395693470769962,0.00010008141115137833,37.43790519491454,13.667129516601562,15.708366394042969
2026-05-03T17:32:57.067Z,0.0017645206540683502,0.006319394163706001,29.79540745856354,13.738449096679688,15.708366394042969
2026-05-03T17:32:59.814Z,0.20556692469753035,0.015219834671558786,26.32780680462418,13.807456970214844,15.708366394042969
2026-05-03T17:33:01.049Z,0.0016351898169498877,0.005543837797091844,34.05847245048006,13.829795837402344,15.708366394042969
2026-05-03T17:33:02.347Z,0.0004753400242684213,0.0015165966758548372,32.113029555584404,13.833072662353516,15.708366394042969
2026-05-03T17:33:03.585Z,0.015407706660803183,0.005830349606294361,32.539648243377556,13.790653228759766,15.708366394042969
2026-05-03T17:33:04.835Z,0.2942938393297287,0.02140358994944027,27.778271692745378,13.746864318847656,15.708366394042969
2026-05-03T17:33:06.084Z,0.0015309590115674182,0.005143221777422568,28.473834613323806,13.72964096069336,15.708366394042969
2026-05-03T17:33:07.479Z,0.0009869341324232651,0.004240287156291703,25.1769424347279,13.752540588378906,15.708366394042969
2026-05-03T17:33:10.119Z,0.000765468135024562,0.0006177208640358665,23.537791184850008,13.624137878417969,15.708366394042969
2026-05-03T17:33:11.373Z,0.30326311331821154,0.024441418894733568,27.3022561671495,13.672077178955078,15.708366394042969
2026-05-03T17:33:12.603Z,0.007614734489169321,0.0071409836556147605,31.48790466026325,13.64535140991211,15.708366394042969
2026-05-03T17:33:15.189Z,0.14926067584289598,0.012999777614014989,25.03686291270435,13.647102355957031,15.708366394042969
2026-05-03T17:33:16.478Z,0.00006488606899599486,0.00006865851486785502,25.24445608521041,13.668922424316406,15.708366394042969
2026-05-03T17:33:17.781Z,0.003954549661478647,0.00404381714819374,26.835355882606077,13.664081573486328,15.708366394042969
2026-05-03T17:33:20.391Z,0.0006022628830985789,0.000462941596844445,23.914378268510088,13.652484893798828,15.708366394042969
2026-05-03T17:33:22.927Z,0.15654358514112976,0.01714504361846533,22.761661839090397,13.649150848388672,15.708366394042969
2026-05-03T17:33:24.214Z,0.0006335176179452446,0.00036697206474539787,25.074106364428943,13.679901123046875,15.708366394042969
2026-05-03T17:33:25.471Z,0.29356149757433236,0.026097837484107825,33.53069220722682,13.576618194580078,15.708366394042969
2026-05-03T17:33:28.141Z,0.004556642315977747,0.0037786354513393277,25.258373801519113,13.549072265625,15.708366394042969
2026-05-03T17:33:29.418Z,0.0008316221980108555,0.004061833853183376,22.25805045971502,13.608295440673828,15.708366394042969
2026-05-03T17:33:31.128Z,0.006746756366271077,0.009046202181371426,33.354857456494365,13.659297943115234,15.708366394042969
2026-05-03T17:33:32.442Z,0.2900550143364487,0.038590405517766074,36.49970486550299,13.674209594726562,15.708366394042969
2026-05-03T17:33:33.733Z,0.008481708582840381,0.007995623225292741,30.81642284096272,13.735443115234375,15.708366394042969
2026-05-03T17:33:36.536Z,0.1684153260415979,0.028578339643522032,37.09955619294947,13.926891326904297,15.708366394042969
2026-05-03T17:33:39.117Z,0.007510138511283871,0.003613569557970526,25.166022830852036,13.936359405517578,15.708366394042969
2026-05-03T17:33:40.410Z,0.003276013998644954,0.0008270544724014294,30.118550394464837,13.959354400634766,15.708366394042969
2026-05-03T17:33:41.703Z,0.0012383094200721153,0.007878817044771634,26.68892884664783,13.874626159667969,15.708366394042969
2026-05-03T17:33:44.623Z,0.14245121864002375,0.014731440186132747,19.687854710556184,13.800235748291016,15.708366394042969
2026-05-03T17:33:47.348Z,0.1000138092889669,0.007958601349408775,27.905491698595146,13.379951477050781,15.708366394042969
2026-05-03T17:33:48.682Z,0.09194974546079282,0.019776379620587384,24.7627194590411,13.376422882080078,15.708366394042969
2026-05-03T17:33:49.989Z,0.0028988210166372903,0.003466518913827291,28.236136861621443,13.372482299804688,15.708366394042969
2026-05-03T17:33:51.931Z,0.0015980488545185812,0.0013626043117467678,31.406833189778926,13.389938354492188,15.708366394042969
2026-05-03T17:33:53.220Z,0.0006768246294433967,0.0003438764532801757,26.28768448051129,13.392463684082031,15.708366394042969
2026-05-03T17:33:55.051Z,0.15101380400605255,0.012942722865513392,24.307468741485273,13.420673370361328,15.708366394042969
2026-05-03T17:33:56.378Z,0.0010617716289295536,0.002467036691732499,30.136816945520483,13.411361694335938,15.708366394042969
2026-05-03T17:33:57.694Z,0.0008317433535780536,0.0003454710613465563,24.16241958392514,13.407203674316406,15.708366394042969
2026-05-03T17:34:18.276Z,0.038404062989041296,0.006419604060505833,12.07822602824679,13.359325408935547,15.708366394042969
2026-05-03T17:35:18.280Z,0.027982594281236853,0.005252241267856316,10.049933889303363,13.51742172241211,15.708366394042969
2026-05-03T17:36:18.293Z,0.004550357999741076,0.0066394005126322415,15.00816744036754,13.537899017333984,15.708366394042969
2026-05-03T17:37:18.284Z,0.03921975295437661,0.009502588005973756,14.466065977441875,13.643558502197266,15.708366394042969
2026-05-04T02:25:19.428Z,0,0,2.4210480479749714,14.62685775756836,15.708366394042969
2026-05-04T02:25:20.822Z,0.001685225417776937,0.003183766082176406,34.94690589527645,14.416534423828125,15.708366394042969
2026-05-04T02:25:22.180Z,0.0022277776665542226,0.004070763664079509,35.01795084230876,14.189228057861328,15.708366394042969
2026-05-04T02:25:23.547Z,0.0007740171294734271,0.0006646605809056218,32.86412188457398,14.011978149414062,15.708366394042969
2026-05-04T02:25:24.970Z,0.0006039045636148974,0.004657354796250439,29.371171590292317,13.994361877441406,15.708366394042969
2026-05-04T02:25:26.382Z,0.014080121019272317,0.014751023763600877,24.2677332078579,13.995723724365234,15.708366394042969
2026-05-04T02:25:27.906Z,0.0018451671749036588,0.0005244870797528349,28.646955159584884,14.019432067871094,15.708366394042969
2026-05-04T02:25:29.555Z,0.15943633999704138,0.09101046950573717,54.41419762370281,14.227218627929688,15.708366394042969
2026-05-04T02:25:31.998Z,0.04469607509462173,0.026597430188392224,34.13196298273714,14.514640808105469,15.708366394042969
2026-05-04T02:25:34.736Z,0.7449230301045926,0.09690507550105872,38.61271676300578,14.6279296875,15.708366394042969
2026-05-04T02:25:37.396Z,1.8801463954988447,0.12103621212617567,39.60316479169242,14.74285888671875,15.708366394042969
2026-05-04T02:25:38.642Z,0.9740479937850205,0.11670984928076866,34.41986298381114,14.720741271972656,15.708366394042969
2026-05-04T02:25:40.487Z,0.6564939431280116,0.058542293447688784,33.336447433981064,14.762134552001953,15.708366394042969
2026-05-04T02:25:41.868Z,0.8691508429391044,0.06743839808872769,37.40761125963202,14.828208923339844,15.708366394042969
2026-05-04T02:25:43.843Z,1.5942980990340458,0.07653484225520969,33.074596198847104,14.846275329589844,15.708366394042969
2026-05-04T02:25:46.613Z,0.18884155437805064,0.04111688911807815,29.82758620689655,14.819007873535156,15.708366394042969
2026-05-04T02:25:47.996Z,0.261681396046847,0.030134057485929098,32.86592769574243,14.783031463623047,15.708366394042969
2026-05-04T02:25:49.847Z,0.07582567710957114,0.02074796099995458,27.392400609827604,14.802967071533203,15.708366394042969
2026-05-04T02:25:52.701Z,0.03168734590695363,0.020395951069960686,21.975529692629067,14.790058135986328,15.708366394042969
2026-05-04T02:25:55.594Z,0.43226675671072873,0.050960922757408135,28.667486216659217,14.827281951904297,15.708366394042969
2026-05-04T02:25:56.975Z,0.02135747235862402,0.05141455796720729,23.039034601650044,14.832836151123047,15.708366394042969
2026-05-04T02:25:59.016Z,0.05136183158836173,0.025785149042330795,28.09931034482759,14.847614288330078,15.708366394042969
2026-05-04T02:26:01.872Z,0.001127909624040333,0.003406168267801146,21.23559526776983,14.719058990478516,15.708366394042969
2026-05-04T02:26:04.692Z,0.2165684128870207,0.015046603168285657,27.166343737410553,14.718193054199219,15.708366394042969
2026-05-04T02:26:07.644Z,2.1066642803006754,0.10006726400073793,34.84216683333648,14.71707534790039,15.708366394042969
2026-05-04T02:26:09.008Z,3.9203002475358995,0.16005937829776007,29.072015466408896,14.772350311279297,15.708366394042969
2026-05-04T02:26:11.037Z,4.1411265627480125,0.1826399736054707,28.08908832220641,14.934608459472656,15.708366394042969
2026-05-04T02:26:13.951Z,4.119911322505237,0.1775953862156474,32.04022454366333,15.03219223022461,15.708366394042969
2026-05-04T02:26:16.894Z,2.818744395970458,0.1359987292514879,29.644237903698205,14.941886901855469,15.708366394042969
2026-05-04T02:27:16.758Z,0.5360489280271236,0.0321457695439321,24.3859524483938,14.155220031738281,15.708366394042969
2026-05-04T02:28:16.595Z,0.5402276316876817,0.041078019583984014,22.313144121919166,14.10232162475586,15.708366394042969
2026-05-04T02:29:16.585Z,0.5498688704439555,0.034858479424912686,23.52605091497916,14.245048522949219,15.708366394042969
2026-05-04T02:30:16.686Z,0.2765452655431593,0.015496366351009526,17.12380045546088,14.200492858886719,15.708366394042969
2026-05-04T02:31:16.634Z,0.008842346368520375,0.008300920447452006,17.49348558530149,13.701492309570312,15.708366394042969
2026-05-04T02:32:16.551Z,0.04995570229201799,0.018823666349795817,16.06572151739766,13.261940002441406,15.708366394042969
2026-05-04T02:33:16.559Z,0.25896866348182696,0.03416407527456362,23.373298237405898,14.296485900878906,15.708366394042969
2026-05-04T02:34:16.893Z,0.2317310964654925,0.06546726189762138,17.587649782434823,14.676223754882812,15.708366394042969
2026-05-04T04:59:19.112Z,0.019716173046989735,0.0043785670540014265,6.048598980844591,13.668716430664062,15.708366394042969
2026-05-04T04:59:20.547Z,0.009412988771164296,0.015242203422214672,37.42456976830813,13.882022857666016,15.708366394042969
2026-05-04T04:59:21.974Z,0.023449724309425865,0.03269489825573359,37.70925796153547,13.901927947998047,15.708366394042969
2026-05-04T04:59:23.301Z,0.006147793361118862,0.13814653669084823,34.79900978427443,13.86899185180664,15.708366394042969
2026-05-04T04:59:24.615Z,0.0007402749709141107,0.00056587619546019,34.748033170316816,13.843730926513672,15.708366394042969
2026-05-04T04:59:25.939Z,0.0006690280128071326,0.009568774973163167,33.842078708375375,13.84421157836914,15.708366394042969
2026-05-04T04:59:27.294Z,0.038093175643529646,0.003028701949905563,30.233219567690554,13.88547134399414,15.708366394042969
2026-05-04T04:59:28.592Z,0.0009551062598242774,0.004383894774290892,36.01063167075045,13.82138442993164,15.708366394042969
2026-05-04T04:59:31.079Z,0.0015702304130775567,0.006853827759836662,28.856217293795165,13.740253448486328,15.708366394042969
2026-05-04T04:59:33.155Z,0.011406203573064285,0.004243019015290016,29.985622237605835,13.662895202636719,15.708366394042969
2026-05-04T04:59:34.495Z,0.0005116604069222252,0.002145250034952888,31.990953816854468,13.626747131347656,15.708366394042969
2026-05-04T04:59:36.414Z,0.001926184196234245,0.0038746736649416095,24.9992792273317,13.6544189453125,15.708366394042969
2026-05-04T04:59:37.732Z,0.0006659090564140684,0.0006738623676198825,25.204807252463922,13.71932601928711,15.708366394042969
2026-05-04T04:59:39.453Z,0.0013195669889169911,0.008605481875068852,34.67302452316076,13.845512390136719,15.708366394042969
2026-05-04T04:59:40.727Z,0.07229133558421863,0.01018366709676487,38.60412496736576,13.851371765136719,15.708366394042969
2026-05-04T04:59:44.107Z,0.0016030263016425339,0.00232705516888178,24.357933699146077,13.851520538330078,15.708366394042969
2026-05-04T04:59:47.018Z,0.003387336943474985,0.004048467014493385,19.124659729327952,13.855510711669922,15.708366394042969
2026-05-04T04:59:49.861Z,0.0011468914835712166,0.001403508033712188,18.445585812578738,13.893299102783203,15.708366394042969
2026-05-04T04:59:52.732Z,0.000582414241892868,0.0006835163157558873,16.58204477267482,13.890384674072266,15.708366394042969
2026-05-04T04:59:55.610Z,0.00043875006046035706,0.00043908269886859086,26.465680915942695,13.929828643798828,15.708366394042969
2026-05-04T04:59:57.029Z,0.0004951637494901197,0.00032088823989303845,25.18255456685687,13.93868637084961,15.708366394042969
2026-05-04T04:59:59.005Z,0.005823993590181609,0.05229962926332643,31.91946886003817,14.025680541992188,15.708366394042969
2026-05-04T05:00:01.969Z,0.001599274105201737,0.002878561026515603,27.937638340871906,13.733043670654297,15.708366394042969
2026-05-04T05:00:04.838Z,0.0034076570649153558,0.0028492814049675104,21.931170331647632,13.726551055908203,15.708366394042969
2026-05-04T05:00:07.706Z,0.0018175950048673222,0.004778456259328461,17.895251123705297,13.716377258300781,15.708366394042969
2026-05-04T05:00:10.470Z,0.00803955530716201,0.04783289580695373,22.898471615720524,13.759708404541016,15.708366394042969
2026-05-04T05:00:11.733Z,0.0012924600281812402,0.0003611724328173904,29.30626639714421,13.770286560058594,15.708366394042969
2026-05-04T05:00:13.728Z,0.0015464856938344053,0.012850920115137368,26.548296661286212,13.793586730957031,15.708366394042969
2026-05-04T05:00:16.572Z,0.008072871345283675,0.012374530052665712,23.098450195896785,13.799446105957031,15.708366394042969
2026-05-04T05:00:19.227Z,0.0028653447361511046,0.0030720702110820664,22.296520739734614,13.822216033935547,15.708366394042969
2026-05-04T05:00:20.452Z,0.009599808723695816,0.01205090553529801,25.062522329403357,13.851150512695312,15.708366394042969
2026-05-04T05:00:22.372Z,0.0014302579726645569,0.0006185447453565258,27.065258947739906,13.87655258178711,15.708366394042969
2026-05-04T05:01:16.491Z,0.0016898919149913386,0.003614574309855266,12.908134237637784,13.575965881347656,15.708366394042969
2026-05-04T05:02:16.735Z,0.0026993228080100873,0.00477829066957624,15.006116711075245,13.541656494140625,15.708366394042969
2026-05-04T05:03:16.641Z,0.04892078727711863,0.03503227586940395,20.996539639370724,14.153556823730469,15.708366394042969
2026-05-04T05:04:16.646Z,0.0018380240355446022,0.002314519340802484,14.150741414760374,14.080268859863281,15.708366394042969
2026-05-04T05:05:16.598Z,0.034581760280567156,0.009007722626292097,17.754708253242192,14.150413513183594,15.708366394042969
2026-05-04T05:06:16.697Z,0.015305272938112202,0.005338033464149204,17.02935956743933,14.124740600585938,15.708366394042969
2026-05-04T05:07:16.676Z,0.0013191001814840445,0.001966826222656315,12.177230993939048,14.151981353759766,15.708366394042969
2026-05-04T05:08:16.650Z,0.006903766892041523,0.0075037231770979885,14.1063129910837,14.206897735595703,15.708366394042969
2026-05-04T05:09:16.627Z,0.0019584471348942866,0.002024324749190887,13.120346879468611,13.989078521728516,15.708366394042969
2026-05-04T05:10:16.626Z,0.0017991405271566068,0.005527798920109995,14.808433319758151,13.789054870605469,15.708366394042969
2026-05-04T05:11:16.648Z,0.009695040492693579,0.006495573440511362,14.86761542051816,13.920089721679688,15.708366394042969
2026-05-04T05:12:16.574Z,0.010082834693287098,0.004851785650334322,16.356298230388038,14.066097259521484,15.708366394042969
2026-05-04T05:13:16.553Z,0.0044507186572138625,0.010578413239889055,16.01792447352389,13.98013687133789,15.708366394042969
2026-05-04T05:14:18.109Z,0.002451480390042522,0.0060466670551836054,13.619183122071801,13.996269226074219,15.708366394042969
2026-05-04T05:15:16.541Z,0.00624472367905955,0.004027852894871404,13.78899697452772,13.917686462402344,15.708366394042969
2026-05-04T05:16:16.653Z,0.007717096566872173,0.004775736965656352,11.738492608360524,13.981182098388672,15.708366394042969
2026-05-04T05:17:16.715Z,0.011998330614743431,0.01532934502838289,14.940822127009715,14.072601318359375,15.708366394042969
2026-05-04T05:18:16.631Z,0.007225660801513961,0.007221989338968924,14.0517301784575,14.056049346923828,15.708366394042969
2026-05-04T05:19:16.673Z,0.053024447753800455,0.008539837053038986,14.86628888086483,14.179649353027344,15.708366394042969
2026-05-04T05:20:16.640Z,0.0072552226190804765,0.0027066118763917416,15.75749699769862,13.875896453857422,15.708366394042969
2026-05-04T05:21:16.581Z,0.0022904474840580373,0.0019041985675074078,14.052075180164856,13.742183685302734,15.708366394042969
2026-05-04T05:22:16.662Z,0.0033169079071346634,0.009506362473646043,18.135968463826156,14.099983215332031,15.708366394042969
2026-05-04T05:23:16.650Z,0.003973255881619214,0.007314584011343359,19.294811449056347,14.122390747070312,15.708366394042969
2026-05-04T05:24:16.604Z,0.0026906876215818686,0.010159175449230147,15.710269265419296,14.119087219238281,15.708366394042969
2026-05-04T05:25:16.805Z,0.0013261446324716148,0.0035793109931787884,16.265976144252264,13.884849548339844,15.708366394042969
2026-05-04T05:26:16.577Z,0.003461246692231717,0.002002727219843421,17.035682842962636,13.942501068115234,15.708366394042969
2026-05-04T05:27:16.670Z,0.0027143918096337073,0.01063358539270498,14.922213610521554,14.05502700805664,15.708366394042969
2026-05-04T05:28:16.618Z,0.005923296411033908,0.0062836807821053855,15.8118425212527,14.268089294433594,15.708366394042969
2026-05-04T05:29:16.630Z,0.0052998866183255515,0.0072745958556361436,19.001148422575337,14.307605743408203,15.708366394042969
2026-05-04T05:43:20.162Z,0.08369530466803116,0.015407147948651414,15.78092079586553,14.783973693847656,15.708366394042969
2026-05-04T05:43:21.613Z,0.01286620496537121,0.006268868940917014,25.663298684306174,14.708324432373047,15.708366394042969
2026-05-04T05:43:22.941Z,0.0018230799970955685,0.0018292459948309537,35.15830875122911,14.823112487792969,15.708366394042969
2026-05-04T05:43:24.293Z,0.000933004245273379,0.0017982961885597672,24.680815785110262,14.698139190673828,15.708366394042969
2026-05-04T05:43:25.641Z,0.00048615878685972743,0.0003635435176074953,30.04982909854631,14.700176239013672,15.708366394042969
2026-05-04T05:43:26.997Z,0.0021529269290041994,0.006036357478694515,30.915076256354695,14.763168334960938,15.708366394042969
2026-05-04T05:43:28.316Z,0.011057467074007602,0.007280387348985916,28.532280164423305,14.763816833496094,15.708366394042969
2026-05-04T05:43:29.640Z,0.0005234724830008529,0.0003542838628044447,20.576743395905886,14.8336181640625,15.708366394042969
2026-05-04T05:43:30.978Z,0.0024835717148848995,0.001197654201717104,32.657386245584874,14.773983001708984,15.708366394042969
2026-05-04T05:43:32.306Z,0.056469494564269924,0.027055639362190926,28.47402999876038,14.685867309570312,15.708366394042969
2026-05-04T05:43:34.052Z,0.06788867093546225,0.007471717477796287,21.321941601727538,14.757915496826172,15.708366394042969
2026-05-04T05:43:37.029Z,0.0004749118399331258,0.00045116624793646956,23.795231259670775,14.696434020996094,15.708366394042969
2026-05-04T05:43:39.920Z,0.040445444263504854,0.006262294909092768,18.096086442942624,14.684711456298828,15.708366394042969
2026-05-04T05:43:42.904Z,0.008717524441107282,0.011710121792488828,22.502489213408563,14.712512969970703,15.708366394042969
2026-05-04T05:43:45.865Z,2.423963417001322,0.07414201489922141,26.193125035355347,14.806148529052734,15.708366394042969
2026-05-04T05:43:48.746Z,2.0636428118480192,0.07861324759471364,26.39790477972126,14.779197692871094,15.708366394042969
2026-05-04T05:43:51.647Z,0.09635237936402422,0.04191624118329576,27.9433195275349,14.779712677001953,15.708366394042969
2026-05-04T05:43:54.575Z,0.006980804828866508,0.01208812313789636,21.476711660127286,14.747730255126953,15.708366394042969
2026-05-04T05:43:55.937Z,0.015998461160315086,0.03051039684249694,27.18997912317328,14.728038787841797,15.708366394042969
2026-05-04T05:43:57.770Z,0.057179984742829905,0.0508761216221817,37.734798534798536,14.88082504272461,15.708366394042969
2026-05-04T05:44:00.602Z,0.05194710125115993,0.0146357806274935,32.75159409550923,14.98501968383789,15.708366394042969
2026-05-04T05:44:02.009Z,0.1492322406894374,0.03662262855870234,31.17710712997475,15.039180755615234,15.708366394042969
2026-05-04T05:44:03.890Z,0.5299856821031266,0.05625382307245042,36.44528888505052,14.802066802978516,15.708366394042969
2026-05-04T05:44:06.827Z,1.1467484236980385,0.05175573317199063,33.39363787124981,14.741813659667969,15.708366394042969
2026-05-04T05:44:09.583Z,0.2729466646448908,0.07236333941007338,31.757090134006987,14.729530334472656,15.708366394042969
2026-05-04T05:44:12.419Z,0.07691896565030153,0.01558064564754516,28.24073167388026,14.756362915039062,15.708366394042969
2026-05-04T05:44:13.667Z,0.037021817469070385,0.010299381773554564,26.84469430780042,14.808406829833984,15.708366394042969
2026-05-04T05:44:15.583Z,0.0178649594902613,0.0068521954727577385,28.536471684921928,14.878795623779297,15.708366394042969
2026-05-04T05:44:18.478Z,0.06889021654226997,0.03092127660466896,46.040292107993814,15.348495483398438,15.708366394042969
2026-05-04T05:44:19.854Z,0.08673590373217575,0.08054606636688315,48.40468947095051,15.104660034179688,15.708366394042969
2026-05-04T05:44:21.656Z,0.10268591731958995,0.016630316056268062,39.66544895212459,15.08211898803711,15.708366394042969
2026-05-04T05:44:23.026Z,0.09257564341046208,0.018516214716901135,42.071948103007664,15.014381408691406,15.708366394042969
2026-05-04T05:45:16.477Z,0.0035057575013771685,0.003595951863718613,16.822488794958325,13.075996398925781,15.708366394042969
2026-05-04T05:46:16.567Z,0.15403280023871618,0.016846902218534257,21.141487074904923,13.157371520996094,15.708366394042969
2026-05-04T05:47:16.627Z,0.02011549029969065,0.0064749450022709995,18.86929598976855,13.236366271972656,15.708366394042969
2026-05-04T05:48:16.562Z,0.1204577422929213,0.018584071723732932,16.85677722695999,13.870670318603516,15.708366394042969
2026-05-04T05:49:16.617Z,0.12167891767049784,0.01921627687409985,17.676915649507634,13.967086791992188,15.708366394042969
2026-05-04T05:50:16.731Z,0.014439683747492237,0.009908231655722261,17.67989732236438,14.192920684814453,15.708366394042969
2026-05-04T05:55:05.717Z,0.001038298103072279,0.0009489691427358341,6.001737479985759,13.473567962646484,15.708366394042969
2026-05-04T07:44:46.330Z,0,0,7.573107525076011,14.65548324584961,15.708366394042969
2026-05-04T07:44:47.541Z,0.01759301401085286,0.004178357821061453,22.84236105667477,14.633426666259766,15.708366394042969
2026-05-04T07:44:48.844Z,0.003644291510028899,0.0009357368684487656,28.149691760006945,14.650489807128906,15.708366394042969
2026-05-04T07:44:50.105Z,0.012215377832347801,0.0005533474963913087,23.41084575327707,14.454742431640625,15.708366394042969
2026-05-04T07:44:51.403Z,0.0014903455444993745,0.0017091253337904158,33.2953682611997,14.45058822631836,15.708366394042969
2026-05-04T07:44:52.754Z,0.01118186689169325,0.00017623787665331593,29.73979233028586,14.491451263427734,15.708366394042969
2026-05-04T07:44:54.059Z,0.002106740361168271,0.0001972629910423642,26.95366953669537,14.475894927978516,15.708366394042969
2026-05-04T07:44:55.483Z,0.003944743763316761,0.00024130850127249053,24.32897164905217,14.449806213378906,15.708366394042969
2026-05-04T07:44:56.754Z,0.014248488175532335,0.0018596994453888712,30.126803672933978,14.458930969238281,15.708366394042969
2026-05-04T07:44:58.171Z,0.0013707710561556806,0.00013179098374027146,21.90266423821424,14.485855102539062,15.708366394042969
2026-05-04T07:44:59.495Z,0.011500387399530042,0.00040680274775726897,22.82413252228471,14.512794494628906,15.708366394042969
2026-05-04T07:45:00.798Z,0.0017272267595727616,0.0003512750225007347,22.94844182673289,14.513908386230469,15.708366394042969
2026-05-04T07:45:02.113Z,0.012079874674479168,0.00042140805051361625,23.34368750265946,14.538749694824219,15.708366394042969
2026-05-04T07:45:03.382Z,0.0015149551311110588,0.00041467225362954504,28.364278672362797,14.530815124511719,15.708366394042969
2026-05-04T07:45:04.674Z,0.010050736464463271,0.0007539600520939022,25.400851526406377,14.553596496582031,15.708366394042969
2026-05-04T07:45:05.963Z,0.004507880586654791,0.00015614866389513198,28.40822220334664,14.599128723144531,15.708366394042969
2026-05-04T07:45:07.284Z,0.0009514650322755792,0.0005059260659236246,29.84462034593961,14.622806549072266,15.708366394042969
2026-05-04T07:45:08.550Z,0.014861728327250644,0.001038914877918497,28.809483631454608,14.632999420166016,15.708366394042969
2026-05-04T07:45:09.790Z,0.000583006486678142,0.0002537705900134552,26.39110383173139,14.651786804199219,15.708366394042969
2026-05-04T07:45:11.043Z,0.013235100077395616,0.000283332286533973,26.63709043856001,14.671886444091797,15.708366394042969
2026-05-04T07:45:12.317Z,0.0052189503492399494,0.0035878856564557564,26.414009640472297,14.671512603759766,15.708366394042969
2026-05-04T07:45:13.631Z,0.012052095407410595,0.0010862901218031678,17.61205210370802,14.638797760009766,15.708366394042969
2026-05-04T07:45:14.937Z,0.004837542404363185,0.00013613406522774402,20.930730370750922,14.67306137084961,15.708366394042969
2026-05-04T07:45:16.221Z,0.0029884794223233586,0.005674812028992851,20.357747579559764,14.666820526123047,15.708366394042969
2026-05-04T07:45:17.557Z,0.0220969483092591,0.007582983379274186,26.084876945821378,14.634971618652344,15.708366394042969
2026-05-04T07:45:18.841Z,0.0007329609382040825,0.0004764933678943989,19.00284450063211,14.65667724609375,15.708366394042969
2026-05-04T07:45:20.110Z,0.01702688769646865,0.007408099938492749,27.684891648933863,14.672687530517578,15.708366394042969
2026-05-04T07:45:21.331Z,0.004583789456275202,0.0005310783969121393,20.9695066837924,14.581615447998047,15.708366394042969
2026-05-04T07:45:22.725Z,0.006647145703490754,0.00016144598914442885,17.705201597957252,14.57406997680664,15.708366394042969
2026-05-04T07:45:24.035Z,0.003745313388113632,0.00021806361503572754,23.83957654723127,14.591289520263672,15.708366394042969
2026-05-04T07:45:25.298Z,0.002009448753575931,0.0005393549857720375,18.847035419279507,14.605987548828125,15.708366394042969
2026-05-04T07:45:26.576Z,0.013003238411836846,0.000267620234526405,21.85733396625383,14.596611022949219,15.708366394042969
2026-05-04T07:45:27.888Z,0.001153025838901584,0.0008346475831947502,25.49613185334679,14.592159271240234,15.708366394042969
2026-05-04T07:45:29.159Z,0.012953170973329537,0.00010789481635879367,25.504176862712008,14.600685119628906,15.708366394042969
2026-05-04T07:45:30.356Z,0.0004945269126294569,0.00025630488635485367,30.437539632213063,14.58901596069336,15.708366394042969
2026-05-04T07:45:31.622Z,0.025515199570721035,0.010360754600764278,29.987652143235138,14.636116027832031,15.708366394042969
2026-05-04T07:45:32.931Z,0.006374796293968308,0.0004850713948439953,26.443332608222754,14.656539916992188,15.708366394042969
2026-05-04T07:45:34.247Z,0.0015412253895025145,0.0008974038778136973,22.940832846532587,14.637832641601562,15.708366394042969
2026-05-04T07:45:35.503Z,0.011710027315005325,0.00034793230288717564,26.249566122874,14.653339385986328,15.708366394042969
2026-05-04T07:45:36.875Z,0.0018914540608723958,0.0005476402513908617,26.8142886985586,14.74871826171875,15.708366394042969
2026-05-04T07:45:38.220Z,0.011063176129465096,0.00017106576336408405,29.56700698115492,14.78164291381836,15.708366394042969
2026-05-04T07:45:39.542Z,0.0005337947360589347,0.0002789460864220425,25.353778566299155,14.80545425415039,15.708366394042969
2026-05-04T07:45:40.941Z,0.012872189778998892,0.0007006023900714027,26.6129352443721,14.832443237304688,15.708366394042969
2026-05-04T07:45:42.256Z,0.004801821352830573,0.0028467890041977612,25.44305366216384,14.894031524658203,15.708366394042969
2026-05-04T07:45:43.522Z,0.008601916166162304,0.00035282180243330043,18.57799168672063,14.92007827758789,15.708366394042969
2026-05-04T07:45:44.770Z,0.005131036462918134,0.00024700015550114927,21.52694095369255,14.923660278320312,15.708366394042969
2026-05-04T07:45:46.109Z,0.0007038674846819626,0.00005510444817447515,24.710457350579084,14.909244537353516,15.708366394042969
2026-05-04T07:45:47.385Z,0.013175820404628539,0.0008637050412735849,21.862466577540108,14.915027618408203,15.708366394042969
2026-05-04T07:45:48.644Z,0.0024148227748210975,0.0004556269386454901,24.589496539557608,14.890045166015625,15.708366394042969
2026-05-04T07:45:50.034Z,0.011513397424713759,0.00021008268438623675,27.325339328836705,14.866172790527344,15.708366394042969
2026-05-04T07:45:51.293Z,0.0006171250591306416,0.00045628994039050887,15.569351413167784,14.848419189453125,15.708366394042969
2026-05-04T07:45:52.513Z,0.009309714007529484,0.001641595439546427,26.71941301272984,14.886646270751953,15.708366394042969
2026-05-04T07:45:53.769Z,0.005462652642078415,0.0003502193817311087,23.98739873987399,14.883018493652344,15.708366394042969
2026-05-04T07:45:55.022Z,0.00016019923453827384,0.00023014537919583005,22.446306966998428,14.88424301147461,15.708366394042969
2026-05-04T07:45:56.290Z,0.012230563473391843,0.00011224251288872261,20.016123975455727,14.875267028808594,15.708366394042969
2026-05-04T07:45:57.566Z,0.0017033620889441844,0.0003365033497389735,20.959944751381215,14.883316040039062,15.708366394042969
2026-05-04T07:45:58.944Z,0.012168242448250046,0.00007534515447832846,26.663996796155388,14.924320220947266,15.708366394042969
2026-05-04T07:46:00.306Z,0.0006031307855775403,0.0001763212969437821,27.90174922347556,14.937931060791016,15.708366394042969
2026-05-04T07:46:01.885Z,0.011107960685354764,0.0006025105075908338,28.797996661101838,14.9556884765625,15.708366394042969
2026-05-04T07:46:02.554Z,0.0008833109939836545,0.0009662391954102849,29.526832509042595,14.972957611083984,15.708366394042969
2026-05-04T07:46:03.275Z,0.0016811191426220604,0.001070689569953029,21.859850154252975,15.018882751464844,15.708366394042969
2026-05-04T07:46:04.327Z,0.004709397417631839,0.0007426088859241506,24.691970934693323,15.03818130493164,15.708366394042969
2026-05-04T07:46:04.458Z,0,0,24.691970934693323,15.027820587158203,15.708366394042969
2026-05-04T07:46:05.763Z,0.009293418852880658,0.00007142745908886316,24.773011581453535,15.00571060180664,15.708366394042969
2026-05-04T07:46:07.251Z,0.0006236092892685378,0.00023428415287436778,21.6462064801771,15.019584655761719,15.708366394042969
2026-05-04T07:46:08.261Z,0.013406397932666844,0.00007758706302966103,26.561704098170875,15.050804138183594,15.708366394042969
2026-05-04T07:46:08.384Z,0,0,26.561704098170875,15.031665802001953,15.708366394042969
2026-05-04T07:46:09.572Z,0.003210429487557247,0.00021046605603448277,25.337952010814462,14.891365051269531,15.708366394042969
2026-05-04T07:46:10.854Z,0.011468356447947789,0.00014264673660972438,20.403129783976865,14.872550964355469,15.708366394042969
2026-05-04T07:46:12.233Z,0.007921274396774808,0.0040578054312549175,33.863096523429064,15.094627380371094,15.708366394042969
2026-05-04T07:46:13.298Z,0.0022213429786695493,0.00034906818236235776,22.36118545914643,15.141799926757812,15.708366394042969
2026-05-04T07:46:13.439Z,0.037921881823806285,0.0005390333092730978,22.36118545914643,15.124237060546875,15.708366394042969
2026-05-04T07:46:14.640Z,0.008280277252197266,0.0010768572489420574,30.144316523431165,15.233699798583984,15.708366394042969
2026-05-04T07:46:16.261Z,0.005691193745857859,0.004306274896727287,30.68835548502281,15.099281311035156,15.708366394042969
2026-05-04T07:46:17.328Z,0.015233672340679245,0.0016135590987879091,35.360410129491314,14.85805892944336,15.708366394042969
2026-05-04T07:46:17.405Z,0,0,35.360410129491314,14.875190734863281,15.708366394042969
2026-05-04T07:46:18.648Z,0.0005219113174362562,0.0006911371082413453,31.1593622305905,14.510025024414062,15.708366394042969
2026-05-04T07:46:19.812Z,0.013099650661939171,0.0002995146256875539,21.496442725493004,14.153648376464844,15.708366394042969
2026-05-04T07:46:21.020Z,0.001972279650099734,0.00022157709649268617,18.82857142857143,14.153450012207031,15.708366394042969
2026-05-04T07:46:22.330Z,0.0018188856306119202,0.00018124127280118776,17.13503265220139,14.139839172363281,15.708366394042969
2026-05-04T07:46:23.213Z,0.014201791418205748,0.0005930759020771262,28.09577033943173,14.175621032714844,15.708366394042969
2026-05-04T07:46:23.516Z,0.00028676920003824306,0,26.195348837209302,14.181495666503906,15.708366394042969
2026-05-04T07:46:24.754Z,0.0015300183941008452,0.0006384363954572725,34.308148008839154,14.104015350341797,15.708366394042969
2026-05-04T07:46:26.258Z,0.011770422831397492,0.00003797818074184181,18.460092361763863,14.1153564453125,15.708366394042969
2026-05-04T07:46:27.322Z,0.0009070186077263422,0.0003685010210989324,23.92761088571819,14.160919189453125,15.708366394042969
2026-05-04T07:46:27.460Z,0,0,23.92761088571819,14.143539428710938,15.708366394042969
2026-05-04T07:46:28.835Z,0.013750686820360247,0.00026446430623030463,27.75820716534253,14.15011978149414,15.708366394042969
2026-05-04T07:46:30.243Z,0.010282293293686625,0.013787542755280307,41.35097768121667,14.30337142944336,15.708366394042969
2026-05-04T07:46:31.253Z,0.007825437097189884,0.0012147790439681048,28.00648457457261,14.344795227050781,15.708366394042969
2026-05-04T07:46:31.405Z,0.022529833244554924,0.0005490852124763258,28.00648457457261,14.33285903930664,15.708366394042969
2026-05-04T07:46:32.686Z,0.016278023723599246,0.01033032826668353,25.309539719350653,14.316272735595703,15.708366394042969
2026-05-04T07:46:33.892Z,0.01681975955342982,0.007184699449531622,28.30825116761806,14.337013244628906,15.708366394042969
2026-05-04T07:46:35.216Z,0.012599336373975303,0.00032984224477208645,29.155759162303664,14.325252532958984,15.708366394042969
2026-05-04T07:46:36.199Z,0.0006077593898860767,0.00004816536951546717,27.142928460885628,14.352863311767578,15.708366394042969
2026-05-04T07:46:36.338Z,0.0005557837075745033,0.0010863045193501657,27.142928460885628,14.33652114868164,15.708366394042969
2026-05-04T07:46:37.572Z,0.009796984487358986,0.00014766043735631415,26.499873428402665,14.331344604492188,15.708366394042969
2026-05-04T07:46:38.904Z,0.004947052569194354,0.000323327500580855,24.450257500204366,14.314090728759766,15.708366394042969
2026-05-04T07:46:40.212Z,0.0008476297998827828,0.0002883539250672363,25.567802271209082,14.201183319091797,15.708366394042969
2026-05-04T07:46:41.183Z,0.016408449546191313,0.00005063757432245576,27.871919014084508,14.148670196533203,15.708366394042969
2026-05-04T07:46:41.364Z,0.00034059797014508925,0.0003065381731305803,27.871919014084508,14.14217758178711,15.708366394042969
2026-05-04T07:46:42.715Z,0.004719043600148168,0.003753410985103595,26.557704112952727,14.13431167602539,15.708366394042969
2026-05-04T07:46:44.014Z,0.01242785951770579,0.0006563228203066303,29.092182222588352,14.136825561523438,15.708366394042969
2026-05-04T07:46:45.326Z,0.0032096073545258624,0.0006007052015984196,26.977021784541925,14.137313842773438,15.708366394042969
2026-05-04T07:46:46.250Z,0.0002947898091654939,0.00008882739282801305,26.91653436153323,14.175289154052734,15.708366394042969
2026-05-04T07:46:46.517Z,0.044940916959904445,0.0004610739463616994,26.01571268237935,14.168292999267578,15.708366394042969
2026-05-04T07:46:47.833Z,0.004608926817985307,0.0005786422657629758,26.08201451429571,14.170585632324219,15.708366394042969
2026-05-04T07:46:49.188Z,0.0030438808564942845,0.0008116077884460269,25.034299088047778,14.17483901977539,15.708366394042969
2026-05-04T07:46:50.547Z,0.018604767049003053,0.006055937794559007,26.442604720128504,14.174869537353516,15.708366394042969
2026-05-04T07:46:51.483Z,0.0005503169825819672,0.00025014408299180326,38.71911185388564,14.235969543457031,15.708366394042969
2026-05-04T07:46:51.911Z,0.0022511375411707613,0.0036631970687213597,45.04636959963809,14.268489837646484,15.708366394042969
2026-05-04T07:46:53.354Z,0.012397054946751493,0.00019272612956457402,30.687435098650052,14.215900421142578,15.708366394042969
2026-05-04T07:46:54.318Z,0.006207896180243025,0.008193358550942985,35.28454482690601,14.25058364868164,15.708366394042969
2026-05-04T07:46:54.468Z,0,0,35.28454482690601,14.231586456298828,15.708366394042969
2026-05-04T07:46:55.864Z,0.011611260962762429,0.00028278836872586876,26.101915210826103,14.169048309326172,15.708366394042969
2026-05-04T07:46:57.371Z,0.0013006523638018957,0.00017589382204610953,25.498547148031687,14.151508331298828,15.708366394042969
2026-05-04T07:46:58.439Z,0.004630720025994941,0.00023043326783978767,29.22792499339731,14.263866424560547,15.708366394042969
2026-05-04T07:46:58.595Z,0.03275775269373951,0,29.22792499339731,14.242462158203125,15.708366394042969
2026-05-04T07:46:59.852Z,0.00489959716796875,0.000408935546875,33.52626362735381,14.207801818847656,15.708366394042969
2026-05-04T07:47:01.357Z,0.008326515949087393,0.006807814415594976,26.733544526575148,14.09714126586914,15.708366394042969
2026-05-04T07:47:02.343Z,0.01193696022779332,0.0003489597967772674,31.472954946426267,14.220645904541016,15.708366394042969
2026-05-04T07:47:02.487Z,0.0010582708543346775,0.0011382564421622983,31.472954946426267,14.202522277832031,15.708366394042969
2026-05-04T07:47:03.794Z,0.0015798087318103535,0.004261065595827926,33.545680546923556,14.19393539428711,15.708366394042969
2026-05-04T07:47:04.998Z,0.013578725129893821,0.0006511399519424316,32.33958361437115,14.122062683105469,15.708366394042969
2026-05-04T07:47:06.341Z,0.0004797491408486402,0.0003683658046576813,35.59523304635481,14.128707885742188,15.708366394042969
2026-05-04T07:47:07.318Z,0.006347031264633805,0.0004411100983976961,34.189327999134996,14.15719985961914,15.708366394042969
2026-05-04T07:47:07.495Z,0.029466823189558383,0,34.189327999134996,14.149490356445312,15.708366394042969
2026-05-04T07:47:08.875Z,0.0063798513757177145,0.0001220818025520049,36.45941150377052,14.154644012451172,15.708366394042969
2026-05-04T07:47:10.376Z,0.0007823219355497514,0.00021910632306240793,31.750465549348235,14.10202407836914,15.708366394042969
2026-05-04T07:47:11.335Z,0.013994690555854132,0.0006616515601241349,41.76981341215592,14.130023956298828,15.708366394042969
2026-05-04T07:47:11.501Z,0.0008653711389612268,0.0005592534571518133,41.76981341215592,14.1185302734375,15.708366394042969
2026-05-04T07:47:12.889Z,0.006659277554216056,0.0042489329849291,37.01722886503419,14.08892822265625,15.708366394042969
2026-05-04T07:47:14.398Z,0.011030740917332783,0.00042853238096112974,38.54975369458128,14.076278686523438,15.708366394042969
2026-05-04T07:47:15.374Z,0.0019914732427510564,0.000520471885788077,30.71563696765561,14.102481842041016,15.708366394042969
2026-05-04T07:47:15.533Z,0,0,30.71563696765561,14.101299285888672,15.708366394042969
2026-05-04T07:47:16.869Z,0.02046018033414274,0.00462845025375543,31.799954603919193,14.109935760498047,15.708366394042969
2026-05-04T07:47:18.191Z,0.000490253869118346,0.00030677128200748573,29.20734251147267,14.1112060546875,15.708366394042969
2026-05-04T07:47:19.580Z,0.015660820713181315,0.010507296671909567,36.5588997052782,14.154956817626953,15.708366394042969
2026-05-04T07:47:20.639Z,0.009675363021014323,0.0001742216781361696,37.16814159292036,14.046279907226562,15.708366394042969
2026-05-04T07:47:20.814Z,0.0015605579723011365,0.0015234018301034903,37.16814159292036,14.039554595947266,15.708366394042969
2026-05-04T07:47:22.165Z,0.0009632331183440151,0.00009411743446414804,30.64972284022776,14.03976058959961,15.708366394042969
2026-05-04T07:47:23.423Z,0.012215795546677254,0.00021539373189860786,35.40472468299461,14.061775207519531,15.708366394042969
2026-05-04T07:47:23.599Z,0,0.0016151825127574061,35.40472468299461,14.050464630126953,15.708366394042969
2026-05-04T07:47:24.975Z,0.0018340432899401793,0.0005652969709961659,34.70108891613182,14.061363220214844,15.708366394042969
2026-05-04T07:47:26.353Z,0.011572049581359456,0.00008695473752258618,28.719058900416634,14.05801773071289,15.708366394042969
2026-05-04T07:47:27.485Z,0.0024835449440897975,0.0008148318317611181,39.4266680125164,14.153423309326172,15.708366394042969
2026-05-04T07:47:27.740Z,0.00027606361790707235,0.0027522706148917215,51.494785631517956,14.215213775634766,15.708366394042969
2026-05-04T07:47:28.836Z,0.018859654664993286,0.0013478100299835205,43.18260718625238,14.184005737304688,15.708366394042969
2026-05-04T07:47:29.935Z,0.00013911395991614105,0.00006474486184776376,31.613460756405043,14.127822875976562,15.708366394042969
2026-05-04T07:47:31.056Z,0.009893934368650555,0.008601408738356369,27.595780122154355,14.155982971191406,15.708366394042969
2026-05-04T07:47:32.221Z,0.019904557130170135,0.0015247269269204325,29.79640718562874,14.150123596191406,15.708366394042969
2026-05-04T07:47:33.579Z,0.0026571904129224786,0.0004887069243729882,28.65673045277164,14.150718688964844,15.708366394042969
2026-05-04T07:47:34.611Z,0.013752328155467468,0.001051547296333,50.72991061402327,14.289222717285156,15.708366394042969
2026-05-04T07:47:34.740Z,0.002792903355189732,0,50.72991061402327,14.294906616210938,15.708366394042969
2026-05-04T07:47:35.877Z,0.0004493841774385518,0.000420664136023306,37.665680092652174,14.30477523803711,15.708366394042969
2026-05-04T07:47:37.076Z,0.0019653764351335156,0.0004070355988894401,26.2157981243353,14.303585052490234,15.708366394042969
2026-05-04T07:47:38.346Z,0.018896296632673795,0.006659970019692532,31.478309180980602,14.324535369873047,15.708366394042969
2026-05-04T07:47:39.348Z,0.0002709894232411202,0.00034307955827000795,38.397471275901864,14.361801147460938,15.708366394042969
2026-05-04T07:47:39.466Z,0,0,38.397471275901864,14.352886199951172,15.708366394042969
2026-05-04T07:47:40.636Z,0.019800467569319927,0.00873593467615124,33.559853633037115,14.315109252929688,15.708366394042969
2026-05-04T07:47:41.796Z,0.009717339297069664,0.0036206356314725657,33.004160380377634,14.31399154663086,15.708366394042969
2026-05-04T07:47:42.891Z,0.005047228648047565,0.004061540529500469,27.272283748841293,14.32241439819336,15.708366394042969
2026-05-04T07:47:44.073Z,0.013974314010284476,0.0006874200656329315,34.11145967890754,14.30075454711914,15.708366394042969
2026-05-04T07:47:45.195Z,0.0029902911913887173,0.00497126279656292,28.752875287528752,14.290992736816406,15.708366394042969
2026-05-04T07:47:46.346Z,0.00716667972790655,0.0019555307846866837,27.586865215731194,14.282581329345703,15.708366394042969
2026-05-04T07:47:47.357Z,0.011040614201472355,0.0003555117274177145,32.04022988505747,14.306713104248047,15.708366394042969
2026-05-04T07:47:47.460Z,0.004212752632472826,0.0024049178413722825,32.04022988505747,14.289207458496094,15.708366394042969
2026-05-04T07:47:48.586Z,0.009286849893988133,0.005365055512616978,36.74696132596685,14.285873413085938,15.708366394042969
2026-05-04T07:48:16.383Z,0.009405399826296198,0.016543073225186358,24.75833207361026,13.559745788574219,15.708366394042969
2026-05-04T07:49:16.525Z,0.009175375683987047,0.0011004496010361324,17.226361695650134,13.619159698486328,15.708366394042969
2026-05-04T07:50:16.379Z,0.00984894935199463,0.001280501993749257,16.857003191234252,13.613662719726562,15.708366394042969
2026-05-04T07:51:16.445Z,0.014951763307240672,0.012588723482027539,21.109200858600694,13.692710876464844,15.708366394042969
2026-05-04T07:52:19.079Z,0.02052864838890447,0.007220487497953462,20.873379624729203,14.473155975341797,15.708366394042969
2026-05-04T07:53:16.684Z,0.06625714720843284,0.01531078299780616,25.628225536472705,14.127052307128906,15.708366394042969
2026-05-04T07:54:16.730Z,0.1039320600187603,0.009300355421151714,21.952504078498013,13.745777130126953,15.708366394042969
2026-05-04T07:55:16.607Z,0.035792539440806306,0.006788840494145059,20.172808898665124,13.824626922607422,15.708366394042969
2026-05-04T07:56:16.625Z,0.011726201641488875,0.004585500828671969,16.469845633384573,13.894416809082031,15.708366394042969
2026-05-04T07:57:16.639Z,0.013116856938130682,0.0025102593314617104,13.246794113885441,13.939376831054688,15.708366394042969
2026-05-04T07:58:16.700Z,0.03235975140906738,0.005564464622313033,21.019773175451782,13.310836791992188,15.708366394042969
2026-05-04T07:59:16.668Z,0.059623307319961856,0.01632022426686077,22.64139509644863,13.541927337646484,15.708366394042969
2026-05-04T08:00:16.666Z,0.027962093910414463,0.004675837538666752,19.629682303016402,13.442813873291016,15.708366394042969
2026-05-04T08:01:16.605Z,0.03796831380772983,0.006579535202646329,19.753419627283577,13.528438568115234,15.708366394042969
2026-05-04T08:02:16.547Z,0.021277134473527092,0.004471881318682482,18.18676115766164,13.499778747558594,15.708366394042969
2026-05-04T08:03:16.751Z,0.061628367496941325,0.013799790759026813,25.577253128672663,13.43906021118164,15.708366394042969
2026-05-04T08:04:16.702Z,0.012861023875289049,0.003703820064606246,18.406848000293905,13.181224822998047,15.708366394042969
2026-05-04T08:05:16.673Z,0.019230632981972803,0.00486987703320153,18.297669541134955,13.259628295898438,15.708366394042969
2026-05-04T08:06:16.557Z,0.04876441936464267,0.005853611884501557,17.91608378736563,13.584602355957031,15.708366394042969
2026-05-04T08:07:16.633Z,0.029958832238528774,0.01179271224719375,19.54628564186816,13.364433288574219,15.708366394042969
2026-05-04T08:08:16.662Z,0.018519314136368835,0.008581337407036494,20.094887069343514,13.43511962890625,15.708366394042969
2026-05-04T08:09:18.240Z,0.013702346289864104,0.014152604827672935,21.96391404159341,13.60418701171875,15.708366394042969
2026-05-04T08:09:45.768Z,0.011015711428604538,0.0032191598934812084,21.555153782384284,13.705245971679688,15.708366394042969
2026-05-04T08:09:49.325Z,0.015018912902565502,0.010168500342223321,42.67479587834706,14.08907699584961,15.708366394042969
2026-05-04T08:09:49.699Z,0.06665342520593925,0.06750332257984726,53.5645472061657,14.001766204833984,15.708366394042969
2026-05-04T08:09:50.741Z,0.16434340428467928,0.04658535825886405,48.56574111882401,14.178581237792969,15.708366394042969
2026-05-04T08:09:51.701Z,0.013643900553385416,0.020196702745225694,31.856826022671264,14.151840209960938,15.708366394042969
2026-05-04T08:09:52.573Z,0.04857002666330963,0.026610496667271066,45.862200643718296,14.227649688720703,15.708366394042969
2026-05-04T08:09:53.698Z,0.0602527881634849,0.025122476433610864,30.79154078549849,14.261577606201172,15.708366394042969
2026-05-04T08:09:55.102Z,0.003368533842744883,0.00274808783280222,37.54841285685765,14.275257110595703,15.708366394042969
2026-05-04T08:09:56.462Z,0.013487984403401147,0.0026007359993271114,33.43681071807858,14.022003173828125,15.708366394042969
2026-05-04T08:09:57.889Z,0.0073361097519367814,0.004134583838980235,35.358778625954194,13.855148315429688,15.708366394042969
2026-05-04T08:09:59.250Z,0.0179963296752126,0.005417177078927967,29.84726688102894,13.845947265625,15.708366394042969
2026-05-04T08:10:00.641Z,0.0005278769126735475,0.00012375392522280516,27.217162032598274,13.814922332763672,15.708366394042969
2026-05-04T08:10:02.012Z,0.012361533325632841,0.001910766820326501,23.221615590005182,13.830184936523438,15.708366394042969
2026-05-04T08:10:03.480Z,0.020064559637331496,0.011035374232700894,34.351116012015666,13.865985870361328,15.708366394042969
2026-05-04T08:10:04.914Z,0.010697970113360523,0.0002495970569180808,29.686713395035436,13.830150604248047,15.708366394042969
2026-05-04T08:10:06.360Z,0.03086824187708065,0.0027902347525370487,26.540789523773267,13.842079162597656,15.708366394042969
2026-05-04T08:10:07.768Z,0.038851507215479454,0.00012388916886933442,28.45255303355862,13.883033752441406,15.708366394042969
2026-05-04T08:10:09.143Z,0.021890781852355688,0.0005073769470836744,30.203310832529734,13.919670104980469,15.708366394042969
2026-05-04T08:10:10.505Z,0.014582121303315798,0.00015779726767126535,26.8783949883034,13.925174713134766,15.708366394042969
2026-05-04T08:10:11.923Z,0.007401242780913577,0.00033962017692936174,26.663401401552257,13.952739715576172,15.708366394042969
2026-05-04T08:10:13.218Z,0.0016456287852295495,0.00034299467204603205,31.489798537148722,14.028438568115234,15.708366394042969
2026-05-04T08:10:14.587Z,0.01324257027051288,0.0029635305666234246,31.65032679738562,14.09854507446289,15.708366394042969
2026-05-04T08:10:15.987Z,0.007369863291796031,0.007162512936465083,32.96065107458912,14.075641632080078,15.708366394042969
2026-05-04T08:10:17.346Z,0.01419409409176157,0.00035788645713293114,30.43288497401103,13.908798217773438,15.708366394042969
2026-05-04T08:10:18.644Z,0.0012613571429092372,0.00015241695572138723,29.799851742031137,13.841053009033203,15.708366394042969
2026-05-04T08:10:19.998Z,0.011497033956975572,0.0001488103959583646,39.67674447224843,13.89642333984375,15.708366394042969
2026-05-04T08:10:21.420Z,0.0022659896115743406,0.0005531581197852116,35.261047334486555,13.774459838867188,15.708366394042969
2026-05-04T08:10:22.768Z,0.012336615526710533,0.0004314895322068624,24.218409478147166,13.771453857421875,15.708366394042969
2026-05-04T08:10:24.086Z,0.001403242579936244,0.0005962306970422382,30.636229127034454,13.849918365478516,15.708366394042969
2026-05-04T08:10:25.509Z,0.005486579333789489,0.0013613996068144573,34.06015339517327,14.025836944580078,15.708366394042969
2026-05-04T08:10:26.938Z,0.007263511171631536,0.0007588447296058042,32.012835695457845,13.82858657836914,15.708366394042969
2026-05-04T08:10:28.384Z,0.002008705323445048,0.0001790196094289165,36.09999244770032,13.720775604248047,15.708366394042969
2026-05-04T08:10:29.847Z,0.012347354654122919,0.0037166366190430396,38.46951803383339,13.543411254882812,15.708366394042969
2026-05-04T08:10:31.233Z,0.017939067396273045,0.017997562926362745,39.46174780768067,13.612205505371094,15.708366394042969
2026-05-04T08:10:32.625Z,0.015365786668730945,0.1744858479250599,35.927367055771725,13.697982788085938,15.708366394042969
2026-05-04T08:10:33.954Z,0.03538020009701283,0.014266018288027314,40.31316668679306,13.676124572753906,15.708366394042969
2026-05-04T08:10:35.424Z,0.013472434035047666,0.000744314594771806,34.7463597933302,13.672199249267578,15.708366394042969
2026-05-04T08:10:36.975Z,0.0011386025590978657,0.000583186676611102,37.07121146330873,13.599266052246094,15.708366394042969
2026-05-04T08:10:38.301Z,0.012785643658695943,0.0007000882937449741,35.73145266143966,13.6031494140625,15.708366394042969
2026-05-04T08:10:39.652Z,0.00038754048831016375,0.0004983671853314674,37.35200866878035,13.590435028076172,15.708366394042969
2026-05-04T08:10:41.069Z,0.012196992572985196,0.0002941890069615771,33.40456414805258,13.569084167480469,15.708366394042969
2026-05-04T08:10:42.403Z,0.0007720220656622024,0.00013484186305231228,32.16822280743756,13.562496185302734,15.708366394042969
2026-05-04T08:10:43.792Z,0.011022653396182287,0.00022907216295716768,29.80215475024486,13.543792724609375,15.708366394042969
2026-05-04T08:10:45.243Z,0.014670051429538847,0.007804806086276097,34.573970037453186,13.536815643310547,15.708366394042969
2026-05-04T08:10:46.612Z,0.00960548859181758,0.0018217538355096068,31.167422217056068,13.54141616821289,15.708366394042969
2026-05-04T08:10:48.064Z,0.004005954332501818,0.00018995155788789782,32.08016273638213,13.556270599365234,15.708366394042969
2026-05-04T08:10:49.484Z,0.010984360904437008,0.0066329545504309135,34.98582987637081,13.52755355834961,15.708366394042969
2026-05-04T08:10:50.851Z,0.010605070473337605,0.0006918943615900799,41.77219989383484,13.545700073242188,15.708366394042969
2026-05-04T08:10:52.208Z,0.0021068888285758333,0.008367906287811802,33.33196333895031,13.611259460449219,15.708366394042969
2026-05-04T08:10:53.592Z,0.012002005013677505,0.0006437988720984555,30.85372140053135,13.606185913085938,15.708366394042969
2026-05-04T08:10:54.949Z,0.0007448609833503628,0.0007630795963015476,32.82976415283861,13.619422912597656,15.708366394042969
2026-05-04T08:10:56.329Z,0.01116739579290688,0.0004428509244651053,27.243260336785518,13.624935150146484,15.708366394042969
2026-05-04T08:10:57.735Z,0.007916060296964433,0.010272072548352103,28.914434796787734,13.628921508789062,15.708366394042969
2026-05-04T08:10:59.128Z,0.010818347596285636,0.00026569031832510967,31.03369416069523,13.62722396850586,15.708366394042969
2026-05-04T08:11:00.489Z,0.003739844921023347,0.014542147170665654,35.18518518518518,13.640434265136719,15.708366394042969
2026-05-04T08:11:01.796Z,0.13735649356856458,0.013901443077773645,37.38748081470112,13.679817199707031,15.708366394042969
2026-05-04T08:11:03.037Z,0.00436831979551945,0.0017844920381063808,35.08037582936278,13.702510833740234,15.708366394042969
2026-05-04T08:11:04.475Z,0.006399783991315038,0.027171764968529053,48.44767349531523,13.836898803710938,15.708366394042969
2026-05-04T08:11:05.932Z,0.026099702231904384,0.02625519942484899,33.09126032983937,13.86468505859375,15.708366394042969
2026-05-04T08:11:06.704Z,0.0037913419762436226,0.0010107650237829507,37.8668046418804,13.858100891113281,15.708366394042969
2026-05-04T08:11:07.299Z,0.005310494936938096,0.01932306140919492,39.231720072263954,13.872116088867188,15.708366394042969
2026-05-04T08:11:08.748Z,0.01582041234413896,0.003134373411175876,36.7608359133127,13.88858413696289,15.708366394042969
2026-05-04T08:11:10.161Z,0.0026598773555292915,0.0009594580555219213,34.987785920497444,13.92901611328125,15.708366394042969
2026-05-04T08:11:10.692Z,0.022387595925751316,0.0007929016347132423,36.37325433770631,13.947025299072266,15.708366394042969
2026-05-04T08:11:11.806Z,0.006365221600199855,0.010050174801848655,36.92150996244191,13.911746978759766,15.708366394042969
2026-05-04T08:11:12.915Z,0.0027150384687388237,0.003277829106103027,40.12841723784763,13.98678207397461,15.708366394042969
2026-05-04T08:11:13.053Z,0.033619963092568476,0.014964445137683255,40.12841723784763,13.836933135986328,15.708366394042969
2026-05-04T08:11:14.459Z,0.1112176178026125,0.00884938351635628,42.352763287215545,13.666267395019531,15.708366394042969
2026-05-04T08:11:15.478Z,0.07012499633033543,0.01327808086688702,40.08767657087189,13.69769287109375,15.708366394042969
2026-05-04T08:11:15.646Z,0,0,40.08767657087189,13.678478240966797,15.708366394042969
2026-05-04T08:11:17.097Z,0.018397910496588284,0.021688290374886093,40.75552932189854,13.645946502685547,15.708366394042969
2026-05-04T08:11:18.527Z,0.004521246706501822,0.006463420525025786,37.33910511798958,13.652084350585938,15.708366394042969
2026-05-04T08:11:19.946Z,0.011877828896302234,0.0012690572861790486,43.57992021801809,13.66788101196289,15.708366394042969
2026-05-04T08:11:21.483Z,0.00215240413167492,0.0009237230887675098,40.897968695381984,13.66347885131836,15.708366394042969
2026-05-04T08:11:22.555Z,0.03916171228461586,0.004910857309937006,41.973649995666115,13.713104248046875,15.708366394042969
2026-05-04T08:11:22.717Z,0.031150213562616026,0.013058728510790532,57.02959830866807,13.704730987548828,15.708366394042969
2026-05-04T08:11:24.056Z,0.06421974727085658,0.0465064315322023,41.98457104103086,13.682453155517578,15.708366394042969
2026-05-04T08:11:25.521Z,0.18323794229076232,0.030973124892723466,39.263418273194866,13.697307586669922,15.708366394042969
2026-05-04T08:11:26.927Z,0.08021794622470452,0.016644895930686448,33.45882352941176,13.697017669677734,15.708366394042969
2026-05-04T08:11:28.311Z,0.0035046191697710016,0.007557735014497564,36.45745090489026,13.722892761230469,15.708366394042969
2026-05-04T08:11:29.743Z,0.012510208063250546,0.00005830323331741266,33.245160514608635,13.720680236816406,15.708366394042969
2026-05-04T08:11:31.090Z,0.030475422955941467,0.009323203045388927,41.78517518074204,13.854305267333984,15.708366394042969
2026-05-04T08:11:32.471Z,0.06619470965912859,0.03850645526632393,41.927316636154714,13.86929702758789,15.708366394042969
2026-05-04T08:11:33.809Z,0.0013330009546172754,0.00013787201727820693,35.01951854261549,13.860538482666016,15.708366394042969
2026-05-04T08:11:35.248Z,0.012210190419578156,0.0020738631959945435,34.90247273844263,13.861980438232422,15.708366394042969
2026-05-04T08:11:36.645Z,0.0014412619850852273,0.0005867697975852273,32.52676403868349,13.850833892822266,15.708366394042969
2026-05-04T08:11:37.969Z,0.012399154285503092,0.0005080710331945961,32.160386320455984,13.807518005371094,15.708366394042969
2026-05-04T08:11:39.335Z,0.007805089873255573,0.005717829210229367,38.449494138429415,13.765228271484375,15.708366394042969
2026-05-04T08:11:40.726Z,0.011545778319568736,0.013318029143659559,44.50811038550664,13.736701965332031,15.708366394042969
2026-05-04T08:11:42.120Z,0.004988398826139003,0.0004788434856569951,26.23229243061721,13.731781005859375,15.708366394042969
2026-05-04T08:11:43.592Z,0.013866031161959936,0.019867897668205257,39.495277342183,13.121147155761719,15.708366394042969
2026-05-04T08:11:45.011Z,0.007811321804326741,0.0009442891793030848,33.250548449853056,13.083000183105469,15.708366394042969
2026-05-04T15:39:40.213Z,0,0,8.475374184297143,13.567096710205078,15.708366394042969
2026-05-04T15:39:41.498Z,0,0,48.42681761376167,13.563770294189453,15.708366394042969
2026-05-04T15:42:17.188Z,0.08207747786576511,0.1897692335668401,41.05514248540742,14.815567016601562,15.708366394042969
2026-05-04T15:50:36.420Z,0,0,8.58350220357265,13.828868865966797,15.708366394042969
2026-05-04T17:02:18.804Z,0,0,9.061412194852055,14.44113540649414,15.708366394042969
2026-05-04T17:02:19.007Z,0,0,35.148305084745765,14.460823059082031,15.708366394042969
2026-05-04T17:02:19.500Z,0,0,33.922775601566876,14.45718002319336,15.708366394042969
2026-05-04T17:02:20.757Z,0.01203600890524072,0.006157995827288739,23.321369167469143,14.407615661621094,15.708366394042969
2026-05-04T17:02:22.042Z,0.0009812726085209004,0.0004162742393959757,23.39325941958567,14.419448852539062,15.708366394042969
2026-05-04T17:02:23.271Z,0.0004647307274870751,0.0002827437367232289,21.14921644333409,14.409893035888672,15.708366394042969
2026-05-04T17:02:24.579Z,0.006810931958044636,0.002539535453416643,26.203587818105966,14.378963470458984,15.708366394042969
2026-05-04T17:02:25.890Z,0.007075672588999827,0.0027564899423370487,22.35929405566775,14.293083190917969,15.708366394042969
2026-05-04T17:02:27.175Z,0.0009821847593481409,0.004813988290738275,30.245142248093792,14.424327850341797,15.708366394042969
2026-05-04T17:02:28.452Z,0.0011477054616923607,0.0009012334663289228,27.766486486486485,14.435832977294922,15.708366394042969
2026-05-04T17:02:29.763Z,0.00047536088217153637,0.00016829546760110294,23.369960237718583,14.458763122558594,15.708366394042969
2026-05-04T17:02:30.995Z,0.0007976185191761364,0.0012122595263092887,22.424878624852383,14.47537612915039,15.708366394042969
2026-05-04T17:02:32.317Z,0.0017247634925309418,0.0003777083159472576,24.072072072072075,14.402572631835938,15.708366394042969
2026-05-04T17:02:33.504Z,0.0038991447623449426,0.0036174104413913403,31.55347976100311,14.555023193359375,15.708366394042969
2026-05-04T17:02:34.834Z,0.007812524831227114,0.003124854737321374,27.904698285459805,14.580646514892578,15.708366394042969
2026-05-04T17:02:36.119Z,0.008501406489959512,0.008370746717644732,24.261515353805073,14.577743530273438,15.708366394042969
2026-05-04T17:02:37.434Z,0.007353465738245276,0.0027117140002188463,24.215284525368595,14.586044311523438,15.708366394042969
2026-05-04T17:02:38.866Z,0.0019377474434911278,0.0014640915561729753,27.814408802232922,14.596698760986328,15.708366394042969
2026-05-04T17:02:40.349Z,0.0011826084801526064,0.002857752461165231,27.526906430732694,14.614887237548828,15.708366394042969
2026-05-04T17:02:41.522Z,0.045814712990244554,0.016426915831292466,34.844169582553505,14.768898010253906,15.708366394042969
2026-05-04T17:02:42.958Z,0.3531435850494896,0.06087956772350692,37.50050605238655,14.767406463623047,15.708366394042969
2026-05-04T17:02:44.243Z,0.05110284233835421,0.02429977001383147,37.36515059981013,14.841323852539062,15.708366394042969
2026-05-04T17:02:45.662Z,0.12597512631189256,0.051060602778480166,36.09421561823897,14.707290649414062,15.708366394042969
2026-05-04T17:02:46.941Z,0.30683762271651505,0.08966129184028565,40.779700485807204,14.821483612060547,15.708366394042969
2026-05-04T17:02:48.291Z,0.16291198616256256,0.17982328723290722,35.5837252095686,14.88336181640625,15.708366394042969
2026-05-04T17:02:49.575Z,0.24314963948185642,0.05078203801258069,30.240445236749423,14.811859130859375,15.708366394042969
2026-05-04T17:02:51.021Z,0.24715666467330877,0.0581898492820254,37.46341865545526,14.923831939697266,15.708366394042969
2026-05-04T17:02:52.415Z,0.31863685373696216,0.1398201163184168,41.919884518224464,14.909801483154297,15.708366394042969
2026-05-04T17:02:53.640Z,0.06869533929832526,0.0023745643794296054,40.67811733214366,14.807464599609375,15.708366394042969
2026-05-04T17:02:54.958Z,0.1538582028650711,0.005920602696175079,30.292934100644715,14.661026000976562,15.708366394042969
2026-05-04T17:02:56.198Z,0.1675638352862056,0.019106065264399747,31.5401747473017,14.687328338623047,15.708366394042969
2026-05-04T17:02:57.517Z,0.07766801779114603,0.015391927206823785,34.38842320363651,14.782268524169922,15.708366394042969
2026-05-04T17:02:58.795Z,0.008380047842356884,0.003037074374478349,42.700291645222165,14.89544677734375,15.708366394042969
2026-05-04T17:02:59.999Z,0.00024275346235795456,0.0002719154042645919,34.684913773174905,14.91375732421875,15.708366394042969
2026-05-04T17:03:01.259Z,0.0005926187046038838,0.0004676965098030651,24.339798499844658,14.916820526123047,15.708366394042969
2026-05-04T17:03:02.493Z,0.005454083738500148,0.01227658097915228,29.157384353295768,14.92135238647461,15.708366394042969
2026-05-04T17:03:03.746Z,0.0002899107742620466,0.00021995911291195495,29.24846143479628,14.884654998779297,15.708366394042969
2026-05-04T17:03:05.024Z,0.0009721772942508336,0.0006838392228394048,22.68464767348397,14.868282318115234,15.708366394042969
2026-05-04T17:03:06.304Z,0.00036916425151209674,0.00038747597033710155,29.69972779857094,14.86257553100586,15.708366394042969
2026-05-04T17:03:07.550Z,0.007397766354717786,0.0029055378105067,28.100188621309822,14.88351058959961,15.708366394042969
2026-05-04T17:03:08.792Z,0.00036727768031671605,0.00019416590742858236,30.88069843841411,14.890277862548828,15.708366394042969
2026-05-04T17:03:10.083Z,0.012785539912957581,0.007652118515730087,28.384702955685796,14.905975341796875,15.708366394042969
2026-05-04T17:03:11.375Z,0.0006659736846412361,0.005375739582424058,27.518104015799867,14.89322280883789,15.708366394042969
2026-05-04T17:03:12.632Z,0.001712278886274858,0.0022862772209143564,26.220380681082485,14.900272369384766,15.708366394042969
2026-05-04T17:03:14.020Z,0.005918266498937016,0.007072381213702986,29.010755326544803,14.835289001464844,15.708366394042969
2026-05-04T17:03:15.293Z,0.004852965892129454,0.00344667586528324,23.998493030264974,14.85409164428711,15.708366394042969
2026-05-04T17:03:16.617Z,0.0020097369796659315,0.0013603023224813074,27.286880417403015,14.766426086425781,15.708366394042969
2026-05-04T17:03:17.947Z,0.0013656673531707833,0.005883260564997535,22.639400587821335,14.775859832763672,15.708366394042969
2026-05-04T17:03:19.234Z,0.006843159216960878,0.002587296580540315,28.832660004252602,14.790325164794922,15.708366394042969
2026-05-04T17:03:20.495Z,0.00809374134786691,0.002523049000415302,23.687997291349248,14.604949951171875,15.708366394042969
2026-05-04T17:03:21.784Z,0.0008662161454439544,0.002643518280564693,25.538269513662907,14.412776947021484,15.708366394042969
2026-05-04T17:03:23.177Z,0.0007145083436397923,0.00024663990941540945,27.61966087143164,14.22463607788086,15.708366394042969
2026-05-04T17:03:24.489Z,0.0010760095759877746,0.0039762338791055766,27.062473004280047,14.235771179199219,15.708366394042969
2026-05-04T17:03:25.810Z,0.0005892918632004929,0.00031618757963545655,23.25068870523416,14.230541229248047,15.708366394042969
2026-05-04T17:03:27.185Z,0.0002782451142349301,0.0001311932922040344,27.007481296758108,14.232093811035156,15.708366394042969
2026-05-04T17:03:28.573Z,0.0010557596196127202,0.0009734327621881474,26.458166875927407,14.166202545166016,15.708366394042969
2026-05-04T17:03:29.979Z,0.0064300446485534984,0.002385247789140799,23.21143371964454,14.149211883544922,15.708366394042969
2026-05-04T17:03:31.308Z,0.0001576438557276154,0.00005254795190920514,18.701049825029163,14.1787109375,15.708366394042969
2026-05-04T17:04:02.206Z,0.05549771434135111,0.009551777667903763,15.042476259586874,14.58795166015625,15.708366394042969
2026-05-04T17:04:33.282Z,0.02255840348208201,0.009746714944523675,19.898605604629477,14.473865509033203,15.708366394042969
2026-05-04T17:04:34.531Z,0.004231612008669317,0.004920175033766899,28.62223337935651,14.51186752319336,15.708366394042969
2026-05-04T17:04:35.906Z,0.00779142298376588,0.003119232674917572,25.70574991340492,14.506389617919922,15.708366394042969
2026-05-04T17:04:37.186Z,0.0012509419258453346,0.004240686016950387,21.680831751794702,14.526496887207031,15.708366394042969
2026-05-04T17:04:38.450Z,0.0177404251931796,0.00513511217328576,26.262283971535073,14.544620513916016,15.708366394042969
2026-05-04T17:04:39.822Z,0.0004779367058392583,0.00042002719700290646,22.87542662116041,14.406925201416016,15.708366394042969
2026-05-04T17:04:41.211Z,0.0006786970556963041,0.00034774478008357026,19.56311071630461,14.396739959716797,15.708366394042969
2026-05-04T17:04:42.510Z,0.0011665294154728529,0.000637869692300898,20.3743961352657,14.404422760009766,15.708366394042969
2026-05-04T17:04:43.860Z,0.0006608601604795051,0.0006298823404570282,25.455634465645588,14.40579605102539,15.708366394042969
2026-05-04T17:04:45.221Z,0.0031354359625344495,0.0024625895091058246,17.95158749896377,14.42733383178711,15.708366394042969
2026-05-04T17:04:46.584Z,0.0009057509839235239,0.0008865816509304334,24.530962359484548,14.427631378173828,15.708366394042969
2026-05-04T17:04:47.910Z,0.006784612482244318,0.006967024369673295,29.24011672062997,14.51605224609375,15.708366394042969
2026-05-04T17:04:49.168Z,0.00733940578927067,0.0026465209673938333,21.23804509958761,14.505531311035156,15.708366394042969
2026-05-04T17:04:50.490Z,0.000530667453884983,0.00048027313452324354,21.336727081230524,14.674026489257812,15.708366394042969
2026-05-04T17:04:51.853Z,0.0013866759183114035,0.0004972491347998904,24.258499186865947,14.755233764648438,15.708366394042969
2026-05-04T17:04:53.172Z,0.0010198810357199444,0.0006241285112830294,26.808401420199342,14.655773162841797,15.708366394042969
2026-05-04T17:04:54.423Z,0.00027164828205326544,0.0003145018880456255,22.62113127001067,14.780952453613281,15.708366394042969
2026-05-04T17:04:55.748Z,0.0032674948124908018,0.012348360693436028,20.117631906581376,14.788780212402344,15.708366394042969
2026-05-04T17:04:57.044Z,0.006336445943835248,0.00332859421346576,29.55285390480115,14.930522918701172,15.708366394042969
2026-05-04T17:04:58.162Z,0.012528511785691783,0.0065535200112182175,42.66877376660576,14.494434356689453,15.708366394042969
2026-05-04T17:04:59.465Z,0.0074368687302853575,0.0067331794655192435,31.50524581635307,14.399063110351562,15.708366394042969
2026-05-04T17:05:00.728Z,0.006847320848209843,0.002678032893284111,30.190567351200837,14.303546905517578,15.708366394042969
2026-05-04T17:05:02.007Z,0.00810585414617664,0.01802316093293807,37.647417207015096,13.984687805175781,15.708366394042969
2026-05-04T17:05:03.263Z,0.0008971495468928097,0.0023972299685956497,25.264890877622527,14.056480407714844,15.708366394042969
2026-05-04T17:05:04.553Z,0.007094724111288905,0.5442523573297094,30.196722767440825,14.054119110107422,15.708366394042969
2026-05-04T17:05:05.906Z,0.0047219727567569935,0.001593978105190985,30.254356263935918,14.095710754394531,15.708366394042969
2026-05-04T17:05:07.164Z,0.004618876689189189,0.005737510887352196,30.094387325130622,14.008769989013672,15.708366394042969
2026-05-04T17:05:08.378Z,0.12836159981379036,0.016152420106327933,37.098300806778745,13.772865295410156,15.708366394042969
2026-05-04T17:05:09.693Z,0.00924438726706583,0.005299927758388832,36.749454148471614,13.586410522460938,15.708366394042969
2026-05-04T17:05:11.062Z,0.015011386594910553,0.013831041861271513,36.197564276048716,13.84396743774414,15.708366394042969
2026-05-04T17:05:12.453Z,0.07899636000669011,0.005971769534014508,34.75008765436908,13.822574615478516,15.708366394042969
2026-05-04T17:05:13.676Z,0.010109687036322068,0.006967736769092175,35.21459227467811,14.085865020751953,15.708366394042969
2026-05-04T17:05:14.911Z,0.04423037785085462,0.03949657107106543,36.91944847605225,14.126312255859375,15.708366394042969
2026-05-04T17:05:16.224Z,0.08337333719566385,0.028666455188846373,31.63707593565058,14.054515838623047,15.708366394042969
2026-05-04T17:05:17.521Z,0.23110518660977547,0.08535101721935073,35.13557461685434,14.049991607666016,15.708366394042969
2026-05-04T17:05:18.862Z,0.043196707778835886,0.03674237624458645,35.063137865421204,14.063655853271484,15.708366394042969
2026-05-04T17:05:20.183Z,0.031334696908484304,0.026200208870619072,27.415930706521742,14.055740356445312,15.708366394042969
2026-05-04T17:05:21.582Z,0.007230151180431806,0.023632951505658358,28.223760092272205,14.34027099609375,15.708366394042969
2026-05-04T17:05:23.014Z,0.011072076600173425,0.0019155699631263471,24.670687192509124,14.357460021972656,15.708366394042969
2026-05-04T17:05:24.263Z,0.001982389469015589,0.004659088810861703,26.12337200050253,14.342761993408203,15.708366394042969
2026-05-04T17:05:25.681Z,0.015587390473206593,0.015504875007851382,29.488224443395822,14.354427337646484,15.708366394042969
2026-05-04T17:05:27.013Z,0.00046858023771475924,0.00024151492428469969,22.746439653114805,14.345478057861328,15.708366394042969
2026-05-04T17:05:28.393Z,0.00023449890267601857,0.0005208057024548785,23.060665362035227,14.344772338867188,15.708366394042969
2026-05-04T17:05:29.733Z,0.000775760754357652,0.0002355373878133261,23.54555433589462,14.344791412353516,15.708366394042969
2026-05-04T17:05:31.063Z,0.06832426576482939,0.014703817791084418,27.917269554855732,14.287487030029297,15.708366394042969
2026-05-04T17:05:32.403Z,0.0008349980043050251,0.00035176511670722334,24.333538714315054,14.272132873535156,15.708366394042969
2026-05-04T17:05:33.762Z,0.007737449735228778,0.0031161726566783167,27.411797685314966,14.275253295898438,15.708366394042969
2026-05-04T17:05:35.053Z,0.0005700615014922753,0.00035575266634480337,31.132153489910685,14.276615142822266,15.708366394042969
2026-05-04T17:05:36.361Z,0.0162132119458736,0.0048986222343504705,29.339704604691576,14.267536163330078,15.708366394042969
2026-05-04T17:05:37.651Z,0.054243972018304,0.011029005964140326,20.769559640872167,14.284042358398438,15.708366394042969
2026-05-04T17:05:38.853Z,0.0023951295946465162,0.0015798162241451076,27.44055068836045,14.279884338378906,15.708366394042969
2026-05-04T17:05:40.215Z,0.03549905733081617,0.0031399744567644533,17.813333333333333,14.28244400024414,15.708366394042969
2026-05-04T17:05:41.502Z,0.040143982976929754,0.004954364008929439,29.14499419679319,14.30044174194336,15.708366394042969
2026-05-04T17:05:42.844Z,0.018567654676053112,0.01085931128197974,24.763242375601926,14.305809020996094,15.708366394042969
2026-05-04T17:05:44.222Z,0.028237205589829336,0.03225741791109318,25.860219490056934,14.324169158935547,15.708366394042969
2026-05-04T17:05:45.521Z,0.03750970430463274,0.015263245484539282,23.545064377682404,14.365612030029297,15.708366394042969
2026-05-04T17:05:46.867Z,0.01581014295929246,0.009691374142731453,23.57890499194847,14.367847442626953,15.708366394042969
2026-05-04T17:05:48.267Z,0.07696504946108217,0.025964666295934604,27.88414534788985,14.350391387939453,15.708366394042969
2026-05-04T17:05:49.484Z,0.2911024827223558,0.02825370201697716,34.961210733816614,14.419181823730469,15.708366394042969
2026-05-04T17:05:50.794Z,0.009516813437636053,0.001098349367501935,25.959445037353255,14.298530578613281,15.708366394042969
2026-05-04T17:05:52.124Z,0.01876244178185096,0.012633250309870793,18.559545030133265,14.286548614501953,15.708366394042969
2026-05-04T17:05:53.470Z,0.006914319551018172,0.0024517889362650445,20.783995212242978,14.301559448242188,15.708366394042969
2026-05-04T17:05:54.829Z,0.053435158131370404,0.014031659744973678,30.25039123630673,14.196296691894531,15.708366394042969
2026-05-04T17:05:56.093Z,0.07374228317152354,0.013495959347406522,23.241469816272968,14.202720642089844,15.708366394042969
2026-05-04T17:05:57.448Z,0.46090872068983585,0.039769553841550835,27.84549356223176,14.221794128417969,15.708366394042969
2026-05-04T17:05:59.032Z,0.10583626962926265,0.011552685368670164,24.94267208432232,14.226764678955078,15.708366394042969
2026-05-04T17:06:00.078Z,0.0026472433722127897,0.002346502611339998,29.071929676274195,14.242210388183594,15.708366394042969
2026-05-04T17:06:00.234Z,0.02242097950944997,0.043502961746369945,29.071929676274195,14.232620239257812,15.708366394042969
2026-05-04T17:06:01.518Z,0.04058930932021723,0.006124224839109215,28.931545729544013,14.24068832397461,15.708366394042969
2026-05-04T17:06:02.777Z,0.40225439924534745,0.048079141756383385,30.289552509757645,14.2242431640625,15.708366394042969
2026-05-04T17:06:04.081Z,0.06822817253343987,0.011516339851148201,22.65907485141931,14.216632843017578,15.708366394042969
2026-05-04T17:06:04.498Z,0.06822817253343987,0.011516339851148201,21.579257513258693,14.24770736694336,15.708366394042969
2026-05-04T17:06:05.362Z,0.0007971581775913867,0.00048796207983457356,28.149942987457237,14.233226776123047,15.708366394042969
2026-05-04T17:06:06.759Z,0.0069231453404117295,0.0030384349211232627,22.13913792428454,14.247734069824219,15.708366394042969
2026-05-04T17:06:08.113Z,0.001801006107180352,0.001008890627792173,18.453358354836187,14.227344512939453,15.708366394042969
2026-05-04T17:06:08.502Z,0.001801006107180352,0.001008890627792173,33.1020942408377,14.239982604980469,15.708366394042969
2026-05-04T17:06:09.394Z,0.004817712856283473,0.004830048174846529,32.33706932337069,14.221107482910156,15.708366394042969
2026-05-04T17:06:10.750Z,0.0023940757468894672,0.0004796628598813657,21.153138417501534,14.218360900878906,15.708366394042969
2026-05-04T17:06:12.134Z,0.0013521739414760045,0.0003222056797572545,22.31408212275107,14.217754364013672,15.708366394042969
2026-05-04T17:06:13.401Z,0.004176562867908979,0.00252347825299459,21.28740342340035,14.230281829833984,15.708366394042969
2026-05-04T17:06:14.668Z,0.003142721334080787,0.004025021935724149,21.420414617006326,14.24660873413086,15.708366394042969
2026-05-04T17:06:16.061Z,0.044512071820087616,0.010191078065697703,20.640600453831386,14.261966705322266,15.708366394042969
2026-05-04T17:06:17.155Z,0.019425673108872533,0.013989333789872924,34.098689916465055,14.385185241699219,15.708366394042969
2026-05-04T17:06:17.308Z,0.001930328736822289,0.0023324805569935993,34.098689916465055,14.373226165771484,15.708366394042969
2026-05-04T17:06:18.553Z,0.1542952512165004,0.039969251749101375,30.708243238116918,14.402385711669922,15.708366394042969
2026-05-04T17:07:02.145Z,0.0503960206585754,0.009227484804668668,16.435196651082922,13.891468048095703,15.708366394042969
2026-05-04T17:08:02.397Z,0.0059750398354481305,0.0055353988002051074,11.908381333539706,13.839252471923828,15.708366394042969
2026-05-04T17:09:02.326Z,0.011697664705010002,0.017191426680450064,16.07484303981856,14.547653198242188,15.708366394042969
2026-05-04T17:43:32.790Z,0,0,9.150579085802724,14.60213851928711,15.708366394042969
2026-05-04T17:43:34.020Z,0.0057002559292888425,0.006193435564353461,37.9630410935786,14.6387939453125,15.708366394042969
2026-05-04T17:43:35.299Z,0.001243825228709095,0.00045734381525771423,31.567080045095828,14.698238372802734,15.708366394042969
2026-05-04T17:43:36.669Z,0.006878949942886124,0.010691389100421765,27.59372275501308,14.730972290039062,15.708366394042969
2026-05-04T17:43:37.927Z,0.006085084437625823,0.0009690336392180636,28.367720863538597,14.724712371826172,15.708366394042969
2026-05-04T17:43:39.182Z,0.0017690468594372512,0.004741015187297685,21.339619284824764,14.692314147949219,15.708366394042969
2026-05-04T17:43:40.521Z,0.0068927100795483295,0.006879582578836665,23.324396782841823,14.720706939697266,15.708366394042969
2026-05-04T17:43:41.851Z,0.0014156642640353457,0.008186682853726352,26.205037418524178,14.743461608886719,15.708366394042969
2026-05-04T17:43:43.103Z,0.0005648403094081805,0.0003218190550343871,25.323964994951194,14.777946472167969,15.708366394042969
2026-05-04T17:43:44.422Z,0.013458493198801878,0.016997265721498272,27.68752463108114,14.84454345703125,15.708366394042969
2026-05-04T17:43:45.732Z,0.0022344440553660914,0.006047017324740744,31.535489119381737,14.914806365966797,15.708366394042969
2026-05-04T17:43:46.895Z,0.006220819875056749,0.009819227808228031,27.874860335195528,14.918205261230469,15.708366394042969
2026-05-04T17:43:48.089Z,0.00783717378656915,0.004503777686585771,24.722248156101205,14.927967071533203,15.708366394042969
2026-05-04T17:43:49.274Z,0.0014301151012442851,0.004989547919751402,28.07147144374163,14.84512710571289,15.708366394042969
2026-05-04T17:43:50.418Z,0.0016449226273430719,0.0007276733716328939,36.51189562547966,14.853103637695312,15.708366394042969
2026-05-04T17:43:51.573Z,0.0025486841993040393,0.013426401729667031,30.858291072624628,14.827713012695312,15.708366394042969
2026-05-04T17:43:52.739Z,0.001263193083498168,0.0011270696466619318,31.199774425489917,14.825813293457031,15.708366394042969
2026-05-04T17:43:53.881Z,0.0016588204319822495,0.00520140037941006,29.95121951219512,14.824691772460938,15.708366394042969
2026-05-04T17:43:55.064Z,0.0012009232132523147,0.0004213909770167151,32.97063575026134,14.841480255126953,15.708366394042969
2026-05-04T17:43:56.226Z,0.009055129673723785,0.012702655314603115,25.882298808263933,14.824092864990234,15.708366394042969
2026-05-04T17:43:57.407Z,0.008361303014284099,0.0008586318163896136,30.775379696243004,14.823436737060547,15.708366394042969
2026-05-04T17:43:58.594Z,0.0019213975612170982,0.005447678590771231,33.64129917134965,14.828460693359375,15.708366394042969
2026-05-04T17:43:59.845Z,0.000257230995165937,0.00017737420860695953,32.654610404108055,14.705371856689453,15.708366394042969
2026-05-04T17:44:01.083Z,0.0013644878680889423,0.004971461740099949,31.29376087053472,14.722721099853516,15.708366394042969
2026-05-04T17:44:02.285Z,0.0020086863484767557,0.0075704772547010146,31.72257479601088,14.689544677734375,15.708366394042969
2026-05-04T17:44:03.450Z,0.004648863522331219,0.010283270176988695,36.727971452099915,14.729679107666016,15.708366394042969
2026-05-04T17:44:04.649Z,0.07219420448518227,0.013176342241790536,40.42724516862448,14.639026641845703,15.708366394042969
2026-05-04T17:44:05.848Z,0.005600568772939929,0.00947994866382987,26.926066480727904,14.642486572265625,15.708366394042969
2026-05-04T17:44:07.060Z,0.0024784350115649866,0.001912939688268818,32.78336380255942,14.631805419921875,15.708366394042969
2026-05-04T17:44:08.225Z,0.00048283259606821035,0.004753982531155045,30.667731029301276,14.636940002441406,15.708366394042969
2026-05-04T17:44:09.376Z,0.006769429082455843,0.006774404774541441,36.30404395816262,14.688404083251953,15.708366394042969
2026-05-04T17:44:10.560Z,0.007215782145948059,0.009857353947935603,30.483848215545212,14.703804016113281,15.708366394042969
2026-05-04T17:44:11.737Z,0.014793813525147699,0.019594606870837868,34.696036052607376,14.751232147216797,15.708366394042969
2026-05-04T17:44:12.896Z,0.0022141249863417835,0.011209841374750739,26.61894535910284,14.794967651367188,15.708366394042969
2026-05-04T17:44:14.080Z,0.010695359478258108,0.010192394256591797,32.548720636584555,14.777801513671875,15.708366394042969
2026-05-04T17:44:15.331Z,0.0003403712826441608,0.004635872737738535,25.44517553950214,14.752952575683594,15.708366394042969
2026-05-04T17:44:16.464Z,0.0007693180252249439,0.000657304076152758,31.76887113612637,14.765369415283203,15.708366394042969
2026-05-04T17:44:17.601Z,0.001867961380728938,0.004361928661594492,28.155479748234274,14.758918762207031,15.708366394042969
2026-05-04T17:44:18.762Z,0.013680860116496912,0.0070786324826998814,36.47224174279691,14.749088287353516,15.708366394042969
2026-05-04T17:44:19.899Z,0.0014769435433590443,0.004749798754531382,29.35813953488372,14.718475341796875,15.708366394042969
2026-05-04T17:44:21.084Z,0.0007981749482498103,0.0003589719456377385,31.805430079406587,14.759361267089844,15.708366394042969
2026-05-04T17:44:22.230Z,0.001754859653957568,0.009953821127849503,28.66489664327707,14.706783294677734,15.708366394042969
2026-05-04T17:44:23.363Z,0.00013635796677473845,0.00007483059152272232,31.35124833238041,14.737834930419922,15.708366394042969
2026-05-04T17:44:24.497Z,0.0005448390001249189,0.004751062022269339,29.655039134215865,14.70950698852539,15.708366394042969
2026-05-04T17:44:25.644Z,0.0007132817104308015,0.0005413220360834004,30.3416879283606,14.718708038330078,15.708366394042969
2026-05-04T17:44:26.863Z,0.0019670023349086935,0.011999813126929012,32.595269682968116,14.763114929199219,15.708366394042969
2026-05-04T17:44:28.040Z,0.003509898554944914,0.005629349383333763,30.946945484430643,14.775615692138672,15.708366394042969
2026-05-04T17:44:29.190Z,0.0013040551004955946,0.005494340400863849,30.493098570940834,14.756465911865234,15.708366394042969
2026-05-04T17:44:30.494Z,0.00041872262954711914,0.00022873282432556152,29.666466603789765,14.751075744628906,15.708366394042969
2026-05-04T17:44:31.713Z,0.00959150707066499,0.017264712727196985,31.401427337606254,14.81369400024414,15.708366394042969
2026-05-04T17:44:33.590Z,0.01772315543381065,0.009509266952746448,29.604464234083157,14.83547592163086,15.708366394042969
2026-05-04T17:44:35.525Z,0.009200778194999088,0.012236624544409207,31.12910743416453,14.97127914428711,15.708366394042969
2026-05-04T17:44:37.573Z,0.004740040097787269,0.010895283529503698,30.346859159788753,14.824230194091797,15.708366394042969
2026-05-04T17:44:39.428Z,0.008881879798116138,0.0013239058103855486,24.236041151509603,14.817131042480469,15.708366394042969
2026-05-04T17:44:41.357Z,0.004312841477122255,0.006129084088952956,25.35354104456589,14.709461212158203,15.708366394042969
2026-05-04T17:44:43.246Z,0.00434215407968833,0.0004327980576047472,23.236818221740783,14.633308410644531,15.708366394042969
2026-05-04T17:44:45.185Z,0.005437028445033771,0.006491790266539959,22.97783617045584,14.565624237060547,15.708366394042969
2026-05-04T17:45:02.010Z,0.0011829207725407135,0.0019656652171094863,15.58543601545163,14.50570297241211,15.708366394042969
2026-05-04T17:46:02.124Z,0.0021930412301627207,0.0025243404719234707,11.785825586820263,13.905345916748047,15.708366394042969
2026-05-04T17:47:02.268Z,0.011056344913103752,0.014442964797782558,17.08620236579176,14.851593017578125,15.708366394042969
2026-05-04T17:47:48.338Z,0.22070369351198801,0.06826361022127099,30.66357135958621,14.208301544189453,15.708366394042969
2026-05-04T17:48:02.211Z,0.018090798938840556,0.04850206537233485,30.132385221330914,14.375919342041016,15.708366394042969
2026-05-04T17:49:02.315Z,0.1519905976037373,0.16041416846095205,27.939878563267218,14.079421997070312,15.708366394042969
2026-05-04T17:50:02.422Z,0.1714713023356759,0.2164549936135335,28.57204372399753,13.460014343261719,15.708366394042969
2026-05-04T17:51:02.387Z,0.09607334004850784,0.2202339048209736,33.92153588396457,13.621784210205078,15.708366394042969
2026-05-04T17:52:02.501Z,0.03602513699595532,0.19214734076405865,33.078232457931655,13.908203125,15.708366394042969
2026-05-04T17:53:04.714Z,0.0514811847484258,0.20866576136073411,45.6675909209855,14.073551177978516,15.708366394042969
2026-05-04T17:54:02.505Z,0.05353816746407815,0.24088530407450323,43.90885671121088,14.064373016357422,15.708366394042969
2026-05-04T17:55:02.486Z,0.050027360026992464,0.23789007410560767,43.05282303444215,13.923633575439453,15.708366394042969
2026-05-04T17:56:02.400Z,0.048685427536238376,0.21968509010577542,44.030144952988834,13.716934204101562,15.708366394042969
2026-05-04T17:57:02.481Z,0.0510135361807052,0.2234306017351429,41.89455981281076,13.726570129394531,15.708366394042969
2026-05-04T17:58:02.511Z,0.053319156577393514,0.21267053344278747,44.557084990560675,13.848793029785156,15.708366394042969
2026-05-04T17:58:06.023Z,0.053173040519244624,0.24030528311183824,52.690582959641254,13.984283447265625,15.708366394042969
2026-05-04T17:58:07.528Z,0.05366190885886168,0.18881162007649738,52.23218997361477,13.99160385131836,15.708366394042969
2026-05-04T17:58:09.155Z,0.038159174549860585,0.18825980549308186,50.35431896165896,13.98593521118164,15.708366394042969
2026-05-04T17:58:10.709Z,0.042666804115727264,0.1754918188418982,59.340446794107216,13.913047790527344,15.708366394042969
2026-05-04T17:58:12.244Z,0.04094897955165559,0.25987844862696213,56.146584831843796,13.795059204101562,15.708366394042969
2026-05-04T17:58:13.815Z,0.05331015069213711,0.30914881524759535,55.449438202247194,13.772964477539062,15.708366394042969
2026-05-04T17:58:15.414Z,0.04834546115333005,0.2591021340386826,57.45608062099959,13.81024169921875,15.708366394042969
2026-05-04T17:58:17.149Z,0.04538609951928407,0.15547598416392158,57.725985482243416,13.810482025146484,15.708366394042969
2026-05-04T17:58:18.724Z,0.032512607142066476,0.2574950681825729,55.14356537905392,13.821556091308594,15.708366394042969
2026-05-04T17:58:20.227Z,0.03290207056370579,0.15179919276590134,51.6182484839938,13.814647674560547,15.708366394042969
2026-05-04T17:58:21.746Z,0.025332169711237588,0.1602442109576981,52.89013195639701,13.718761444091797,15.708366394042969
2026-05-04T17:58:23.351Z,0.03306278600013778,0.18012671592109428,54.09506726457399,13.76163101196289,15.708366394042969
2026-05-04T17:58:24.884Z,0.02700810647337831,0.24056263331258165,52.810233322614074,13.768474578857422,15.708366394042969
2026-05-04T17:58:26.381Z,0.024863608013778637,0.1849484213678783,53.39323129372492,13.797698974609375,15.708366394042969
2026-05-04T17:58:27.881Z,0.032346463921078074,0.21394519104208035,54.095049214044366,13.801250457763672,15.708366394042969
2026-05-04T17:58:29.393Z,0.029669225416600904,0.1988683886800952,51.6757916543356,13.80746841430664,15.708366394042969
2026-05-04T17:58:30.956Z,0.03324125770321511,0.19549610014270963,54.881212452211905,13.826377868652344,15.708366394042969
2026-05-04T17:58:32.527Z,0.03497115059740039,0.2502807538023873,53.42298288508558,13.807716369628906,15.708366394042969
2026-05-04T17:58:34.268Z,0.02946780580735305,0.23301629789731187,55.30922195765493,13.815990447998047,15.708366394042969
2026-05-04T17:58:35.962Z,0.04258759120374991,0.17444582751197538,55.01943439217263,13.813232421875,15.708366394042969
2026-05-04T17:58:37.566Z,0.04927165200265401,0.2728449670892013,53.663651854764716,13.805953979492188,15.708366394042969
2026-05-04T17:58:39.089Z,0.04598732394073646,0.20280308748415002,51.816593575070414,13.809833526611328,15.708366394042969
2026-05-04T17:58:40.609Z,0.04157180306296678,0.22010263407005454,56.76782273603082,13.805183410644531,15.708366394042969
2026-05-04T17:58:42.048Z,0.06966627586797203,0.19479915760379307,50.94361512878026,13.78078842163086,15.708366394042969
2026-05-04T17:58:43.584Z,0.049793026605381534,0.2424804057739423,50.23305711749039,13.787166595458984,15.708366394042969
2026-05-04T17:58:45.313Z,0.044488160905711775,0.17731456550019745,58.316785808842994,14.073795318603516,15.708366394042969
2026-05-04T17:58:46.792Z,0.028298128789393744,0.21226861369070693,54.266164426167194,14.000385284423828,15.708366394042969
2026-05-04T17:58:48.282Z,0.027381281193891074,0.1968848232368438,53.16935786706721,14.02362060546875,15.708366394042969
2026-05-04T17:58:49.747Z,0.06039345518071601,0.2558738627332322,53.93197377476727,14.031055450439453,15.708366394042969
2026-05-04T17:58:51.223Z,0.048710798802305576,0.18454938528528175,55.84079307538655,14.041202545166016,15.708366394042969
2026-05-04T17:58:52.743Z,0.04688342519274952,0.23379075575324118,51.57713700234192,14.063987731933594,15.708366394042969
2026-05-04T17:58:54.175Z,0.05979143027456455,0.2836452724977326,53.834603401028566,14.057075500488281,15.708366394042969
2026-05-04T17:58:55.710Z,0.04651668579430593,0.2201181859018989,54.615807812213454,14.052227020263672,15.708366394042969
2026-05-04T17:58:57.279Z,0.055248538653055825,0.230844443043073,55.04412714357466,14.072254180908203,15.708366394042969
2026-05-04T17:58:58.751Z,0.05221884161292684,0.25021630161142444,53.753699559662174,14.054275512695312,15.708366394042969
2026-05-04T17:59:00.364Z,0.05418549543656643,0.2342554008435903,57.183040614709114,14.06625747680664,15.708366394042969
2026-05-04T17:59:00.796Z,0.05418549543656643,0.2342554008435903,62.58320532514081,14.108695983886719,15.708366394042969
2026-05-04T17:59:01.879Z,0.06734887966934923,0.22864528975561652,58.73214733149587,14.07504653930664,15.708366394042969
2026-05-04T17:59:03.465Z,0.05043087620111635,0.20467067773931025,52.116052814454484,13.997825622558594,15.708366394042969
2026-05-04T17:59:03.757Z,0.05043087620111635,0.20467067773931025,57.67826254084182,14.038326263427734,15.708366394042969
2026-05-04T17:59:05.147Z,0.045337099017518936,0.22047601564966066,57.22960850163316,13.996452331542969,15.708366394042969
2026-05-04T17:59:06.423Z,0.0799646182936065,0.1833020424356266,55.92157157345152,14.04888916015625,15.708366394042969
2026-05-04T17:59:06.638Z,0.03159599465156909,0.21171972218445081,60.66457117198024,14.026237487792969,15.708366394042969
2026-05-04T17:59:08.324Z,0.04834908463380518,0.22359476624542338,54.08431186638466,14.00656509399414,15.708366394042969
2026-05-04T17:59:09.622Z,0.06225566877627866,0.2036186561339417,59.63245111128563,14.05581283569336,15.708366394042969
2026-05-04T17:59:09.905Z,0.04679382227029011,0.16838426043273538,59.24211248285323,14.052543640136719,15.708366394042969
2026-05-04T17:59:11.469Z,0.05222100477952223,0.26130431737655246,58.90151515151515,13.999942779541016,15.708366394042969
2026-05-04T17:59:11.838Z,0.05222100477952223,0.26130431737655246,58.50641417226634,14.03607177734375,15.708366394042969
2026-05-04T17:59:13.168Z,0.05210733474285508,0.28170533525595365,56.25506985128437,14.029464721679688,15.708366394042969
2026-05-04T17:59:14.541Z,0.039630318352569686,0.25525707816413057,53.44211940871568,14.089344024658203,15.708366394042969
2026-05-04T17:59:14.762Z,0.05163404676649305,0.188246832953559,53.04513971817531,14.061782836914062,15.708366394042969
2026-05-04T17:59:16.321Z,0.05000386664005163,0.23850495185351686,55.625323443160255,14.031341552734375,15.708366394042969
2026-05-04T17:59:17.467Z,0.052095054588381345,0.22517821554732997,55.60445605831384,14.077129364013672,15.708366394042969
2026-05-04T17:59:17.847Z,0.05577098239551891,0.20695816386829724,51.505067312055665,14.079612731933594,15.708366394042969
2026-05-04T17:59:19.411Z,0.046969072984239434,0.234336043997718,53.45442979821182,14.050254821777344,15.708366394042969
2026-05-04T17:59:19.858Z,0.046969072984239434,0.234336043997718,59.234291528873065,14.086414337158203,15.708366394042969
2026-05-04T17:59:21.179Z,0.050517316824331075,0.24207422908502646,55.914651767652444,14.046913146972656,15.708366394042969
2026-05-04T17:59:22.461Z,0.060727312489492265,0.23956080772127972,54.223917632680276,14.10134506225586,15.708366394042969
2026-05-04T17:59:22.637Z,0.05915829035789455,0.1495526805860267,60.7537688442211,14.074016571044922,15.708366394042969
2026-05-04T17:59:24.178Z,0.04596406849430759,0.20886352316601695,53.0706709917265,14.064449310302734,15.708366394042969
2026-05-04T17:59:25.526Z,0.05111338487311975,0.23853031556997725,57.79729896145478,14.127037048339844,15.708366394042969
2026-05-04T17:59:25.667Z,0.04526941399825247,0.15696475380345395,57.79729896145478,14.095573425292969,15.708366394042969
2026-05-04T17:59:27.164Z,0.048913230137762914,0.20160374370154,53.579607686946126,14.083961486816406,15.708366394042969
2026-05-04T17:59:28.481Z,0.0407863465288728,0.18445286182088588,55.59793771220187,14.146492004394531,15.708366394042969
2026-05-04T17:59:28.647Z,0.03882960269325658,0.18416454917506167,55.59793771220187,14.114143371582031,15.708366394042969
2026-05-04T17:59:30.311Z,0.05110935192203047,0.19789275838367973,59.018671823070875,14.09341812133789,15.708366394042969
2026-05-04T17:59:31.759Z,0.06150522015311501,0.23482198064977475,61.602188354826104,14.126754760742188,15.708366394042969
2026-05-04T17:59:32.214Z,0.052622386387416294,0.39353540965488976,62.8957783641161,14.192031860351562,15.708366394042969
2026-05-04T17:59:33.567Z,0.04609214498641643,0.2742365319678124,63.51704133430022,14.225898742675781,15.708366394042969
2026-05-04T17:59:33.761Z,0.04888417427999931,0.3022603821336177,59.289018748478206,14.203197479248047,15.708366394042969
2026-05-04T17:59:35.211Z,0.04777565183723693,0.2458459733702743,52.360338843900436,14.160335540771484,15.708366394042969
2026-05-04T17:59:36.805Z,0.05416908701448447,0.2197656612177596,61.841522797698104,14.21078872680664,15.708366394042969
2026-05-04T17:59:37.172Z,0.05684179418227252,0.2402221455293543,62.884675163195524,14.213939666748047,15.708366394042969
2026-05-04T17:59:38.501Z,0.03616340824815094,0.26276919359717865,57.58878504672897,14.243927001953125,15.708366394042969
2026-05-04T17:59:38.839Z,0.032650572913033624,0.2921989985874721,56.36185339544005,14.218093872070312,15.708366394042969
2026-05-04T17:59:40.463Z,0.032075770271305606,0.1645654761838669,59.64819262077784,14.177692413330078,15.708366394042969
2026-05-04T17:59:40.855Z,0.032075770271305606,0.1645654761838669,59.767821512787954,14.214832305908203,15.708366394042969
2026-05-04T17:59:42.227Z,0.043789847873160745,0.24522967513825353,60.73300697482996,14.20651626586914,15.708366394042969
2026-05-04T17:59:43.796Z,0.0555011339034374,0.2522969570089182,57.47243772968559,14.236221313476562,15.708366394042969
2026-05-04T17:59:44.237Z,0.04724528165471634,0.36085051978194477,58.09232980061074,14.229522705078125,15.708366394042969
2026-05-04T17:59:45.675Z,0.037458141892220576,0.22754455414388425,62.256091309845196,14.244598388671875,15.708366394042969
2026-05-04T17:59:45.911Z,0.030870539437833626,0.34480587019190667,61.27978478093774,14.243629455566406,15.708366394042969
2026-05-04T17:59:47.545Z,0.032455259910369946,0.23424170399440153,56.91926938092582,14.232681274414062,15.708366394042969
2026-05-04T17:59:47.977Z,0.032455259910369946,0.23424170399440153,58.82900864936793,14.275054931640625,15.708366394042969
2026-05-04T17:59:49.274Z,0.04487154478485175,0.25682778560239117,55.436459280939765,14.267715454101562,15.708366394042969
2026-05-04T17:59:50.712Z,0.04384369976752627,0.2574709664403865,60.49267481027556,14.309120178222656,15.708366394042969
2026-05-04T17:59:51.221Z,0.04723692593509204,0.1453504170456978,58.51465042065564,14.310150146484375,15.708366394042969
2026-05-04T17:59:52.682Z,0.05322008021290627,0.26033075959022883,59.99661361327464,14.324283599853516,15.708366394042969
2026-05-04T17:59:52.918Z,0.05425476446384337,0.24547034162815995,62.80594405594405,14.303115844726562,15.708366394042969
2026-05-04T17:59:54.577Z,0.03655044271224819,0.20943903736658148,59.4433465085639,14.338443756103516,15.708366394042969
2026-05-04T17:59:54.792Z,0.036272635826697715,0.1810587369478666,61.217681401167646,14.317962646484375,15.708366394042969
2026-05-04T17:59:56.287Z,0.0518764571703115,0.25205752878635646,54.067505520311244,14.276866912841797,15.708366394042969
2026-05-04T17:59:56.800Z,0.0518764571703115,0.25205752878635646,55.71816357842558,14.330978393554688,15.708366394042969
2026-05-04T17:59:57.807Z,0.06374619110227413,0.22387660815237703,53.849314364953,14.28897476196289,15.708366394042969
2026-05-04T17:59:59.480Z,0.043738022812487044,0.30160409057860194,53.65345231129316,14.306015014648438,15.708366394042969
2026-05-04T18:00:00.755Z,0.04889567693074544,0.19957763808114187,62.45035010851316,14.334571838378906,15.708366394042969
2026-05-04T18:00:01.261Z,0.06277099428440742,0.25470077755894116,59.2680412371134,14.357147216796875,15.708366394042969
2026-05-04T18:00:02.576Z,0.05498082474937644,0.24774380125454182,58.8300080484602,14.396286010742188,15.708366394042969
2026-05-04T18:00:03.255Z,0.05581080913543701,0.2872973680496216,59.60804717308359,14.388221740722656,15.708366394042969
2026-05-04T18:00:05.196Z,0.04657005008898284,0.2555658942774722,64.53147877013177,14.396251678466797,15.708366394042969
2026-05-04T18:00:05.199Z,0.04178601868298589,0.2070081477262536,61.93403048169985,14.419265747070312,15.708366394042969
2026-05-04T18:00:06.554Z,0.034601225269784174,0.20352987934359545,59.16363060351655,14.456912994384766,15.708366394042969
2026-05-04T18:00:06.797Z,0.02847679357960391,0.18984790692113554,56.5489013356312,14.439071655273438,15.708366394042969
2026-05-04T18:00:08.402Z,0.047209152021624054,0.19780387469213256,56.71175173593971,14.424419403076172,15.708366394042969
2026-05-04T18:00:08.781Z,0.047209152021624054,0.19780387469213256,57.54690164866402,14.475597381591797,15.708366394042969
2026-05-04T18:00:09.913Z,0.053947254762811175,0.2499117845040412,56.03427755296359,14.448478698730469,15.708366394042969
2026-05-04T18:00:11.409Z,0.06757445166481288,0.2327264167307508,53.25139076830552,14.444622039794922,15.708366394042969
2026-05-04T18:00:11.908Z,0.06757445166481288,0.2327264167307508,58.09337433603579,14.48489761352539,15.708366394042969
2026-05-04T18:00:13.376Z,0.04421276719186105,0.20248214340412762,64.01036723370082,14.420284271240234,15.708366394042969
2026-05-04T18:00:14.586Z,0.058628939611424485,0.2613403690729463,61.68931704799587,14.431472778320312,15.708366394042969
2026-05-04T18:00:15.193Z,0.046519229286595395,0.18569042808131167,61.07449856733525,14.432750701904297,15.708366394042969
2026-05-04T18:00:16.628Z,0.05491458586532705,0.20438969280307892,61.68064407916807,14.441184997558594,15.708366394042969
2026-05-04T18:00:16.921Z,0.037135499896425186,0.23779435591264203,64.58076448828606,14.438240051269531,15.708366394042969
2026-05-04T18:00:18.842Z,0.05612617883926783,0.16277431052325766,57.16761892533864,14.455677032470703,15.708366394042969
2026-05-04T18:00:19.265Z,0.04604310368212703,0.3021941787895115,60.35955056179775,14.429939270019531,15.708366394042969
2026-05-04T18:00:20.706Z,0.05197169787562679,0.3149109105326043,59.209275803079265,14.466690063476562,15.708366394042969
2026-05-04T18:00:20.927Z,0.0366946968300214,0.2054119505822906,62.67513134851138,14.451408386230469,15.708366394042969
2026-05-04T18:00:22.456Z,0.049397330614005995,0.22530885612439808,57.70557395143487,14.471088409423828,15.708366394042969
2026-05-04T18:00:22.685Z,0.07946603799582551,0.2153257443669528,57.58980301274623,14.448017120361328,15.708366394042969
2026-05-04T18:00:24.193Z,0.044894468097786626,0.24101496991062663,53.679149060177764,14.432365417480469,15.708366394042969
2026-05-04T18:00:25.589Z,0.054435491375479504,0.25457437379552206,57.67886074869958,14.493438720703125,15.708366394042969
2026-05-04T18:00:25.791Z,0.05459785461425781,0.15638130051749094,64.74626133856337,14.45876693725586,15.708366394042969
2026-05-04T18:00:27.372Z,0.05698571781266318,0.2546972358134841,60.527791406742836,14.40451431274414,15.708366394042969
2026-05-04T18:00:28.579Z,0.0445360813679175,0.2578630600150172,61.56967744634565,14.325668334960938,15.708366394042969
2026-05-04T18:00:29.174Z,0.03600681529325597,0.17153235042796414,62.50810110174984,14.303756713867188,15.708366394042969
2026-05-04T18:00:30.549Z,0.0559879536138966,0.24020153543223505,61.55441130732281,14.208599090576172,15.708366394042969
2026-05-04T18:00:30.760Z,0.05939972302145209,0.23892300188048812,66.04882459312839,14.158912658691406,15.708366394042969
2026-05-04T18:00:32.305Z,0.04565536469084676,0.22627903481103612,59.79455241776728,13.977916717529297,15.708366394042969
2026-05-04T18:00:32.787Z,0.04565536469084676,0.22627903481103612,59.04187449251827,13.895332336425781,15.708366394042969
2026-05-04T18:00:33.874Z,0.031513651621710395,0.22547023812520134,58.38123588585506,13.770919799804688,15.708366394042969
2026-05-04T18:00:35.365Z,0.030585741981273354,0.20887884247837477,58.17321277196948,13.751888275146484,15.708366394042969
2026-05-04T18:00:35.814Z,0.030585741981273354,0.20887884247837477,55.37422622397299,13.796043395996094,15.708366394042969
2026-05-04T18:00:36.896Z,0.04814115934328851,0.21722102796284903,54.57919025643465,13.760848999023438,15.708366394042969
2026-05-04T18:00:38.395Z,0.032323192746082995,0.20004122813487987,49.1380613942235,13.762870788574219,15.708366394042969
2026-05-04T18:00:38.808Z,0.032323192746082995,0.20004122813487987,53.77384572850429,13.805206298828125,15.708366394042969
2026-05-04T18:00:40.171Z,0.06172081623425932,0.22605266222506104,57.26519337016575,13.783988952636719,15.708366394042969
2026-05-04T18:00:41.471Z,0.06473803027799176,0.23033807946395113,56.75636363636364,13.876361846923828,15.708366394042969
2026-05-04T18:00:41.681Z,0.05361490082322505,0.2712492357220566,56.399437412095644,13.855144500732422,15.708366394042969
2026-05-04T18:00:43.195Z,0.044611747691173424,0.27803332600372516,58.72061235647895,13.634361267089844,15.708366394042969
2026-05-04T18:00:44.602Z,0.049103630913628474,0.2044093106441571,60.281760795953346,13.66351318359375,15.708366394042969
2026-05-04T18:00:45.165Z,0.043699421833470926,0.22976177254902946,60.186889423757606,13.669044494628906,15.708366394042969
2026-05-04T18:00:46.576Z,0.04982728495067369,0.21907428912612362,59.914480605423016,13.660438537597656,15.708366394042969
2026-05-04T18:00:46.871Z,0.029251792214133522,0.23753079501065338,61.40384989305853,13.654853820800781,15.708366394042969
2026-05-04T18:00:48.441Z,0.04304152080165934,0.21351218300135227,59.478403187931406,13.63824462890625,15.708366394042969
2026-05-04T18:00:48.932Z,0.04304152080165934,0.21351218300135227,58.36619024149827,13.680767059326172,15.708366394042969
2026-05-04T18:00:50.201Z,0.059033350614488556,0.19021534976640578,61.991448847357525,13.59051513671875,15.708366394042969
2026-05-04T18:00:51.691Z,0.0586868426121703,0.22766743231257167,60.9858964842432,13.660163879394531,15.708366394042969
2026-05-04T18:00:52.181Z,0.04197611953272964,0.24455243890935724,63.58822283414531,13.637989044189453,15.708366394042969
2026-05-04T18:00:53.628Z,0.04586344439212496,0.2634437327238826,60.01168144025287,13.686588287353516,15.708366394042969
2026-05-04T18:00:53.876Z,0.04579551727417482,0.26658452658289405,59.100067159167224,13.645503997802734,15.708366394042969
2026-05-04T18:00:55.661Z,0.05148405551082078,0.20266766484652077,59.19073689509785,13.62838363647461,15.708366394042969
2026-05-04T18:00:56.074Z,0.05148405551082078,0.20266766484652077,64.33514120067328,13.653709411621094,15.708366394042969
2026-05-04T18:00:57.406Z,0.04898640738253035,0.2053241923634798,59.52597357197791,13.781013488769531,15.708366394042969
2026-05-04T18:00:58.723Z,0.044085964653062526,0.19379802372144617,55.676179975403926,13.820850372314453,15.708366394042969
2026-05-04T18:00:59.230Z,0.041151990984926126,0.2530825020063041,55.48805184285136,13.829643249511719,15.708366394042969
2026-05-04T18:01:00.862Z,0.043370931968756965,0.23520169906933536,62.59837398373984,13.780624389648438,15.708366394042969
2026-05-04T18:01:01.204Z,0.01806747622606231,0.15182029910203887,66.14702986544143,13.74618148803711,15.708366394042969
2026-05-04T18:01:02.790Z,0.04473919418172735,0.211118086194008,62.435109289617486,13.726463317871094,15.708366394042969
2026-05-04T18:01:03.177Z,0.04455668282438102,0.18223103146878475,63.89627659574468,13.71142578125,15.708366394042969
2026-05-04T18:01:04.704Z,0.05124001010351943,0.21908978814812277,59.75097829953753,13.677249908447266,15.708366394042969
2026-05-04T18:01:05.179Z,0.08251413952704915,0.24188164226169695,62.08601828263151,13.682720184326172,15.708366394042969
2026-05-04T18:01:06.547Z,0.05900302216617859,0.24518713486933075,61.51786024833918,13.692398071289062,15.708366394042969
2026-05-04T18:01:06.862Z,0.03986541455546126,0.16628058192828973,63.049327354260086,13.665302276611328,15.708366394042969
2026-05-04T18:01:08.496Z,0.046354678166563676,0.22285985856855434,53.81992284375862,13.624637603759766,15.708366394042969
2026-05-04T18:01:08.890Z,0.046354678166563676,0.22285985856855434,57.09105038207486,13.658740997314453,15.708366394042969
2026-05-04T18:01:10.176Z,0.045872508167253585,0.2338596180443968,59.00155090749046,13.623497009277344,15.708366394042969
2026-05-04T18:01:11.594Z,0.030580835541805605,0.21104186923708432,60.31765082413186,13.677295684814453,15.708366394042969
2026-05-04T18:01:11.844Z,0.05477316239300896,0.22339820861816403,62.96084049665711,13.674678802490234,15.708366394042969
2026-05-04T18:01:13.416Z,0.037335766106364195,0.20652299378659753,57.6317372686414,13.646797180175781,15.708366394042969
2026-05-04T18:01:13.923Z,0.037335766106364195,0.20652299378659753,62.429659053293605,13.697601318359375,15.708366394042969
2026-05-04T18:01:15.178Z,0.05243643506889746,0.20219740247111528,59.95448338643605,13.644546508789062,15.708366394042969
2026-05-04T18:01:16.607Z,0.04807583897463566,0.28179985036118355,58.93438981042654,13.710472106933594,15.708366394042969
2026-05-04T18:01:16.851Z,0.04169810901988636,0.2878917347301136,64.27153632393808,13.705821990966797,15.708366394042969
2026-05-04T18:01:18.561Z,0.03424723800394365,0.23147290798805917,55.981193921133666,13.679206848144531,15.708366394042969
2026-05-04T18:01:20.185Z,0.0704896664191149,0.23380839182231242,56.27009646302251,13.74462890625,15.708366394042969
2026-05-04T18:01:21.805Z,0.05095545373169766,0.24001308527383122,52.340839681847164,13.747749328613281,15.708366394042969
2026-05-04T18:01:23.426Z,0.04785265241350446,0.21692064073350695,50.90410187856188,13.753227233886719,15.708366394042969
2026-05-04T18:01:24.994Z,0.041571367667225634,0.2383845619325793,52.455902306648575,13.741825103759766,15.708366394042969
2026-05-04T18:01:26.627Z,0.028104234286632855,0.1847866216215401,54.17964071856287,13.756168365478516,15.708366394042969
2026-05-04T18:01:28.183Z,0.044555784021533505,0.22421363014844978,52.539616635526954,13.758949279785156,15.708366394042969
2026-05-04T18:01:29.988Z,0.06143383331492713,0.22213219687475183,49.161508938141836,13.744884490966797,15.708366394042969
2026-05-04T18:01:31.685Z,0.05191697841253494,0.20288615194510123,58.22312745632405,13.753849029541016,15.708366394042969
2026-05-04T18:01:33.287Z,0.0461456674755335,0.2164418985025836,48.99408698086141,13.75149154663086,15.708366394042969
2026-05-04T18:01:35.083Z,0.055153560275813925,0.22040694687605206,49.54332349366209,13.750083923339844,15.708366394042969
2026-05-04T18:01:36.484Z,0.04312561721372873,0.2097041066328784,54.288252579785414,13.806865692138672,15.708366394042969
2026-05-04T18:01:36.707Z,0.09145215153694153,0.14800578355789185,52.27068345323741,13.788833618164062,15.708366394042969
2026-05-04T18:01:38.244Z,0.053838413194339706,0.22626444793269132,52.156195740760424,13.771408081054688,15.708366394042969
2026-05-04T18:01:39.842Z,0.06248006165295591,0.21994412519568884,49.01836827872019,13.770992279052734,15.708366394042969
2026-05-04T18:01:41.410Z,0.055313698676248746,0.224542941376429,54.7799952723466,13.765575408935547,15.708366394042969
2026-05-04T18:01:43.071Z,0.04653648910571462,0.25396340920822547,50.47248867810149,13.778186798095703,15.708366394042969
2026-05-04T18:01:44.445Z,0.0569186716920216,0.24842984307399646,54.53483112183354,13.850284576416016,15.708366394042969
2026-05-04T18:01:44.700Z,0.05950630870774562,0.2576108108698626,58.372692142550456,13.798362731933594,15.708366394042969
2026-05-04T18:01:46.471Z,0.0527866104978727,0.22187782949839988,58.25803294731692,13.833206176757812,15.708366394042969
2026-05-04T18:01:46.829Z,0.0527866104978727,0.22187782949839988,58.829787234042556,13.878181457519531,15.708366394042969
2026-05-04T18:01:48.008Z,0.05277781621275791,0.2312829389818734,57.79115230857093,13.829792022705078,15.708366394042969
2026-05-04T18:01:49.646Z,0.05656260593681578,0.2501032155030852,51.964684533780016,13.841461181640625,15.708366394042969
2026-05-04T18:01:51.272Z,0.05114470562023019,0.23593449563550312,56.91478746757135,13.84134292602539,15.708366394042969
2026-05-04T18:01:51.735Z,0.05114470562023019,0.23593449563550312,56.959642310860104,13.883453369140625,15.708366394042969
2026-05-04T18:01:52.900Z,0.042564084070809874,0.22289678917168088,56.236786469344615,13.84893798828125,15.708366394042969
2026-05-04T18:01:54.509Z,0.054094981562140536,0.24166926284509205,52.99755301794453,13.866119384765625,15.708366394042969
2026-05-04T18:01:56.115Z,0.05549874471787789,0.23461396421366068,52.34127928724453,13.867622375488281,15.708366394042969
2026-05-04T18:01:57.552Z,0.06321707924643716,0.2827983199458419,56.94978351474932,13.959030151367188,15.708366394042969
2026-05-04T18:01:57.830Z,0.05402498775058323,0.2840293778313531,62.83720052820223,13.95132827758789,15.708366394042969
2026-05-04T18:01:59.327Z,0.053110476782518484,0.22650995368549404,54.55512108115524,13.918956756591797,15.708366394042969
2026-05-04T18:02:01.170Z,0.05057929218679234,0.22710313233510573,55.12007389162562,13.925117492675781,15.708366394042969
2026-05-04T18:02:02.646Z,0.0394580992753446,0.23625630868903313,58.211923217401896,13.81961441040039,15.708366394042969
2026-05-04T18:02:03.092Z,0.033399183973133996,0.14508885445354655,63.747213845548714,13.79202651977539,15.708366394042969
2026-05-04T18:02:04.474Z,0.04466311890774251,0.22029625411404294,57.67997983217489,13.81100082397461,15.708366394042969
2026-05-04T18:02:04.707Z,0.07316661330888856,0.299072265625,61.279669762641895,13.790775299072266,15.708366394042969
2026-05-04T18:02:06.337Z,0.05386639567254817,0.21123943976985599,59.94495291152673,13.803089141845703,15.708366394042969
2026-05-04T18:02:07.897Z,0.049719955715431176,0.23000010379074792,55.88069780528981,13.796215057373047,15.708366394042969
2026-05-04T18:02:09.413Z,0.04377502062924537,0.20941741783998655,49.86017496056217,13.781883239746094,15.708366394042969
2026-05-04T18:02:11.056Z,0.038917134223999554,0.23919170055235492,53.15559470171753,13.808822631835938,15.708366394042969
2026-05-04T18:02:12.686Z,0.028489548483012633,0.23068086600597992,55.75687527620084,13.813426971435547,15.708366394042969
2026-05-04T18:02:14.596Z,0.03048295428039162,0.2073166476693123,49.70599492014892,13.807762145996094,15.708366394042969
2026-05-04T18:02:16.250Z,0.031028302187847003,0.23048807521761977,53.14155732475242,13.830585479736328,15.708366394042969
2026-05-04T18:02:17.823Z,0.029496121023435084,0.215800937232924,52.526459542505975,13.794288635253906,15.708366394042969
2026-05-04T18:03:02.456Z,0.22429003905976538,0.09805173033649325,41.89598943785131,13.761505126953125,15.708366394042969
2026-05-04T18:04:02.416Z,0.21036772928057315,0.048911582442054735,39.96086374718164,13.931053161621094,15.708366394042969
2026-05-04T18:05:02.422Z,0.19183953351448862,0.04575605426310929,38.62702656159401,13.781028747558594,15.708366394042969
2026-05-04T18:06:02.506Z,0.19844971597070668,0.048292478216616426,41.13283014589022,13.563796997070312,15.708366394042969
2026-05-04T18:07:03.169Z,0.19602875273603504,0.04832610848875958,45.93662790115751,13.784404754638672,15.708366394042969
2026-05-04T18:08:03.141Z,0.20128371668796913,0.0498165873761207,46.19352216268474,13.542343139648438,15.708366394042969
2026-05-04T18:09:03.213Z,0.2016903378909095,0.04904014964617289,44.48428520713191,13.675800323486328,15.708366394042969
2026-05-04T18:10:04.979Z,0.1816675001814158,0.04522548401955939,44.48276748948383,13.63045883178711,15.708366394042969
2026-05-04T18:11:03.186Z,0.1679846057580241,0.04362265405630307,43.43732538560042,13.567893981933594,15.708366394042969
2026-05-04T18:12:03.180Z,0.1696893969453175,0.046475361785275886,43.61824782974929,13.622432708740234,15.708366394042969
2026-05-04T18:13:03.186Z,0.16885127998041505,0.04618387033681196,43.676735705324596,13.740646362304688,15.708366394042969
2026-05-04T18:14:02.364Z,0.18183274446327294,0.045435182324659935,39.881119376419434,13.811180114746094,15.708366394042969
2026-05-04T18:54:23.048Z,0.22205402137167773,0.08047217517933004,24.626443300179673,14.47061538696289,15.708366394042969
2026-05-04T18:54:24.863Z,0.06875399404844036,0.1546125609459453,47.85382636870762,14.405651092529297,15.708366394042969
2026-05-04T18:54:26.426Z,0.07266068126355464,0.12276231412080067,49.84167937140847,14.383800506591797,15.708366394042969
2026-05-04T18:54:27.856Z,0.0683393131117193,0.12729081119141994,45.75518640434816,14.150276184082031,15.708366394042969
2026-05-04T18:54:29.379Z,0.07454926353633204,0.09455282153891878,40.29108327192336,14.057777404785156,15.708366394042969
2026-05-04T18:54:30.856Z,0.07634347869251058,0.10562084130281528,49.21978692111777,14.041194915771484,15.708366394042969
2026-05-04T18:54:32.261Z,0.07902817139362514,0.09770238247754046,43.73983739837398,14.014320373535156,15.708366394042969
2026-05-04T18:54:33.702Z,0.0661645231947387,0.09480438663461115,38.08826927520604,14.020729064941406,15.708366394042969
2026-05-04T18:54:35.130Z,0.08162856101989746,0.10553909384686014,44.6595385481148,14.04079818725586,15.708366394042969
2026-05-04T18:54:36.575Z,0.07405851641271868,0.08330657611205708,46.73614070429629,14.062259674072266,15.708366394042969
2026-05-04T18:54:37.976Z,0.07272666664097353,0.10532439368672786,36.12418399878548,14.05667495727539,15.708366394042969
2026-05-04T18:54:39.446Z,0.08097640628921253,0.09261363045463349,36.24009493549745,14.067699432373047,15.708366394042969
2026-05-04T18:54:40.854Z,0.08167291351253012,0.10467341420992539,44.22195227085701,14.077590942382812,15.708366394042969
2026-05-04T18:54:42.546Z,0.08707480881183347,0.10254754248644363,42.51813278779989,14.113494873046875,15.708366394042969
2026-05-04T18:54:44.041Z,0.059495127873180176,0.12935276201287788,55.12402088772846,14.246662139892578,15.708366394042969
2026-05-04T18:54:45.684Z,0.11837446041491677,0.11533691741812863,54.02079780653358,14.483688354492188,15.708366394042969
2026-05-04T18:54:47.425Z,0.08569900716888354,0.18243952099134164,53.26261863321402,14.59344482421875,15.708366394042969
2026-05-04T18:54:49.378Z,0.0802899821329925,0.1431420698004254,50.859370385683064,14.772247314453125,15.708366394042969
2026-05-04T18:54:50.962Z,0.07490637706734284,0.2337729024608233,56.024268606461035,14.833976745605469,15.708366394042969
2026-05-04T18:54:52.426Z,0.06968536774835499,0.10956685888098924,49.16520682135068,14.746368408203125,15.708366394042969
2026-05-04T18:54:53.836Z,0.067367766081001,0.09263383072950646,53.906845555724956,14.616901397705078,15.708366394042969
2026-05-04T18:54:55.224Z,0.07756103040202789,0.1046112807638921,45.395166557805354,14.559364318847656,15.708366394042969
2026-05-04T18:54:56.587Z,0.07069832309865814,0.07613660279199783,42.663032744795984,14.471912384033203,15.708366394042969
2026-05-04T18:54:58.541Z,0.07764684479962343,0.133767664466566,53.7806945927275,14.697418212890625,15.708366394042969
2026-05-04T18:55:00.008Z,0.06454752738267763,0.17731996429692404,51.38187525590282,14.706092834472656,15.708366394042969
2026-05-04T18:55:01.553Z,0.07518302978842892,0.10991032577391924,47.086403215003344,14.804805755615234,15.708366394042969
2026-05-04T18:55:03.139Z,0.08928390772585314,0.39793499209109345,47.14160662581644,14.828014373779297,15.708366394042969
2026-05-04T18:55:04.676Z,0.07414464711068296,0.3986229684686016,40.946977656370386,14.806522369384766,15.708366394042969
2026-05-04T18:55:06.436Z,0.08166419667013017,0.4636837517751504,44.06074975088479,14.842567443847656,15.708366394042969
2026-05-04T18:55:08.476Z,0.1299480451302848,0.21145569011970178,60.20127347291172,14.88418960571289,15.708366394042969
2026-05-04T18:55:10.535Z,0.09478193312308839,0.3024821109366311,61.17893831011671,15.079872131347656,15.708366394042969
2026-05-04T18:55:10.907Z,0.09478193312308839,0.3024821109366311,63.763801017243516,15.100326538085938,15.708366394042969
2026-05-04T18:55:12.410Z,0.03964718539356242,0.21493000845795884,60.58135145337863,15.06146240234375,15.708366394042969
2026-05-04T18:55:13.829Z,0.027384592076473264,0.3410922236594057,58.785465405674465,15.01812744140625,15.708366394042969
2026-05-04T18:55:14.255Z,0.04796998455054265,0.5159977218867597,63.286782061368996,15.049198150634766,15.708366394042969
2026-05-04T18:55:15.741Z,0.12858172927456402,0.19114062134246254,60.891938250428815,15.032939910888672,15.708366394042969
2026-05-04T18:55:16.286Z,0.08572503770295767,0.1349864717424356,66.0129116613549,15.081462860107422,15.708366394042969
2026-05-04T18:55:17.483Z,0.07715590639637432,0.10204028581695213,60.28565514386256,15.063850402832031,15.708366394042969
2026-05-04T18:55:17.859Z,0.07917570031207541,0.15429828477942426,54.929370217775165,15.053947448730469,15.708366394042969
2026-05-04T18:55:19.651Z,0.07609627857457367,0.24394837378914014,58.010500481530954,14.945465087890625,15.708366394042969
2026-05-04T18:55:21.239Z,0.09835712020654816,0.34013232315130193,48.88996808658249,14.874401092529297,15.708366394042969
2026-05-04T18:55:22.554Z,0.0762625486271862,0.31837887234157985,51.44176868917889,14.876197814941406,15.708366394042969
2026-05-04T18:55:23.165Z,0.054225710485254264,0.21806062367569476,58.738408233975335,14.904533386230469,15.708366394042969
2026-05-04T18:55:24.816Z,0.03984182335203764,0.2423641627776738,56.2511031358475,14.986431121826172,15.708366394042969
2026-05-04T18:55:26.341Z,0.03910809270577068,0.22065119845726,47.20151927762649,14.916816711425781,15.708366394042969
2026-05-04T18:55:27.876Z,0.02627441848533741,0.4312178520031754,47.07316185833303,14.913536071777344,15.708366394042969
2026-05-04T18:55:29.521Z,0.028283860948350694,0.5107806977771577,43.764442265947764,14.900497436523438,15.708366394042969
2026-05-04T18:55:31.073Z,0.06519053568798767,0.34926995653451887,47.96358409199809,14.811355590820312,15.708366394042969
2026-05-04T18:55:32.635Z,0.052684192248581334,0.37417225398752757,46.74303063759315,14.833881378173828,15.708366394042969
2026-05-04T18:55:34.156Z,0.034805267087874875,0.172631714933662,37.2827335729904,14.834171295166016,15.708366394042969
2026-05-04T18:55:35.657Z,0.02098210398863731,0.19285413953993058,43.33357658906809,14.788116455078125,15.708366394042969
2026-05-04T18:55:37.194Z,0.03469211790975587,0.2303053216243844,51.10304482661404,14.949405670166016,15.708366394042969
2026-05-04T18:55:38.719Z,0.030962832562335126,0.18859900437392196,46.89443213494389,14.974403381347656,15.708366394042969
2026-05-04T18:55:40.218Z,0.048485741326591614,0.17633774402692012,42.098558742174994,14.916244506835938,15.708366394042969
2026-05-04T18:55:41.775Z,0.06633225518967825,0.206314204818421,47.467147096227215,14.923500061035156,15.708366394042969
2026-05-04T18:55:43.222Z,0.06093511139664403,0.2345012384149619,43.82613926906302,14.879890441894531,15.708366394042969
2026-05-04T18:55:44.829Z,0.06268030390180554,0.2559878285091714,46.3901063432202,14.796218872070312,15.708366394042969
2026-05-04T18:55:46.403Z,0.05392470917144379,0.2756063040200766,54.72994510359482,14.452529907226562,15.708366394042969
2026-05-04T18:55:47.973Z,0.07188759352031507,0.3072719824941535,48.58048762710011,14.417781829833984,15.708366394042969
2026-05-04T18:55:49.574Z,0.01996862309058304,0.2461680975716437,47.13299940453256,14.428104400634766,15.708366394042969
2026-05-04T18:55:51.102Z,0.02340473266827479,0.1740552701014637,51.23285820441802,14.449115753173828,15.708366394042969
2026-05-04T18:55:52.356Z,0.01761680934196803,0.17503477529264883,54.0497880400469,14.480117797851562,15.708366394042969
2026-05-04T18:55:52.569Z,0.01808890589961299,0.13517450403284142,49.59037378392217,14.474407196044922,15.708366394042969
2026-05-04T18:55:54.086Z,0.02448284189114396,0.16006499684917988,50.899863220790444,14.400081634521484,15.708366394042969
2026-05-04T18:55:55.596Z,0.031013814170216637,0.1690925888502066,49.389367816091955,14.402057647705078,15.708366394042969
2026-05-04T18:55:57.030Z,0.023125019048156333,0.2579486385917917,49.6225795864785,14.420883178710938,15.708366394042969
2026-05-04T18:55:58.410Z,0.02675035512988424,0.17655611387283526,43.42115768463074,14.438861846923828,15.708366394042969
2026-05-04T18:55:59.832Z,0.023228540858615834,0.15254745213808524,45.54892089138664,14.43588638305664,15.708366394042969
2026-05-04T18:56:01.255Z,0.024834212723311846,0.1631436648068728,47.17527029084818,14.46010971069336,15.708366394042969
2026-05-04T18:56:02.637Z,0.02607213660688153,0.15953157408436713,45.94307310735798,14.435882568359375,15.708366394042969
